source_id,source_heading,source_table,source_row,source_cell,module_id,week_id,day_id,role,website_location,source_text,links
p0001,,,,,,,,course_introduction,/course/software-engineer,"SOFTWARE ENGINEER
TRAINING MANUAL",[]
p0002,,,,,,,,course_introduction,/course/software-engineer,JavaScript-first • AI-accelerated • 26 nedelja / 182 dana,[]
p0003,,,,,,,,course_introduction,/course/software-engineer,"Od “razumem tutorijal” do “sam razlažem, gradim, testiram i objašnjavam sistem”.",[]
p0004,,,,,,,,course_introduction,/course/software-engineer,"Period: 31. avgust 2026. – 28. februar 2027.
Pripremni setup: 26–30. avgust 2026.
Ažurirano prema zvaničnim kurikulumima provereno 25.08.2026.",[]
p0005,,1,1,1,,,,course_introduction,/course/software-engineer,"Glavni princip
Ne učiš da “pišeš JavaScript”. Učiš da rešavaš probleme. JavaScript je glavni trening-jezik; C/Python/SQL se uvode da dokažu da znanje nije vezano za sintaksu. AI ubrzava feedback, objašnjenja, testove i review — ali ne preuzima prvi pokušaj razmišljanja.",[]
p0008,Kako da koristiš ovaj priručnik,,,,,,,guide_content,/course/software-engineer/guide/how-to-study,Kako da koristiš ovaj priručnik,[]
p0009,Kako da koristiš ovaj priručnik,,,,,,,guide_content,/course/software-engineer/guide/how-to-study,"Prati dane redom. Ako preskočiš dan, nemoj “uhvatiti datum” tako što preskočiš gradivo; nastavi sledeći put od prvog nezavršenog dana.",[]
p0010,Kako da koristiš ovaj priručnik,,,,,,,guide_content,/course/software-engineer/guide/how-to-study,"Zadati vremenski okvir je minimum fokusiranog rada. Ako imaš više vremena, dodaj ga projektu ili problem-solvingu — ne dodaj nove kurseve.",[]
p0011,Kako da koristiš ovaj priručnik,,,,,,,guide_content,/course/software-engineer/guide/how-to-study,"Svaki dan mora da završi artefaktom: commitom, problem fajlom, testovima, README beleškom ili radnom funkcionalnošću.",[]
p0012,Kako da koristiš ovaj priručnik,,,,,,,guide_content,/course/software-engineer/guide/how-to-study,"Nedeljnim checkpointom proveravaš da li znanje postoji bez AI-a. Ako ne prođeš kriterijum, ponavljaš problematična 2–3 dana pre nastavka.",[]
p0013,Kako da koristiš ovaj priručnik,,,,,,,guide_content,/course/software-engineer/guide/how-to-study,Dokumentacija i pretraga sintakse su dozvoljene. Copy-paste gotovih rešenja i video “build along” projekti nisu.,[]
p0014,Kako da koristiš ovaj priručnik,,,,,,,guide_content,/course/software-engineer/guide/how-to-study,Tvoj dnevni operating system,[]
p0015,Kako da koristiš ovaj priručnik,2,1,1,,,,guide_content,/course/software-engineer/guide/how-to-study,Blok,[]
p0016,Kako da koristiš ovaj priručnik,2,1,2,,,,guide_content,/course/software-engineer/guide/how-to-study,Tipično vreme,[]
p0017,Kako da koristiš ovaj priručnik,2,1,3,,,,guide_content,/course/software-engineer/guide/how-to-study,Šta radiš,[]
p0018,Kako da koristiš ovaj priručnik,2,1,4,,,,guide_content,/course/software-engineer/guide/how-to-study,Pravilo,[]
p0019,Kako da koristiš ovaj priručnik,2,2,1,,,,guide_content,/course/software-engineer/guide/how-to-study,Recall,[]
p0020,Kako da koristiš ovaj priručnik,2,2,2,,,,guide_content,/course/software-engineer/guide/how-to-study,10–15 min,[]
p0021,Kako da koristiš ovaj priručnik,2,2,3,,,,guide_content,/course/software-engineer/guide/how-to-study,Bez gledanja napiši šta znaš od juče.,[]
p0022,Kako da koristiš ovaj priručnik,2,2,4,,,,guide_content,/course/software-engineer/guide/how-to-study,"Ako ne možeš da objasniš, još ne znaš.",[]
p0023,Kako da koristiš ovaj priručnik,2,3,1,,,,guide_content,/course/software-engineer/guide/how-to-study,Learn,[]
p0024,Kako da koristiš ovaj priručnik,2,3,2,,,,guide_content,/course/software-engineer/guide/how-to-study,20–40 min,[]
p0025,Kako da koristiš ovaj priručnik,2,3,3,,,,guide_content,/course/software-engineer/guide/how-to-study,Čitaj tačno navedeni resurs.,[]
p0026,Kako da koristiš ovaj priručnik,2,3,4,,,,guide_content,/course/software-engineer/guide/how-to-study,Bez binge gledanja.,[]
p0027,Kako da koristiš ovaj priručnik,2,4,1,,,,guide_content,/course/software-engineer/guide/how-to-study,Solve,[]
p0028,Kako da koristiš ovaj priručnik,2,4,2,,,,guide_content,/course/software-engineer/guide/how-to-study,40–60 min,[]
p0029,Kako da koristiš ovaj priručnik,2,4,3,,,,guide_content,/course/software-engineer/guide/how-to-study,Problemi/pseudocode/kod/testovi.,[]
p0030,Kako da koristiš ovaj priručnik,2,4,4,,,,guide_content,/course/software-engineer/guide/how-to-study,Prvi pokušaj bez rešenja.,[]
p0031,Kako da koristiš ovaj priručnik,2,5,1,,,,guide_content,/course/software-engineer/guide/how-to-study,Build,[]
p0032,Kako da koristiš ovaj priručnik,2,5,2,,,,guide_content,/course/software-engineer/guide/how-to-study,30–90 min,[]
p0033,Kako da koristiš ovaj priručnik,2,5,3,,,,guide_content,/course/software-engineer/guide/how-to-study,Primeni na projekat.,[]
p0034,Kako da koristiš ovaj priručnik,2,5,4,,,,guide_content,/course/software-engineer/guide/how-to-study,Dokumentacija da; tutorial solution ne.,[]
p0035,Kako da koristiš ovaj priručnik,2,6,1,,,,guide_content,/course/software-engineer/guide/how-to-study,Review,[]
p0036,Kako da koristiš ovaj priručnik,2,6,2,,,,guide_content,/course/software-engineer/guide/how-to-study,10–20 min,[]
p0037,Kako da koristiš ovaj priručnik,2,6,3,,,,guide_content,/course/software-engineer/guide/how-to-study,AI/code review + retro.,[]
p0038,Kako da koristiš ovaj priručnik,2,6,4,,,,guide_content,/course/software-engineer/guide/how-to-study,Ti odlučuješ koje izmene prihvataš.,[]
p0039,Kako da koristiš ovaj priručnik,,,,,,,guide_content,/course/software-engineer/guide/how-to-study,Problem-solving ritual za svaki zadatak,[]
p0040,Kako da koristiš ovaj priručnik,,,,,,,guide_content,/course/software-engineer/guide/how-to-study,Preformuliši problem svojim rečima.,[]
p0041,Kako da koristiš ovaj priručnik,,,,,,,guide_content,/course/software-engineer/guide/how-to-study,"Napiši input, output i constraints.",[]
p0042,Kako da koristiš ovaj priručnik,,,,,,,guide_content,/course/software-engineer/guide/how-to-study,Napravi 2–3 konkretna primera ručno.,[]
p0043,Kako da koristiš ovaj priručnik,,,,,,,guide_content,/course/software-engineer/guide/how-to-study,Napiši edge cases pre koda.,[]
p0044,Kako da koristiš ovaj priručnik,,,,,,,guide_content,/course/software-engineer/guide/how-to-study,Razbij problem na manje funkcije/korake.,[]
p0045,Kako da koristiš ovaj priručnik,,,,,,,guide_content,/course/software-engineer/guide/how-to-study,Napiši najjednostavnije korektno (brute-force) rešenje.,[]
p0046,Kako da koristiš ovaj priručnik,,,,,,,guide_content,/course/software-engineer/guide/how-to-study,Napiši pseudocode.,[]
p0047,Kako da koristiš ovaj priručnik,,,,,,,guide_content,/course/software-engineer/guide/how-to-study,Tek sada implementiraj.,[]
p0048,Kako da koristiš ovaj priručnik,,,,,,,guide_content,/course/software-engineer/guide/how-to-study,"Testiraj normalne, granične i nevalidne slučajeve.",[]
p0049,Kako da koristiš ovaj priručnik,,,,,,,guide_content,/course/software-engineer/guide/how-to-study,Debuguj sistematski: expected → actual → state → root cause.,[]
p0050,Kako da koristiš ovaj priručnik,,,,,,,guide_content,/course/software-engineer/guide/how-to-study,Proceni time/space complexity kada je relevantno.,[]
p0051,Kako da koristiš ovaj priručnik,,,,,,,guide_content,/course/software-engineer/guide/how-to-study,Refactor tek kada behavior radi i testovi su zeleni.,[]
p0052,Kako da koristiš ovaj priručnik,,,,,,,guide_content,/course/software-engineer/guide/how-to-study,Objasni rešenje bez gledanja u kod.,[]
p0053,AI protokol: maksimalna brzina bez gubitka mozga,,,,,,,guide_content,/course/software-engineer/guide/ai-protocol,AI protokol: maksimalna brzina bez gubitka mozga,[]
p0054,AI protokol: maksimalna brzina bez gubitka mozga,3,1,1,,,,guide_content,/course/software-engineer/guide/ai-protocol,"Pravilo 20/30 minuta
Za mali problem pokušavaj minimum 20 min; za ozbiljniji algoritam/projekatski bug 30 min. Pre AI-a moraš imati zapis šta si pokušao, šta očekuješ i gde tačno puca.",[]
p0056,AI protokol: maksimalna brzina bez gubitka mozga,4,1,1,,,,guide_content,/course/software-engineer/guide/ai-protocol,ZELENO — koristi odmah,[]
p0057,AI protokol: maksimalna brzina bez gubitka mozga,4,1,2,,,,guide_content,/course/software-engineer/guide/ai-protocol,ŽUTO — tek posle pokušaja,[]
p0058,AI protokol: maksimalna brzina bez gubitka mozga,4,1,3,,,,guide_content,/course/software-engineer/guide/ai-protocol,CRVENO — zabranjeno u trening delu,[]
p0059,AI protokol: maksimalna brzina bez gubitka mozga,4,2,1,,,,guide_content,/course/software-engineer/guide/ai-protocol,"Objasni koncept drugim rečima
Generiši kviz/test cases
Review mog koda
Postavi Socratic pitanja
Sažmi dokumentaciju koju sam pročitao
Predloži edge cases",[]
p0060,AI protokol: maksimalna brzina bez gubitka mozga,4,2,2,,,,guide_content,/course/software-engineer/guide/ai-protocol,"Daj Level 1/2 hint
Pomozi da protumačim error
Predloži arhitektonske opcije
Generiši boilerplate/config koji razumem
Pokaži idiomatskiju verziju POSLE moje",[]
p0061,AI protokol: maksimalna brzina bez gubitka mozga,4,2,3,,,,guide_content,/course/software-engineer/guide/ai-protocol,"Napiši mi ceo zadatak
Napravi projekat od nule umesto mene
Copy-paste solution sa tutorijala
AI solution pre mog pseudocode-a
Prihvatanje koda koji ne mogu objasniti",[]
p0062,AI protokol: maksimalna brzina bez gubitka mozga,,,,,,,guide_content,/course/software-engineer/guide/ai-protocol,Hint ladder,[]
p0063,AI protokol: maksimalna brzina bez gubitka mozga,,,,,,,guide_content,/course/software-engineer/guide/ai-protocol,Level 0: nema pomoći.,[]
p0064,AI protokol: maksimalna brzina bez gubitka mozga,,,,,,,guide_content,/course/software-engineer/guide/ai-protocol,Level 1: AI postavlja jedno pitanje koje te usmerava.,[]
p0065,AI protokol: maksimalna brzina bez gubitka mozga,,,,,,,guide_content,/course/software-engineer/guide/ai-protocol,Level 2: mali konceptualni hint.,[]
p0066,AI protokol: maksimalna brzina bez gubitka mozga,,,,,,,guide_content,/course/software-engineer/guide/ai-protocol,Level 3: kaže koji koncept/strukturu da razmotriš.,[]
p0067,AI protokol: maksimalna brzina bez gubitka mozga,,,,,,,guide_content,/course/software-engineer/guide/ai-protocol,Level 4: pseudocode bez koda.,[]
p0068,AI protokol: maksimalna brzina bez gubitka mozga,,,,,,,guide_content,/course/software-engineer/guide/ai-protocol,Level 5: solution — samo ako si iscrpeo prethodne nivoe; zatim zatvori solution i napiši ponovo od nule.,[]
p0069,AI protokol: maksimalna brzina bez gubitka mozga,,,,,,,guide_content,/course/software-engineer/guide/ai-protocol,Promptovi koje koristiš tokom svih 26 nedelja,[]
p0070,AI protokol: maksimalna brzina bez gubitka mozga,,,,,,,guide_content,/course/software-engineer/guide/ai-protocol,"Socratic tutor: “Učim [tema]. Nemoj mi dati odgovor. Postavljaj mi jedno pitanje po jedno da sam izvedem zaključak. Ako pogrešim, objasni samo tačno mesto greške.”",[]
p0071,AI protokol: maksimalna brzina bez gubitka mozga,,,,,,,guide_content,/course/software-engineer/guide/ai-protocol,"Problem trainer: “Daj mi jedan problem težine X/10 koji zahteva [koncepti]. Daj samo statement, examples i constraints. Ne govori koju tehniku treba koristiti.”",[]
p0072,AI protokol: maksimalna brzina bez gubitka mozga,,,,,,,guide_content,/course/software-engineer/guide/ai-protocol,"Code reviewer: “Reviewuj moj kod kao senior engineer. Prvo navedi correctness, edge cases, complexity, readability i design. Ne prepisuj kod; pusti mene da ga popravim.”",[]
p0073,AI protokol: maksimalna brzina bez gubitka mozga,,,,,,,guide_content,/course/software-engineer/guide/ai-protocol,"Debugger: “Ne popravljaj bug. Vodi me kroz debugging pitanjima: expected, actual, state, minimal reproduction. Jedno pitanje po poruci.”",[]
p0074,AI protokol: maksimalna brzina bez gubitka mozga,,,,,,,guide_content,/course/software-engineer/guide/ai-protocol,"Test engineer: “Na osnovu specifikacije generiši test matricu: happy path, boundaries, invalid input, state transitions. Ne piši implementaciju.”",[]
p0075,AI protokol: maksimalna brzina bez gubitka mozga,,,,,,,guide_content,/course/software-engineer/guide/ai-protocol,"Transfer trainer: “Daj mi novi problem koji koristi isti underlying koncept kao prethodni, ali potpuno drugi kontekst. Ne reci mi koji je koncept.”",[]
p0076,AI protokol: maksimalna brzina bez gubitka mozga,,,,,,,guide_content,/course/software-engineer/guide/ai-protocol,Explain-back: “Ja ću objasniti kako ovaj kod radi. Ispravljaj me samo kada pogrešim ili preskočim bitan korak.”,[]
p0077,AI protokol: maksimalna brzina bez gubitka mozga,,,,,,,guide_content,/course/software-engineer/guide/ai-protocol,"Interview mode: “Ponašaj se kao tehnički interviewer. Daj problem, ne pomaži osim kada postavim clarification pitanje. Oceni decomposition, correctness, tests, complexity i communication.”",[]
p0078,Besplatni resursi — tačno kada ih koristiš,,,,,,,guide_content,/resources,Besplatni resursi — tačno kada ih koristiš,[]
p0079,Besplatni resursi — tačno kada ih koristiš,5,1,1,,,,resource_catalog,/resources,Resurs,[]
p0080,Besplatni resursi — tačno kada ih koristiš,5,1,2,,,,resource_catalog,/resources,Link,[]
p0081,Besplatni resursi — tačno kada ih koristiš,5,1,3,,,,resource_catalog,/resources,Uloga u planu,[]
p0082,Besplatni resursi — tačno kada ih koristiš,5,2,1,,,,resource_catalog,/resources,The Odin Project — Foundations,[]
p0083,Besplatni resursi — tačno kada ih koristiš,5,2,2,,,,resource_catalog,/resources,Otvori,"[{""label"": ""Otvori"", ""url"": ""https://www.theodinproject.com/paths/foundations/courses/foundations"", ""anchor"": null}]"
p0084,Besplatni resursi — tačno kada ih koristiš,5,2,3,,,,resource_catalog,/resources,"Nedelje 1–6. Problem solving, errors, JS basics, DOM, Rock Paper Scissors, Etch-a-Sketch, Calculator.",[]
p0085,Besplatni resursi — tačno kada ih koristiš,5,3,1,,,,resource_catalog,/resources,The Odin Project — JavaScript,[]
p0086,Besplatni resursi — tačno kada ih koristiš,5,3,2,,,,resource_catalog,/resources,Otvori,"[{""label"": ""Otvori"", ""url"": ""https://www.theodinproject.com/paths/full-stack-javascript/courses/javascript"", ""anchor"": null}]"
p0087,Besplatni resursi — tačno kada ih koristiš,5,3,3,,,,resource_catalog,/resources,"Nedelje 7–12. Library, Tic Tac Toe, modules/npm/bundling, Todo, async/APIs/Weather, testing, recursion/complexity.",[]
p0088,Besplatni resursi — tačno kada ih koristiš,5,4,1,,,,resource_catalog,/resources,CS50x 2026,[]
p0089,Besplatni resursi — tačno kada ih koristiš,5,4,2,,,,resource_catalog,/resources,Otvori,"[{""label"": ""Otvori"", ""url"": ""https://cs50.harvard.edu/x/"", ""anchor"": null}]"
p0090,Besplatni resursi — tačno kada ih koristiš,5,4,3,,,,resource_catalog,/resources,"Nedelje 13–19. Computational thinking, C, arrays, algorithms, memory, data structures, Python, SQL.",[]
p0091,Besplatni resursi — tačno kada ih koristiš,5,5,1,,,,resource_catalog,/resources,CS50x Problem Sets,[]
p0092,Besplatni resursi — tačno kada ih koristiš,5,5,2,,,,resource_catalog,/resources,Otvori,"[{""label"": ""Otvori"", ""url"": ""https://cs50.harvard.edu/x/psets/"", ""anchor"": null}]"
p0093,Besplatni resursi — tačno kada ih koristiš,5,5,3,,,,resource_catalog,/resources,Koristi uz odgovarajuću CS50 nedelju; obavezno poštuj njihovu aktuelnu academic-honesty/AI politiku.,[]
p0094,Besplatni resursi — tačno kada ih koristiš,5,6,1,,,,resource_catalog,/resources,Full Stack Open,[]
p0095,Besplatni resursi — tačno kada ih koristiš,5,6,2,,,,resource_catalog,/resources,Otvori,"[{""label"": ""Otvori"", ""url"": ""https://fullstackopen.com/en/"", ""anchor"": null}]"
p0096,Besplatni resursi — tačno kada ih koristiš,5,6,3,,,,resource_catalog,/resources,"Nedelje 20–25. React, server communication, Node/Express, baze, testing, auth, end-to-end.",[]
p0097,Besplatni resursi — tačno kada ih koristiš,5,7,1,,,,resource_catalog,/resources,Exercism — JavaScript,[]
p0098,Besplatni resursi — tačno kada ih koristiš,5,7,2,,,,resource_catalog,/resources,Otvori,"[{""label"": ""Otvori"", ""url"": ""https://exercism.org/tracks/javascript"", ""anchor"": null}]"
p0099,Besplatni resursi — tačno kada ih koristiš,5,7,3,,,,resource_catalog,/resources,Od prve nedelje kao dopunski problem gym. Trenutni track ima 159 vežbi / 37 koncepata.,[]
p0100,Besplatni resursi — tačno kada ih koristiš,5,8,1,,,,resource_catalog,/resources,MDN JavaScript Guide,[]
p0101,Besplatni resursi — tačno kada ih koristiš,5,8,2,,,,resource_catalog,/resources,Otvori,"[{""label"": ""Otvori"", ""url"": ""https://developer.mozilla.org/en-US/docs/Web/JavaScript/Guide"", ""anchor"": null}]"
p0102,Besplatni resursi — tačno kada ih koristiš,5,8,3,,,,resource_catalog,/resources,Reference za preciznu JS semantiku i browser API-je.,[]
p0103,Besplatni resursi — tačno kada ih koristiš,5,9,1,,,,resource_catalog,/resources,javascript.info,[]
p0104,Besplatni resursi — tačno kada ih koristiš,5,9,2,,,,resource_catalog,/resources,Otvori,"[{""label"": ""Otvori"", ""url"": ""https://javascript.info/"", ""anchor"": null}]"
p0105,Besplatni resursi — tačno kada ih koristiš,5,9,3,,,,resource_catalog,/resources,Glavni čitljivi JS tutorial/reference: fundamentals → objects → advanced functions → promises/modules/browser.,[]
p0106,Besplatni resursi — tačno kada ih koristiš,5,10,1,,,,resource_catalog,/resources,React Learn,[]
p0107,Besplatni resursi — tačno kada ih koristiš,5,10,2,,,,resource_catalog,/resources,Otvori,"[{""label"": ""Otvori"", ""url"": ""https://react.dev/learn"", ""anchor"": null}]"
p0108,Besplatni resursi — tačno kada ih koristiš,5,10,3,,,,resource_catalog,/resources,Reference tokom FSO kada treba razjasniti React mental model.,[]
p0109,Besplatni resursi — tačno kada ih koristiš,5,11,1,,,,resource_catalog,/resources,Node.js Docs,[]
p0110,Besplatni resursi — tačno kada ih koristiš,5,11,2,,,,resource_catalog,/resources,Otvori,"[{""label"": ""Otvori"", ""url"": ""https://nodejs.org/docs/latest/api/"", ""anchor"": null}]"
p0111,Besplatni resursi — tačno kada ih koristiš,5,11,3,,,,resource_catalog,/resources,"Reference za Node API, ne kurs.",[]
p0112,Besplatni resursi — tačno kada ih koristiš,5,12,1,,,,resource_catalog,/resources,Pro Git,[]
p0113,Besplatni resursi — tačno kada ih koristiš,5,12,2,,,,resource_catalog,/resources,Otvori,"[{""label"": ""Otvori"", ""url"": ""https://git-scm.com/book/en/v2"", ""anchor"": null}]"
p0114,Besplatni resursi — tačno kada ih koristiš,5,12,3,,,,resource_catalog,/resources,Besplatna knjiga/reference za Git; koristi po potrebi.,[]
p0115,Besplatni resursi — tačno kada ih koristiš,5,13,1,,,,resource_catalog,/resources,PostgreSQL Tutorial,[]
p0116,Besplatni resursi — tačno kada ih koristiš,5,13,2,,,,resource_catalog,/resources,Otvori,"[{""label"": ""Otvori"", ""url"": ""https://www.postgresql.org/docs/current/tutorial.html"", ""anchor"": null}]"
p0117,Besplatni resursi — tačno kada ih koristiš,5,13,3,,,,resource_catalog,/resources,Reference za SQL/PostgreSQL tokom nedelje 19 i capstone-a ako biraš Postgres.,[]
p0118,Priprema pre Dana 1 — 26–30.08.2026,,,,,,,guide_content,/course/software-engineer/preparation,Priprema pre Dana 1 — 26–30.08.2026,[]
p0119,Priprema pre Dana 1 — 26–30.08.2026,,,,,,,preparation_task,/course/software-engineer/preparation,[ ] Instaliraj Git i proveri: git --version.,[]
p0120,Priprema pre Dana 1 — 26–30.08.2026,,,,,,,preparation_task,/course/software-engineer/preparation,"[ ] Instaliraj nvm/nvm-windows i zatim Node LTS; proveri node --version i npm --version. Koristi “LTS”, ne vezuj plan za jednu verziju.",[]
p0121,Priprema pre Dana 1 — 26–30.08.2026,,,,,,,preparation_task,/course/software-engineer/preparation,[ ] VS Code: uključi format on save samo ako razumeš šta menja; instaliraj minimalno ESLint kasnije kada dođe vreme.,[]
p0122,Priprema pre Dana 1 — 26–30.08.2026,,,,,,,preparation_task,/course/software-engineer/preparation,"[ ] Napravi Git repo programming-gym i foldere: problems, projects, notes, checkpoints.",[]
p0123,Priprema pre Dana 1 — 26–30.08.2026,,,,,,,preparation_task,/course/software-engineer/preparation,"[ ] Otvori naloge/bookmarkuj: Odin, CS50x, Exercism, Full Stack Open, MDN, javascript.info.",[]
p0124,Priprema pre Dana 1 — 26–30.08.2026,,,,,,,preparation_task,/course/software-engineer/preparation,[ ] Napravi LEARNING-RULES.md: “Nema solutiona pre pokušaja; svaki dan commit; svake nedelje AI-off checkpoint.”,[]
p0125,Priprema pre Dana 1 — 26–30.08.2026,,,,,,,preparation_task,/course/software-engineer/preparation,"[ ] Ne nastavljaj stari JS video-kurs. Ovaj program postaje primarni curriculum. Ako ti neka sintaksa nedostaje, koristi MDN/javascript.info ciljano.",[]
p0126,Priprema pre Dana 1 — 26–30.08.2026,6,1,1,,,,guide_content,/course/software-engineer/preparation,"Start
Zvanični Dan 1 je ponedeljak, 31.08.2026. Ako dokument otvoriš kasnije, zadrži redosled i pomeri datume; ne preskači sadržaj da bi “stigao kalendar”.",[]
p0128,Mapa 26 nedelja,,,,,,,guide_content,/course/software-engineer/roadmap,Mapa 26 nedelja,[]
p0129,Mapa 26 nedelja,7,1,1,,,,roadmap_cell,/course/software-engineer/roadmap,Nedelja,[]
p0130,Mapa 26 nedelja,7,1,2,,,,roadmap_cell,/course/software-engineer/roadmap,Datumi,[]
p0131,Mapa 26 nedelja,7,1,3,,,,roadmap_cell,/course/software-engineer/roadmap,Faza,[]
p0132,Mapa 26 nedelja,7,1,4,,,,roadmap_cell,/course/software-engineer/roadmap,Fokus,[]
p0133,Mapa 26 nedelja,7,1,5,,,,roadmap_cell,/course/software-engineer/roadmap,Glavni dokaz,[]
p0134,Mapa 26 nedelja,7,2,1,,,,roadmap_cell,/course/software-engineer/weeks/w01#roadmap,1,[]
p0135,Mapa 26 nedelja,7,2,2,,,,roadmap_cell,/course/software-engineer/weeks/w01#roadmap,31.08–06.09.2026,[]
p0136,Mapa 26 nedelja,7,2,3,,,,roadmap_cell,/course/software-engineer/weeks/w01#roadmap,F1 — JavaScript reset i logika,[]
p0137,Mapa 26 nedelja,7,2,4,,,,roadmap_cell,/course/software-engineer/weeks/w01#roadmap, Reset: ponovo nauči da misliš u koracima,[]
p0138,Mapa 26 nedelja,7,2,5,,,,roadmap_cell,/course/software-engineer/weeks/w01#roadmap,"Program radi iz terminala, ima najmanje 10 ručnih testova i čist commit history.",[]
p0139,Mapa 26 nedelja,7,3,1,,,,roadmap_cell,/course/software-engineer/weeks/w02#roadmap,2,[]
p0140,Mapa 26 nedelja,7,3,2,,,,roadmap_cell,/course/software-engineer/weeks/w02#roadmap,07.09–13.09.2026,[]
p0141,Mapa 26 nedelja,7,3,3,,,,roadmap_cell,/course/software-engineer/weeks/w02#roadmap,F1 — JavaScript reset i logika,[]
p0142,Mapa 26 nedelja,7,3,4,,,,roadmap_cell,/course/software-engineer/weeks/w02#roadmap," Funkcije, scope, debugging i stringovi",[]
p0143,Mapa 26 nedelja,7,3,5,,,,roadmap_cell,/course/software-engineer/weeks/w02#roadmap,"Program radi, README objašnjava algoritam i edge cases.",[]
p0144,Mapa 26 nedelja,7,4,1,,,,roadmap_cell,/course/software-engineer/weeks/w03#roadmap,3,[]
p0145,Mapa 26 nedelja,7,4,2,,,,roadmap_cell,/course/software-engineer/weeks/w03#roadmap,14.09–20.09.2026,[]
p0146,Mapa 26 nedelja,7,4,3,,,,roadmap_cell,/course/software-engineer/weeks/w03#roadmap,F1 — JavaScript reset i logika,[]
p0147,Mapa 26 nedelja,7,4,4,,,,roadmap_cell,/course/software-engineer/weeks/w03#roadmap," Arrays, objects i transformacija podataka",[]
p0148,Mapa 26 nedelja,7,4,5,,,,roadmap_cell,/course/software-engineer/weeks/w03#roadmap,"CLI ili funkcijski modul ima 5+ operacija, validation i README.",[]
p0149,Mapa 26 nedelja,7,5,1,,,,roadmap_cell,/course/software-engineer/weeks/w04#roadmap,4,[]
p0150,Mapa 26 nedelja,7,5,2,,,,roadmap_cell,/course/software-engineer/weeks/w04#roadmap,21.09–27.09.2026,[]
p0151,Mapa 26 nedelja,7,5,3,,,,roadmap_cell,/course/software-engineer/weeks/w04#roadmap,F1 — JavaScript reset i logika,[]
p0152,Mapa 26 nedelja,7,5,4,,,,roadmap_cell,/course/software-engineer/weeks/w04#roadmap," Higher-order functions, closures, modules i testabilan kod",[]
p0153,Mapa 26 nedelja,7,5,5,,,,roadmap_cell,/course/software-engineer/weeks/w04#roadmap,"20 testova, nema nelogičnih stanja, README sa invariantima.",[]
p0154,Mapa 26 nedelja,7,6,1,,,,roadmap_cell,/course/software-engineer/weeks/w05#roadmap,5,[]
p0155,Mapa 26 nedelja,7,6,2,,,,roadmap_cell,/course/software-engineer/weeks/w05#roadmap,28.09–04.10.2026,[]
p0156,Mapa 26 nedelja,7,6,3,,,,roadmap_cell,/course/software-engineer/weeks/w05#roadmap,F2 — Web kao laboratorija za logiku,[]
p0157,Mapa 26 nedelja,7,6,4,,,,roadmap_cell,/course/software-engineer/weeks/w05#roadmap," Browser, DOM, events + Odin Foundations projekti",[]
p0158,Mapa 26 nedelja,7,6,5,,,,roadmap_cell,/course/software-engineer/weeks/w05#roadmap,Projekat je deploy-ready kao statički sajt.,[]
p0159,Mapa 26 nedelja,7,7,1,,,,roadmap_cell,/course/software-engineer/weeks/w06#roadmap,6,[]
p0160,Mapa 26 nedelja,7,7,2,,,,roadmap_cell,/course/software-engineer/weeks/w06#roadmap,05.10–11.10.2026,[]
p0161,Mapa 26 nedelja,7,7,3,,,,roadmap_cell,/course/software-engineer/weeks/w06#roadmap,F2 — Web kao laboratorija za logiku,[]
p0162,Mapa 26 nedelja,7,7,4,,,,roadmap_cell,/course/software-engineer/weeks/w06#roadmap, Objects + Calculator + samostalni frontend,[]
p0163,Mapa 26 nedelja,7,7,5,,,,roadmap_cell,/course/software-engineer/weeks/w06#roadmap,Aplikacija radi i možeš dodati pitanje bez menjanja game logike.,[]
p0164,Mapa 26 nedelja,7,8,1,,,,roadmap_cell,/course/software-engineer/weeks/w07#roadmap,7,[]
p0165,Mapa 26 nedelja,7,8,2,,,,roadmap_cell,/course/software-engineer/weeks/w07#roadmap,12.10–18.10.2026,[]
p0166,Mapa 26 nedelja,7,8,3,,,,roadmap_cell,/course/software-engineer/weeks/w07#roadmap,F3 — Organizacija većeg JS koda,[]
p0167,Mapa 26 nedelja,7,8,4,,,,roadmap_cell,/course/software-engineer/weeks/w07#roadmap," Odin JavaScript: constructors, factories, Library",[]
p0168,Mapa 26 nedelja,7,8,5,,,,roadmap_cell,/course/software-engineer/weeks/w07#roadmap,Nema blocker/major komentara nakon tvoje popravke.,[]
p0169,Mapa 26 nedelja,7,9,1,,,,roadmap_cell,/course/software-engineer/weeks/w08#roadmap,8,[]
p0170,Mapa 26 nedelja,7,9,2,,,,roadmap_cell,/course/software-engineer/weeks/w08#roadmap,19.10–25.10.2026,[]
p0171,Mapa 26 nedelja,7,9,3,,,,roadmap_cell,/course/software-engineer/weeks/w08#roadmap,F3 — Organizacija većeg JS koda,[]
p0172,Mapa 26 nedelja,7,9,4,,,,roadmap_cell,/course/software-engineer/weeks/w08#roadmap," Tic-Tac-Toe, classes, modules, npm",[]
p0173,Mapa 26 nedelja,7,9,5,,,,roadmap_cell,/course/software-engineer/weeks/w08#roadmap,Igra ima stabilan state i nema illegal double-click ponašanje.,[]
p0174,Mapa 26 nedelja,7,10,1,,,,roadmap_cell,/course/software-engineer/weeks/w09#roadmap,9,[]
p0175,Mapa 26 nedelja,7,10,2,,,,roadmap_cell,/course/software-engineer/weeks/w09#roadmap,26.10–01.11.2026,[]
p0176,Mapa 26 nedelja,7,10,3,,,,roadmap_cell,/course/software-engineer/weeks/w09#roadmap,F3 — Organizacija većeg JS koda,[]
p0177,Mapa 26 nedelja,7,10,4,,,,roadmap_cell,/course/software-engineer/weeks/w09#roadmap, Tooling + Restaurant Page,[]
p0178,Mapa 26 nedelja,7,10,5,,,,roadmap_cell,/course/software-engineer/weeks/w09#roadmap,"Projekat je završen, ne beskonačno poliran.",[]
p0179,Mapa 26 nedelja,7,11,1,,,,roadmap_cell,/course/software-engineer/weeks/w10#roadmap,10,[]
p0180,Mapa 26 nedelja,7,11,2,,,,roadmap_cell,/course/software-engineer/weeks/w10#roadmap,02.11–08.11.2026,[]
p0181,Mapa 26 nedelja,7,11,3,,,,roadmap_cell,/course/software-engineer/weeks/w10#roadmap,F3 — Organizacija većeg JS koda,[]
p0182,Mapa 26 nedelja,7,11,4,,,,roadmap_cell,/course/software-engineer/weeks/w10#roadmap," Todo app: state, persistence, OOP principi, forms",[]
p0183,Mapa 26 nedelja,7,11,5,,,,roadmap_cell,/course/software-engineer/weeks/w10#roadmap,Projekat ima jasan folder structure i nema major bugova.,[]
p0184,Mapa 26 nedelja,7,12,1,,,,roadmap_cell,/course/software-engineer/weeks/w11#roadmap,11,[]
p0185,Mapa 26 nedelja,7,12,2,,,,roadmap_cell,/course/software-engineer/weeks/w11#roadmap,09.11–15.11.2026,[]
p0186,Mapa 26 nedelja,7,12,3,,,,roadmap_cell,/course/software-engineer/weeks/w11#roadmap,F3 — Organizacija većeg JS koda,[]
p0187,Mapa 26 nedelja,7,12,4,,,,roadmap_cell,/course/software-engineer/weeks/w11#roadmap," Async JavaScript, HTTP, APIs, Weather App",[]
p0188,Mapa 26 nedelja,7,12,5,,,,roadmap_cell,/course/software-engineer/weeks/w11#roadmap,App radi na valid/invalid lokaciji i nema unhandled promise rejection.,[]
p0189,Mapa 26 nedelja,7,13,1,,,,roadmap_cell,/course/software-engineer/weeks/w12#roadmap,12,[]
p0190,Mapa 26 nedelja,7,13,2,,,,roadmap_cell,/course/software-engineer/weeks/w12#roadmap,16.11–22.11.2026,[]
p0191,Mapa 26 nedelja,7,13,3,,,,roadmap_cell,/course/software-engineer/weeks/w12#roadmap,F3 — Organizacija većeg JS koda,[]
p0192,Mapa 26 nedelja,7,13,4,,,,roadmap_cell,/course/software-engineer/weeks/w12#roadmap," Testing, recursion, Big O i algoritamski ulaz",[]
p0193,Mapa 26 nedelja,7,13,5,,,,roadmap_cell,/course/software-engineer/weeks/w12#roadmap,"4 problem files sa planom, kodom, testovima, complexity.",[]
p0194,Mapa 26 nedelja,7,14,1,,,,roadmap_cell,/course/software-engineer/weeks/w13#roadmap,13,[]
p0195,Mapa 26 nedelja,7,14,2,,,,roadmap_cell,/course/software-engineer/weeks/w13#roadmap,23.11–29.11.2026,[]
p0196,Mapa 26 nedelja,7,14,3,,,,roadmap_cell,/course/software-engineer/weeks/w13#roadmap,F4 — Computer Science osnova,[]
p0197,Mapa 26 nedelja,7,14,4,,,,roadmap_cell,/course/software-engineer/weeks/w13#roadmap, CS50 Week 0–1: computational thinking + C,[]
p0198,Mapa 26 nedelja,7,14,5,,,,roadmap_cell,/course/software-engineer/weeks/w13#roadmap,"Možeš objasniti šta je jezik-specifično, a šta algoritamsko.",[]
p0199,Mapa 26 nedelja,7,15,1,,,,roadmap_cell,/course/software-engineer/weeks/w14#roadmap,14,[]
p0200,Mapa 26 nedelja,7,15,2,,,,roadmap_cell,/course/software-engineer/weeks/w14#roadmap,30.11–06.12.2026,[]
p0201,Mapa 26 nedelja,7,15,3,,,,roadmap_cell,/course/software-engineer/weeks/w14#roadmap,F4 — Computer Science osnova,[]
p0202,Mapa 26 nedelja,7,15,4,,,,roadmap_cell,/course/software-engineer/weeks/w14#roadmap," CS50 Week 2: arrays, strings, debugging",[]
p0203,Mapa 26 nedelja,7,15,5,,,,roadmap_cell,/course/software-engineer/weeks/w14#roadmap,Pset + JS transfer demonstriraju isti model razmišljanja.,[]
p0204,Mapa 26 nedelja,7,16,1,,,,roadmap_cell,/course/software-engineer/weeks/w15#roadmap,15,[]
p0205,Mapa 26 nedelja,7,16,2,,,,roadmap_cell,/course/software-engineer/weeks/w15#roadmap,07.12–13.12.2026,[]
p0206,Mapa 26 nedelja,7,16,3,,,,roadmap_cell,/course/software-engineer/weeks/w15#roadmap,F4 — Computer Science osnova,[]
p0207,Mapa 26 nedelja,7,16,4,,,,roadmap_cell,/course/software-engineer/weeks/w15#roadmap, CS50 Week 3: algoritmi,[]
p0208,Mapa 26 nedelja,7,16,5,,,,roadmap_cell,/course/software-engineer/weeks/w15#roadmap,Algorithm notebook ima 5 osnovnih algoritama.,[]
p0209,Mapa 26 nedelja,7,17,1,,,,roadmap_cell,/course/software-engineer/weeks/w16#roadmap,16,[]
p0210,Mapa 26 nedelja,7,17,2,,,,roadmap_cell,/course/software-engineer/weeks/w16#roadmap,14.12–20.12.2026,[]
p0211,Mapa 26 nedelja,7,17,3,,,,roadmap_cell,/course/software-engineer/weeks/w16#roadmap,F4 — Computer Science osnova,[]
p0212,Mapa 26 nedelja,7,17,4,,,,roadmap_cell,/course/software-engineer/weeks/w16#roadmap, CS50 Week 4: memory i pointers,[]
p0213,Mapa 26 nedelja,7,17,5,,,,roadmap_cell,/course/software-engineer/weeks/w16#roadmap,Povezao si C memory sa JS references/GC bez mešanja modela.,[]
p0214,Mapa 26 nedelja,7,18,1,,,,roadmap_cell,/course/software-engineer/weeks/w17#roadmap,17,[]
p0215,Mapa 26 nedelja,7,18,2,,,,roadmap_cell,/course/software-engineer/weeks/w17#roadmap,21.12–27.12.2026,[]
p0216,Mapa 26 nedelja,7,18,3,,,,roadmap_cell,/course/software-engineer/weeks/w17#roadmap,F4 — Computer Science osnova,[]
p0217,Mapa 26 nedelja,7,18,4,,,,roadmap_cell,/course/software-engineer/weeks/w17#roadmap, CS50 Week 5: data structures,[]
p0218,Mapa 26 nedelja,7,18,5,,,,roadmap_cell,/course/software-engineer/weeks/w17#roadmap,Tabela i working implementation.,[]
p0219,Mapa 26 nedelja,7,19,1,,,,roadmap_cell,/course/software-engineer/weeks/w18#roadmap,18,[]
p0220,Mapa 26 nedelja,7,19,2,,,,roadmap_cell,/course/software-engineer/weeks/w18#roadmap,28.12–03.01.2027,[]
p0221,Mapa 26 nedelja,7,19,3,,,,roadmap_cell,/course/software-engineer/weeks/w18#roadmap,F4 — Computer Science osnova,[]
p0222,Mapa 26 nedelja,7,19,4,,,,roadmap_cell,/course/software-engineer/weeks/w18#roadmap, CS50 Week 6: drugi jezik kao test znanja,[]
p0223,Mapa 26 nedelja,7,19,5,,,,roadmap_cell,/course/software-engineer/weeks/w18#roadmap,Bar jedan treći jezik ti više ne deluje kao “početak od nule”.,[]
p0224,Mapa 26 nedelja,7,20,1,,,,roadmap_cell,/course/software-engineer/weeks/w19#roadmap,19,[]
p0225,Mapa 26 nedelja,7,20,2,,,,roadmap_cell,/course/software-engineer/weeks/w19#roadmap,04.01–10.01.2027,[]
p0226,Mapa 26 nedelja,7,20,3,,,,roadmap_cell,/course/software-engineer/weeks/w19#roadmap,F4 — Computer Science osnova,[]
p0227,Mapa 26 nedelja,7,20,4,,,,roadmap_cell,/course/software-engineer/weeks/w19#roadmap, CS50 Week 7: SQL i data modeling,[]
p0228,Mapa 26 nedelja,7,20,5,,,,roadmap_cell,/course/software-engineer/weeks/w19#roadmap,Node čita/piše bazu i query je parameterized.,[]
p0229,Mapa 26 nedelja,7,21,1,,,,roadmap_cell,/course/software-engineer/weeks/w20#roadmap,20,[]
p0230,Mapa 26 nedelja,7,21,2,,,,roadmap_cell,/course/software-engineer/weeks/w20#roadmap,11.01–17.01.2027,[]
p0231,Mapa 26 nedelja,7,21,3,,,,roadmap_cell,/course/software-engineer/weeks/w20#roadmap,F5 — Moderni full stack,[]
p0232,Mapa 26 nedelja,7,21,4,,,,roadmap_cell,/course/software-engineer/weeks/w20#roadmap, Full Stack Open Part 0 + React početak,[]
p0233,Mapa 26 nedelja,7,21,5,,,,roadmap_cell,/course/software-engineer/weeks/w20#roadmap,Part1 core set završen u razumnoj meri i možeš objasniti svaki solution.,[]
p0234,Mapa 26 nedelja,7,22,1,,,,roadmap_cell,/course/software-engineer/weeks/w21#roadmap,21,[]
p0235,Mapa 26 nedelja,7,22,2,,,,roadmap_cell,/course/software-engineer/weeks/w21#roadmap,18.01–24.01.2027,[]
p0236,Mapa 26 nedelja,7,22,3,,,,roadmap_cell,/course/software-engineer/weeks/w21#roadmap,F5 — Moderni full stack,[]
p0237,Mapa 26 nedelja,7,22,4,,,,roadmap_cell,/course/software-engineer/weeks/w21#roadmap," React: state, forms, lifting state, mental model",[]
p0238,Mapa 26 nedelja,7,22,5,,,,roadmap_cell,/course/software-engineer/weeks/w21#roadmap,Projekat je čitljiv i stabilan.,[]
p0239,Mapa 26 nedelja,7,23,1,,,,roadmap_cell,/course/software-engineer/weeks/w22#roadmap,22,[]
p0240,Mapa 26 nedelja,7,23,2,,,,roadmap_cell,/course/software-engineer/weeks/w22#roadmap,25.01–31.01.2027,[]
p0241,Mapa 26 nedelja,7,23,3,,,,roadmap_cell,/course/software-engineer/weeks/w22#roadmap,F5 — Moderni full stack,[]
p0242,Mapa 26 nedelja,7,23,4,,,,roadmap_cell,/course/software-engineer/weeks/w22#roadmap," FSO Part 2: server communication, effects, services",[]
p0243,Mapa 26 nedelja,7,23,5,,,,roadmap_cell,/course/software-engineer/weeks/w22#roadmap,Part2 core završen u ciljnom opsegu.,[]
p0244,Mapa 26 nedelja,7,24,1,,,,roadmap_cell,/course/software-engineer/weeks/w23#roadmap,23,[]
p0245,Mapa 26 nedelja,7,24,2,,,,roadmap_cell,/course/software-engineer/weeks/w23#roadmap,01.02–07.02.2027,[]
p0246,Mapa 26 nedelja,7,24,3,,,,roadmap_cell,/course/software-engineer/weeks/w23#roadmap,F5 — Moderni full stack,[]
p0247,Mapa 26 nedelja,7,24,4,,,,roadmap_cell,/course/software-engineer/weeks/w23#roadmap," FSO Part 3: Node, Express, REST API",[]
p0248,Mapa 26 nedelja,7,24,5,,,,roadmap_cell,/course/software-engineer/weeks/w23#roadmap,API radi end-to-end.,[]
p0249,Mapa 26 nedelja,7,25,1,,,,roadmap_cell,/course/software-engineer/weeks/w24#roadmap,24,[]
p0250,Mapa 26 nedelja,7,25,2,,,,roadmap_cell,/course/software-engineer/weeks/w24#roadmap,08.02–14.02.2027,[]
p0251,Mapa 26 nedelja,7,25,3,,,,roadmap_cell,/course/software-engineer/weeks/w24#roadmap,F5 — Moderni full stack,[]
p0252,Mapa 26 nedelja,7,25,4,,,,roadmap_cell,/course/software-engineer/weeks/w24#roadmap," FSO Part 4: backend structure, testing, auth",[]
p0253,Mapa 26 nedelja,7,25,5,,,,roadmap_cell,/course/software-engineer/weeks/w24#roadmap,Core auth + tests stabilni.,[]
p0254,Mapa 26 nedelja,7,26,1,,,,roadmap_cell,/course/software-engineer/weeks/w25#roadmap,25,[]
p0255,Mapa 26 nedelja,7,26,2,,,,roadmap_cell,/course/software-engineer/weeks/w25#roadmap,15.02–21.02.2027,[]
p0256,Mapa 26 nedelja,7,26,3,,,,roadmap_cell,/course/software-engineer/weeks/w25#roadmap,F5 — Moderni full stack,[]
p0257,Mapa 26 nedelja,7,26,4,,,,roadmap_cell,/course/software-engineer/weeks/w25#roadmap," FSO Part 5: frontend auth, testing i kvalitet",[]
p0258,Mapa 26 nedelja,7,26,5,,,,roadmap_cell,/course/software-engineer/weeks/w25#roadmap,Repo može druga osoba da pokrene iz README-a.,[]
p0259,Mapa 26 nedelja,7,27,1,,,,roadmap_cell,/course/software-engineer/weeks/w26#roadmap,26,[]
p0260,Mapa 26 nedelja,7,27,2,,,,roadmap_cell,/course/software-engineer/weeks/w26#roadmap,22.02–28.02.2027,[]
p0261,Mapa 26 nedelja,7,27,3,,,,roadmap_cell,/course/software-engineer/weeks/w26#roadmap,F6 — Samostalni software engineer,[]
p0262,Mapa 26 nedelja,7,27,4,,,,roadmap_cell,/course/software-engineer/weeks/w26#roadmap, Capstone + završni test: DevTrack,[]
p0263,Mapa 26 nedelja,7,27,5,,,,roadmap_cell,/course/software-engineer/weeks/w26#roadmap,Capstone + finalni AI-off ispit,[]
p0265,Nedelja 1: Reset: ponovo nauči da misliš u koracima,,,,f1,w01,,week_context,/course/software-engineer/weeks/w01,Nedelja 1: Reset: ponovo nauči da misliš u koracima,[]
p0266,Nedelja 1: Reset: ponovo nauči da misliš u koracima,,,,f1,w01,,week_context,/course/software-engineer/weeks/w01,31.08.2026 – 06.09.2026  |  FAZA 1 — JavaScript reset i logika,[]
p0267,Nedelja 1: Reset: ponovo nauči da misliš u koracima,,,,f1,w01,,week_context,/course/software-engineer/weeks/w01,Cilj nedelje: Vratiti osnovnu sintaksu bez pasivnog gledanja i uspostaviti problem-solving ritual.,[]
p0268,Nedelja 1: Reset: ponovo nauči da misliš u koracima,,,,f1,w01,,week_context,/course/software-engineer/weeks/w01,"Primarni resursi: TOP Foundations, javascript.info, MDN, Exercism",[]
p0269,Nedelja 1: Reset: ponovo nauči da misliš u koracima,8,1,1,f1,w01,,week_context,/course/software-engineer/weeks/w01,"Faza signal
Ne ubrzavaj kroz osnove zato što ti deluju poznato. Test je da ih napišeš, ne da ih prepoznaš.",[]
p0271,Nedelja 1: Reset: ponovo nauči da misliš u koracima,9,1,1,f1,w01,d001,day_heading,/course/software-engineer/days/d001,DAN 1,[]
p0272,Nedelja 1: Reset: ponovo nauči da misliš u koracima,9,1,2,f1,w01,d001,day_title,/course/software-engineer/days/d001,31.08.2026 — Okruženje + baseline bez pomoći,[]
p0273,Nedelja 1: Reset: ponovo nauči da misliš u koracima,,,,f1,w01,d001,day_duration,/course/software-engineer/days/d001,Vreme: 120 min,[]
p0274,Nedelja 1: Reset: ponovo nauči da misliš u koracima,,,,f1,w01,d001,lesson_content,/course/software-engineer/days/d001/lessons/d001-learn#study,"Uči / pročitaj: Node preko nvm (install --lts), VS Code, terminal, Git; TOP Foundations: Problem Solving (samo pročitati, ne gledati rešenja).",[]
p0275,Nedelja 1: Reset: ponovo nauči da misliš u koracima,,,,f1,w01,d001,exercise_section,/course/software-engineer/days/d001/exercises/d001-practice,Uradi:,[]
p0276,Nedelja 1: Reset: ponovo nauči da misliš u koracima,,,,f1,w01,d001,exercise_task,/course/software-engineer/days/d001/exercises/d001-practice#d001-task-01,"Napravi folder/repo programming-gym sa problems/, projects/, notes/.",[]
p0277,Nedelja 1: Reset: ponovo nauči da misliš u koracima,,,,f1,w01,d001,exercise_task,/course/software-engineer/days/d001/exercises/d001-practice#d001-task-02,"Napiši iz glave program koji ispisuje brojeve 1–100; za deljive sa 3 “Fizz”, sa 5 “Buzz”, sa oba “FizzBuzz”.",[]
p0278,Nedelja 1: Reset: ponovo nauči da misliš u koracima,,,,f1,w01,d001,exercise_task,/course/software-engineer/days/d001/exercises/d001-practice#d001-task-03,Napiši funkciju sumTo(n) bez pretrage.,[]
p0279,Nedelja 1: Reset: ponovo nauči da misliš u koracima,,,,f1,w01,d001,exercise_task,/course/software-engineer/days/d001/exercises/d001-practice#d001-task-04,Zapiši 5 stvari kojih se sećaš o JS i 5 koje su ti nejasne.,[]
p0280,Nedelja 1: Reset: ponovo nauči da misliš u koracima,,,,f1,w01,d001,daily_ai_policy,/course/software-engineer/days/d001#ai-policy,"AI režim: AI je danas zabranjen dok ne završiš baseline. Posle toga: “Proceni moj baseline; ne prepisuj kod, navedi 3 najveće rupe.”",[]
p0281,Nedelja 1: Reset: ponovo nauči da misliš u koracima,,,,f1,w01,d001,daily_completion_criterion,/course/software-engineer/days/d001#completion,"Gotovo kada: Repo postoji, ima prvi commit i baseline radi.",[]
p0282,Nedelja 1: Reset: ponovo nauči da misliš u koracima,10,1,1,f1,w01,d002,day_heading,/course/software-engineer/days/d002,DAN 2,[]
p0283,Nedelja 1: Reset: ponovo nauči da misliš u koracima,10,1,2,f1,w01,d002,day_title,/course/software-engineer/days/d002,"01.09.2026 — Variables, types, operators",[]
p0284,Nedelja 1: Reset: ponovo nauči da misliš u koracima,,,,f1,w01,d002,day_duration,/course/software-engineer/days/d002,Vreme: 120 min,[]
p0285,Nedelja 1: Reset: ponovo nauči da misliš u koracima,,,,f1,w01,d002,lesson_content,/course/software-engineer/days/d002/lessons/d002-learn#study,"Uči / pročitaj: javascript.info Fundamentals: variables, data types, operators; MDN: Grammar and types.",[]
p0286,Nedelja 1: Reset: ponovo nauči da misliš u koracima,,,,f1,w01,d002,exercise_section,/course/software-engineer/days/d002/exercises/d002-practice,Uradi:,[]
p0287,Nedelja 1: Reset: ponovo nauči da misliš u koracima,,,,f1,w01,d002,exercise_task,/course/software-engineer/days/d002/exercises/d002-practice#d002-task-01,Napiši 12 malih izraza i pre pokretanja predvidi rezultat i tip.,[]
p0288,Nedelja 1: Reset: ponovo nauči da misliš u koracima,,,,f1,w01,d002,exercise_task,/course/software-engineer/days/d002/exercises/d002-practice#d002-task-02,"Implementiraj convertMinutesToSeconds, calculateBMI, calculateDiscount.",[]
p0289,Nedelja 1: Reset: ponovo nauči da misliš u koracima,,,,f1,w01,d002,exercise_task,/course/software-engineer/days/d002/exercises/d002-practice#d002-task-03,3 zadatka bez ternary operatora; zatim 1 prepiši sa ternary.,[]
p0290,Nedelja 1: Reset: ponovo nauči da misliš u koracima,,,,f1,w01,d002,daily_ai_policy,/course/software-engineer/days/d002#ai-policy,AI režim: Traži 5 “predict the output” pitanja. AI ne sme dati odgovor dok prvo ne odgovoriš ti.,[]
p0291,Nedelja 1: Reset: ponovo nauči da misliš u koracima,,,,f1,w01,d002,daily_completion_criterion,/course/software-engineer/days/d002#completion,"Gotovo kada: Možeš objasniti let/const, primitive vs reference na osnovnom nivou i rešiti 3 funkcije bez pomoći.",[]
p0292,Nedelja 1: Reset: ponovo nauči da misliš u koracima,11,1,1,f1,w01,d003,day_heading,/course/software-engineer/days/d003,DAN 3,[]
p0293,Nedelja 1: Reset: ponovo nauči da misliš u koracima,11,1,2,f1,w01,d003,day_title,/course/software-engineer/days/d003,02.09.2026 — Conditionals i boolean logika,[]
p0294,Nedelja 1: Reset: ponovo nauči da misliš u koracima,,,,f1,w01,d003,day_duration,/course/software-engineer/days/d003,Vreme: 120 min,[]
p0295,Nedelja 1: Reset: ponovo nauči da misliš u koracima,,,,f1,w01,d003,lesson_content,/course/software-engineer/days/d003/lessons/d003-learn#study,"Uči / pročitaj: javascript.info: comparisons, conditional branching, logical operators, ??; TOP Data Types and Conditionals.",[]
p0296,Nedelja 1: Reset: ponovo nauči da misliš u koracima,,,,f1,w01,d003,exercise_section,/course/software-engineer/days/d003/exercises/d003-practice,Uradi:,[]
p0297,Nedelja 1: Reset: ponovo nauči da misliš u koracima,,,,f1,w01,d003,exercise_task,/course/software-engineer/days/d003/exercises/d003-practice#d003-task-01,"Napravi classifyAge(age), grade(score), shippingPrice(country,total).",[]
p0298,Nedelja 1: Reset: ponovo nauči da misliš u koracima,,,,f1,w01,d003,exercise_task,/course/software-engineer/days/d003/exercises/d003-practice#d003-task-02,Napravi leapYear(year).,[]
p0299,Nedelja 1: Reset: ponovo nauči da misliš u koracima,,,,f1,w01,d003,exercise_task,/course/software-engineer/days/d003/exercises/d003-practice#d003-task-03,Napiši truth table za && i ||; zatim 6 predikata poput isEligible(user).,[]
p0300,Nedelja 1: Reset: ponovo nauči da misliš u koracima,,,,f1,w01,d003,daily_ai_policy,/course/software-engineer/days/d003#ai-policy,AI režim: Socratic mode: AI samo postavlja pitanje kada logika nije dobra.,[]
p0301,Nedelja 1: Reset: ponovo nauči da misliš u koracima,,,,f1,w01,d003,daily_completion_criterion,/course/software-engineer/days/d003#completion,"Gotovo kada: Svi test primeri, uključujući granice, prolaze.",[]
p0302,Nedelja 1: Reset: ponovo nauči da misliš u koracima,12,1,1,f1,w01,d004,day_heading,/course/software-engineer/days/d004,DAN 4,[]
p0303,Nedelja 1: Reset: ponovo nauči da misliš u koracima,12,1,2,f1,w01,d004,day_title,/course/software-engineer/days/d004,03.09.2026 — Loops,[]
p0304,Nedelja 1: Reset: ponovo nauči da misliš u koracima,,,,f1,w01,d004,day_duration,/course/software-engineer/days/d004,Vreme: 120 min,[]
p0305,Nedelja 1: Reset: ponovo nauči da misliš u koracima,,,,f1,w01,d004,lesson_content,/course/software-engineer/days/d004/lessons/d004-learn#study,Uči / pročitaj: javascript.info: while/for/switch; MDN Loops and iteration.,[]
p0306,Nedelja 1: Reset: ponovo nauči da misliš u koracima,,,,f1,w01,d004,exercise_section,/course/software-engineer/days/d004/exercises/d004-practice,Uradi:,[]
p0307,Nedelja 1: Reset: ponovo nauči da misliš u koracima,,,,f1,w01,d004,exercise_task,/course/software-engineer/days/d004/exercises/d004-practice#d004-task-01,"Napiši sumRange(a,b), factorial(n), countDigits(n).",[]
p0308,Nedelja 1: Reset: ponovo nauči da misliš u koracima,,,,f1,w01,d004,exercise_task,/course/software-engineer/days/d004/exercises/d004-practice#d004-task-02,Ispiši tablicu množenja 1–10.,[]
p0309,Nedelja 1: Reset: ponovo nauči da misliš u koracima,,,,f1,w01,d004,exercise_task,/course/software-engineer/days/d004/exercises/d004-practice#d004-task-03,Nađi najmanji i najveći broj u nizu bez Math.min/max i bez sort.,[]
p0310,Nedelja 1: Reset: ponovo nauči da misliš u koracima,,,,f1,w01,d004,daily_ai_policy,/course/software-engineer/days/d004#ai-policy,"AI režim: Ako zapneš, Level 1 hint = jedno pitanje; Level 2 = mali hint; rešenje nije dozvoljeno.",[]
p0311,Nedelja 1: Reset: ponovo nauči da misliš u koracima,,,,f1,w01,d004,daily_completion_criterion,/course/software-engineer/days/d004#completion,Gotovo kada: Možeš ručno da trasiraš petlju i objasniš svaku promenu promenljive.,[]
p0312,Nedelja 1: Reset: ponovo nauči da misliš u koracima,13,1,1,f1,w01,d005,day_heading,/course/software-engineer/days/d005,DAN 5,[]
p0313,Nedelja 1: Reset: ponovo nauči da misliš u koracima,13,1,2,f1,w01,d005,day_title,/course/software-engineer/days/d005,04.09.2026 — Functions i decomposition,[]
p0314,Nedelja 1: Reset: ponovo nauči da misliš u koracima,,,,f1,w01,d005,day_duration,/course/software-engineer/days/d005,Vreme: 120 min,[]
p0315,Nedelja 1: Reset: ponovo nauči da misliš u koracima,,,,f1,w01,d005,lesson_content,/course/software-engineer/days/d005/lessons/d005-learn#study,"Uči / pročitaj: javascript.info: functions, function expressions, arrow functions; MDN Functions.",[]
p0316,Nedelja 1: Reset: ponovo nauči da misliš u koracima,,,,f1,w01,d005,exercise_section,/course/software-engineer/days/d005/exercises/d005-practice,Uradi:,[]
p0317,Nedelja 1: Reset: ponovo nauči da misliš u koracima,,,,f1,w01,d005,exercise_task,/course/software-engineer/days/d005/exercises/d005-practice#d005-task-01,"Razbij “cena narudžbine” na 4 male funkcije: subtotal, discount, tax, total.",[]
p0318,Nedelja 1: Reset: ponovo nauči da misliš u koracima,,,,f1,w01,d005,exercise_task,/course/software-engineer/days/d005/exercises/d005-practice#d005-task-02,Napravi isPrime(n) i countPrimes(limit).,[]
p0319,Nedelja 1: Reset: ponovo nauči da misliš u koracima,,,,f1,w01,d005,exercise_task,/course/software-engineer/days/d005/exercises/d005-practice#d005-task-03,Prepiši jednu veliku funkciju od 25+ linija u 4–6 malih funkcija.,[]
p0320,Nedelja 1: Reset: ponovo nauči da misliš u koracima,,,,f1,w01,d005,daily_ai_policy,/course/software-engineer/days/d005#ai-policy,"AI režim: AI reviewer: samo SRP, naming, edge cases; bez rewritten solution.",[]
p0321,Nedelja 1: Reset: ponovo nauči da misliš u koracima,,,,f1,w01,d005,daily_completion_criterion,/course/software-engineer/days/d005#completion,Gotovo kada: Svaka funkcija ima jednu jasnu odgovornost i možeš objasniti input/output.,[]
p0322,Nedelja 1: Reset: ponovo nauči da misliš u koracima,14,1,1,f1,w01,d006,day_heading,/course/software-engineer/days/d006,DAN 6,[]
p0323,Nedelja 1: Reset: ponovo nauči da misliš u koracima,14,1,2,f1,w01,d006,day_title,/course/software-engineer/days/d006,05.09.2026 — Mini-projekat: Number Toolkit,[]
p0324,Nedelja 1: Reset: ponovo nauči da misliš u koracima,,,,f1,w01,d006,day_duration,/course/software-engineer/days/d006,Vreme: 180 min,[]
p0325,Nedelja 1: Reset: ponovo nauči da misliš u koracima,,,,f1,w01,d006,lesson_content,/course/software-engineer/days/d006/lessons/d006-learn#study,Uči / pročitaj: Bez nove teorije. Koristi samo ono iz dana 1–5.,[]
p0326,Nedelja 1: Reset: ponovo nauči da misliš u koracima,,,,f1,w01,d006,exercise_section,/course/software-engineer/days/d006/exercises/d006-practice,Uradi:,[]
p0327,Nedelja 1: Reset: ponovo nauči da misliš u koracima,,,,f1,w01,d006,exercise_task,/course/software-engineer/days/d006/exercises/d006-practice#d006-task-01,"CLI/Node program: korisnik dobije statistiku za niz brojeva: min, max, suma, prosek, broj parnih/neparnih.",[]
p0328,Nedelja 1: Reset: ponovo nauči da misliš u koracima,,,,f1,w01,d006,exercise_task,/course/software-engineer/days/d006/exercises/d006-practice#d006-task-02,Dodaj validaciju praznog niza i nebrojčanih vrednosti.,[]
p0329,Nedelja 1: Reset: ponovo nauči da misliš u koracima,,,,f1,w01,d006,exercise_task,/course/software-engineer/days/d006/exercises/d006-practice#d006-task-03,"Napravi README: problem, plan, pseudocode, edge cases.",[]
p0330,Nedelja 1: Reset: ponovo nauči da misliš u koracima,,,,f1,w01,d006,daily_ai_policy,/course/software-engineer/days/d006#ai-policy,AI režim: AI sme samo da generiše test slučajeve i review posle tvoje verzije.,[]
p0331,Nedelja 1: Reset: ponovo nauči da misliš u koracima,,,,f1,w01,d006,daily_completion_criterion,/course/software-engineer/days/d006#completion,"Gotovo kada: Program radi iz terminala, ima najmanje 10 ručnih testova i čist commit history.",[]
p0332,Nedelja 1: Reset: ponovo nauči da misliš u koracima,15,1,1,f1,w01,d007,day_heading,/course/software-engineer/days/d007,DAN 7,[]
p0333,Nedelja 1: Reset: ponovo nauči da misliš u koracima,15,1,2,f1,w01,d007,day_title,/course/software-engineer/days/d007,06.09.2026 — Nedeljni checkpoint 1 — AI OFF,[]
p0334,Nedelja 1: Reset: ponovo nauči da misliš u koracima,,,,f1,w01,d007,day_duration,/course/software-engineer/days/d007,Vreme: 75 min,[]
p0335,Nedelja 1: Reset: ponovo nauči da misliš u koracima,,,,f1,w01,d007,lesson_content,/course/software-engineer/days/d007/lessons/d007-learn#study,"Uči / pročitaj: Ponovi svoje notes, bez novih resursa.",[]
p0336,Nedelja 1: Reset: ponovo nauči da misliš u koracima,,,,f1,w01,d007,exercise_section,/course/software-engineer/days/d007/exercises/d007-practice,Uradi:,[]
p0337,Nedelja 1: Reset: ponovo nauči da misliš u koracima,,,,f1,w01,d007,exercise_task,/course/software-engineer/days/d007/exercises/d007-practice#d007-task-01,"45 min bez AI: isPrime, reverseNumber i findMax od nule.",[]
p0338,Nedelja 1: Reset: ponovo nauči da misliš u koracima,,,,f1,w01,d007,exercise_task,/course/software-engineer/days/d007/exercises/d007-practice#d007-task-02,"Objasni naglas: variable, condition, loop, function, return.",[]
p0339,Nedelja 1: Reset: ponovo nauči da misliš u koracima,,,,f1,w01,d007,exercise_task,/course/software-engineer/days/d007/exercises/d007-practice#d007-task-03,Pregledaj git diff i napiši WEEK-01-RETRO.md: šta znaš / gde grešiš / šta ponavljaš.,[]
p0340,Nedelja 1: Reset: ponovo nauči da misliš u koracima,,,,f1,w01,d007,daily_ai_policy,/course/software-engineer/days/d007#ai-policy,AI režim: AI tek na kraju: napravi kviz od 10 pitanja iz mojih grešaka.,[]
p0341,Nedelja 1: Reset: ponovo nauči da misliš u koracima,,,,f1,w01,d007,daily_completion_criterion,/course/software-engineer/days/d007#completion,Gotovo kada: Najmanje 7/10 na sopstvenom kvizu i sva 3 zadatka rešena. Ako ne: ponovi dane 3–5 pre nedelje 2.,[]
p0343,"Nedelja 2: Funkcije, scope, debugging i stringovi",,,,f1,w02,,week_context,/course/software-engineer/weeks/w02,"Nedelja 2: Funkcije, scope, debugging i stringovi",[]
p0344,"Nedelja 2: Funkcije, scope, debugging i stringovi",,,,f1,w02,,week_context,/course/software-engineer/weeks/w02,07.09.2026 – 13.09.2026  |  FAZA 1 — JavaScript reset i logika,[]
p0345,"Nedelja 2: Funkcije, scope, debugging i stringovi",,,,f1,w02,,week_context,/course/software-engineer/weeks/w02,Cilj nedelje: Prestati da “pogađaš kod” i naučiti kontrolisan debugging i rad sa tekstom.,[]
p0346,"Nedelja 2: Funkcije, scope, debugging i stringovi",,,,f1,w02,,week_context,/course/software-engineer/weeks/w02,"Primarni resursi: TOP Errors/Problem Solving, javascript.info, MDN",[]
p0347,"Nedelja 2: Funkcije, scope, debugging i stringovi",16,1,1,f1,w02,d008,day_heading,/course/software-engineer/days/d008,DAN 8,[]
p0348,"Nedelja 2: Funkcije, scope, debugging i stringovi",16,1,2,f1,w02,d008,day_title,/course/software-engineer/days/d008,"07.09.2026 — Scope, call stack intuicija",[]
p0349,"Nedelja 2: Funkcije, scope, debugging i stringovi",,,,f1,w02,d008,day_duration,/course/software-engineer/days/d008,Vreme: 120 min,[]
p0350,"Nedelja 2: Funkcije, scope, debugging i stringovi",,,,f1,w02,d008,lesson_content,/course/software-engineer/days/d008/lessons/d008-learn#study,"Uči / pročitaj: javascript.info: variable scope/closure (prvi deo), TOP Function Basics.",[]
p0351,"Nedelja 2: Funkcije, scope, debugging i stringovi",,,,f1,w02,d008,exercise_section,/course/software-engineer/days/d008/exercises/d008-practice,Uradi:,[]
p0352,"Nedelja 2: Funkcije, scope, debugging i stringovi",,,,f1,w02,d008,exercise_task,/course/software-engineer/days/d008/exercises/d008-practice#d008-task-01,Napravi global/local scope eksperimente i predvidi output pre run-a.,[]
p0353,"Nedelja 2: Funkcije, scope, debugging i stringovi",,,,f1,w02,d008,exercise_task,/course/software-engineer/days/d008/exercises/d008-practice#d008-task-02,Napiši makeCounter bez klase; objasni zašto stanje ostaje dostupno.,[]
p0354,"Nedelja 2: Funkcije, scope, debugging i stringovi",,,,f1,w02,d008,exercise_task,/course/software-engineer/days/d008/exercises/d008-practice#d008-task-03,Nacrtaj call stack za factorial(4).,[]
p0355,"Nedelja 2: Funkcije, scope, debugging i stringovi",,,,f1,w02,d008,daily_ai_policy,/course/software-engineer/days/d008#ai-policy,"AI režim: AI profesor: proverava tvoje objašnjenje call stack-a, ne daje svoje dok ti ne pokušaš.",[]
p0356,"Nedelja 2: Funkcije, scope, debugging i stringovi",,,,f1,w02,d008,daily_completion_criterion,/course/software-engineer/days/d008#completion,Gotovo kada: Možeš objasniti scope i nacrtati stack za 3 ugnježdene funkcije.,[]
p0357,"Nedelja 2: Funkcije, scope, debugging i stringovi",17,1,1,f1,w02,d009,day_heading,/course/software-engineer/days/d009,DAN 9,[]
p0358,"Nedelja 2: Funkcije, scope, debugging i stringovi",17,1,2,f1,w02,d009,day_title,/course/software-engineer/days/d009,08.09.2026 — Strings,[]
p0359,"Nedelja 2: Funkcije, scope, debugging i stringovi",,,,f1,w02,d009,day_duration,/course/software-engineer/days/d009,Vreme: 120 min,[]
p0360,"Nedelja 2: Funkcije, scope, debugging i stringovi",,,,f1,w02,d009,lesson_content,/course/software-engineer/days/d009/lessons/d009-learn#study,Uči / pročitaj: MDN Numbers and strings; javascript.info Strings.,[]
p0361,"Nedelja 2: Funkcije, scope, debugging i stringovi",,,,f1,w02,d009,exercise_section,/course/software-engineer/days/d009/exercises/d009-practice,Uradi:,[]
p0362,"Nedelja 2: Funkcije, scope, debugging i stringovi",,,,f1,w02,d009,exercise_task,/course/software-engineer/days/d009/exercises/d009-practice#d009-task-01,reverseString bez reverse(); countVowels; isPalindrome ignorisanjem razmaka i case-a.,[]
p0363,"Nedelja 2: Funkcije, scope, debugging i stringovi",,,,f1,w02,d009,exercise_task,/course/software-engineer/days/d009/exercises/d009-practice#d009-task-02,wordFrequency(sentence) vraća object/map.,[]
p0364,"Nedelja 2: Funkcije, scope, debugging i stringovi",,,,f1,w02,d009,exercise_task,/course/software-engineer/days/d009/exercises/d009-practice#d009-task-03,Najduža reč u rečenici bez sort.,[]
p0365,"Nedelja 2: Funkcije, scope, debugging i stringovi",,,,f1,w02,d009,daily_ai_policy,/course/software-engineer/days/d009#ai-policy,"AI režim: AI može generisati edge caseove: prazno, punctuation, Unicode; ti odlučuješ šta podržavaš.",[]
p0366,"Nedelja 2: Funkcije, scope, debugging i stringovi",,,,f1,w02,d009,daily_completion_criterion,/course/software-engineer/days/d009#completion,Gotovo kada: 5 funkcija prolaze sopstvene testove.,[]
p0367,"Nedelja 2: Funkcije, scope, debugging i stringovi",18,1,1,f1,w02,d010,day_heading,/course/software-engineer/days/d010,DAN 10,[]
p0368,"Nedelja 2: Funkcije, scope, debugging i stringovi",18,1,2,f1,w02,d010,day_title,/course/software-engineer/days/d010,09.09.2026 — Debugging kao skill,[]
p0369,"Nedelja 2: Funkcije, scope, debugging i stringovi",,,,f1,w02,d010,day_duration,/course/software-engineer/days/d010,Vreme: 120 min,[]
p0370,"Nedelja 2: Funkcije, scope, debugging i stringovi",,,,f1,w02,d010,lesson_content,/course/software-engineer/days/d010/lessons/d010-learn#study,Uči / pročitaj: TOP Understanding Errors; javascript.info Debugging in the browser.,[]
p0371,"Nedelja 2: Funkcije, scope, debugging i stringovi",,,,f1,w02,d010,exercise_section,/course/software-engineer/days/d010/exercises/d010-practice,Uradi:,[]
p0372,"Nedelja 2: Funkcije, scope, debugging i stringovi",,,,f1,w02,d010,exercise_task,/course/software-engineer/days/d010/exercises/d010-practice#d010-task-01,Uzmi 3 jučerašnje funkcije i namerno ubaci 5 bugova.,[]
p0373,"Nedelja 2: Funkcije, scope, debugging i stringovi",,,,f1,w02,d010,exercise_task,/course/software-engineer/days/d010/exercises/d010-practice#d010-task-02,"Nađi bugove pomoću debugger/breakpoint, ne console.log samo.",[]
p0374,"Nedelja 2: Funkcije, scope, debugging i stringovi",,,,f1,w02,d010,exercise_task,/course/software-engineer/days/d010/exercises/d010-practice#d010-task-03,"Napiši bug report: expected, actual, minimal reproduction, root cause, fix.",[]
p0375,"Nedelja 2: Funkcije, scope, debugging i stringovi",,,,f1,w02,d010,daily_ai_policy,/course/software-engineer/days/d010#ai-policy,AI režim: AI “rubber duck”: postavlja pitanja o stanju promenljivih. Ne sme direktno locirati bug.,[]
p0376,"Nedelja 2: Funkcije, scope, debugging i stringovi",,,,f1,w02,d010,daily_completion_criterion,/course/software-engineer/days/d010#completion,Gotovo kada: Imaš 3 kratka bug reporta i možeš koristiti breakpoint/step over/step into.,[]
p0377,"Nedelja 2: Funkcije, scope, debugging i stringovi",19,1,1,f1,w02,d011,day_heading,/course/software-engineer/days/d011,DAN 11,[]
p0378,"Nedelja 2: Funkcije, scope, debugging i stringovi",19,1,2,f1,w02,d011,day_title,/course/software-engineer/days/d011,10.09.2026 — Error handling i defensive programming,[]
p0379,"Nedelja 2: Funkcije, scope, debugging i stringovi",,,,f1,w02,d011,day_duration,/course/software-engineer/days/d011,Vreme: 120 min,[]
p0380,"Nedelja 2: Funkcije, scope, debugging i stringovi",,,,f1,w02,d011,lesson_content,/course/software-engineer/days/d011/lessons/d011-learn#study,Uči / pročitaj: MDN Control flow and error handling; javascript.info Error handling basics.,[]
p0381,"Nedelja 2: Funkcije, scope, debugging i stringovi",,,,f1,w02,d011,exercise_section,/course/software-engineer/days/d011/exercises/d011-practice,Uradi:,[]
p0382,"Nedelja 2: Funkcije, scope, debugging i stringovi",,,,f1,w02,d011,exercise_task,/course/software-engineer/days/d011/exercises/d011-practice#d011-task-01,Napravi parseAge(input) sa validacijom.,[]
p0383,"Nedelja 2: Funkcije, scope, debugging i stringovi",,,,f1,w02,d011,exercise_task,/course/software-engineer/days/d011/exercises/d011-practice#d011-task-02,"safeDivide(a,b) sa jasnom greškom za b=0.",[]
p0384,"Nedelja 2: Funkcije, scope, debugging i stringovi",,,,f1,w02,d011,exercise_task,/course/software-engineer/days/d011/exercises/d011-practice#d011-task-03,Program koji parsira JSON string i vraća kontrolisanu grešku.,[]
p0385,"Nedelja 2: Funkcije, scope, debugging i stringovi",,,,f1,w02,d011,daily_ai_policy,/course/software-engineer/days/d011#ai-policy,AI režim: AI generiše “hostile inputs”; ti popravljaš program.,[]
p0386,"Nedelja 2: Funkcije, scope, debugging i stringovi",,,,f1,w02,d011,daily_completion_criterion,/course/software-engineer/days/d011#completion,Gotovo kada: Program ne pada nekontrolisano na 10 loših inputa.,[]
p0387,"Nedelja 2: Funkcije, scope, debugging i stringovi",20,1,1,f1,w02,d012,day_heading,/course/software-engineer/days/d012,DAN 12,[]
p0388,"Nedelja 2: Funkcije, scope, debugging i stringovi",20,1,2,f1,w02,d012,day_title,/course/software-engineer/days/d012,11.09.2026 — Problem decomposition drill,[]
p0389,"Nedelja 2: Funkcije, scope, debugging i stringovi",,,,f1,w02,d012,day_duration,/course/software-engineer/days/d012,Vreme: 120 min,[]
p0390,"Nedelja 2: Funkcije, scope, debugging i stringovi",,,,f1,w02,d012,lesson_content,/course/software-engineer/days/d012/lessons/d012-learn#study,Uči / pročitaj: TOP Problem Solving. Ne čitaj solutione.,[]
p0391,"Nedelja 2: Funkcije, scope, debugging i stringovi",,,,f1,w02,d012,exercise_section,/course/software-engineer/days/d012/exercises/d012-practice,Uradi:,[]
p0392,"Nedelja 2: Funkcije, scope, debugging i stringovi",,,,f1,w02,d012,exercise_task,/course/software-engineer/days/d012/exercises/d012-practice#d012-task-01,"Problem: parking garaža — izračunaj cenu prema satima, vikendu i izgubljenoj karti.",[]
p0393,"Nedelja 2: Funkcije, scope, debugging i stringovi",,,,f1,w02,d012,exercise_task,/course/software-engineer/days/d012/exercises/d012-practice#d012-task-02,Pre koda napiši input/output/examples/edge cases/pseudocode.,[]
p0394,"Nedelja 2: Funkcije, scope, debugging i stringovi",,,,f1,w02,d012,exercise_task,/course/software-engineer/days/d012/exercises/d012-practice#d012-task-03,Implementiraj tek kada plan stane na jednu stranu.,[]
p0395,"Nedelja 2: Funkcije, scope, debugging i stringovi",,,,f1,w02,d012,daily_ai_policy,/course/software-engineer/days/d012#ai-policy,AI režim: AI arhitekta samo kritikuje plan pre implementacije.,[]
p0396,"Nedelja 2: Funkcije, scope, debugging i stringovi",,,,f1,w02,d012,daily_completion_criterion,/course/software-engineer/days/d012#completion,Gotovo kada: Plan i implementacija se podudaraju; nema “kodiranja napamet”.,[]
p0397,"Nedelja 2: Funkcije, scope, debugging i stringovi",21,1,1,f1,w02,d013,day_heading,/course/software-engineer/days/d013,DAN 13,[]
p0398,"Nedelja 2: Funkcije, scope, debugging i stringovi",21,1,2,f1,w02,d013,day_title,/course/software-engineer/days/d013,12.09.2026 — Mini-projekat: Text Analyzer,[]
p0399,"Nedelja 2: Funkcije, scope, debugging i stringovi",,,,f1,w02,d013,day_duration,/course/software-engineer/days/d013,Vreme: 180 min,[]
p0400,"Nedelja 2: Funkcije, scope, debugging i stringovi",,,,f1,w02,d013,lesson_content,/course/software-engineer/days/d013/lessons/d013-learn#study,"Uči / pročitaj: Kombinuj strings, loops, functions, objects, error handling.",[]
p0401,"Nedelja 2: Funkcije, scope, debugging i stringovi",,,,f1,w02,d013,exercise_section,/course/software-engineer/days/d013/exercises/d013-practice,Uradi:,[]
p0402,"Nedelja 2: Funkcije, scope, debugging i stringovi",,,,f1,w02,d013,exercise_task,/course/software-engineer/days/d013/exercises/d013-practice#d013-task-01,"CLI prima tekst i vraća: broj karaktera, reči, rečenica, najdužu reč, top 5 reči.",[]
p0403,"Nedelja 2: Funkcije, scope, debugging i stringovi",,,,f1,w02,d013,exercise_task,/course/software-engineer/days/d013/exercises/d013-practice#d013-task-02,Ignoriši case; dokumentuj pravilo za punctuation.,[]
p0404,"Nedelja 2: Funkcije, scope, debugging i stringovi",,,,f1,w02,d013,exercise_task,/course/software-engineer/days/d013/exercises/d013-practice#d013-task-03,Dodaj 15 test inputa u tests-manual.md.,[]
p0405,"Nedelja 2: Funkcije, scope, debugging i stringovi",,,,f1,w02,d013,daily_ai_policy,/course/software-engineer/days/d013#ai-policy,AI režim: AI test engineer: generiše test matricu; AI code reviewer tek posle finalne verzije.,[]
p0406,"Nedelja 2: Funkcije, scope, debugging i stringovi",,,,f1,w02,d013,daily_completion_criterion,/course/software-engineer/days/d013#completion,"Gotovo kada: Program radi, README objašnjava algoritam i edge cases.",[]
p0407,"Nedelja 2: Funkcije, scope, debugging i stringovi",22,1,1,f1,w02,d014,day_heading,/course/software-engineer/days/d014,DAN 14,[]
p0408,"Nedelja 2: Funkcije, scope, debugging i stringovi",22,1,2,f1,w02,d014,day_title,/course/software-engineer/days/d014,13.09.2026 — Checkpoint 2 — nepoznat problem,[]
p0409,"Nedelja 2: Funkcije, scope, debugging i stringovi",,,,f1,w02,d014,day_duration,/course/software-engineer/days/d014,Vreme: 75 min,[]
p0410,"Nedelja 2: Funkcije, scope, debugging i stringovi",,,,f1,w02,d014,lesson_content,/course/software-engineer/days/d014/lessons/d014-learn#study,Uči / pročitaj: Bez novih resursa.,[]
p0411,"Nedelja 2: Funkcije, scope, debugging i stringovi",,,,f1,w02,d014,exercise_section,/course/software-engineer/days/d014/exercises/d014-practice,Uradi:,[]
p0412,"Nedelja 2: Funkcije, scope, debugging i stringovi",,,,f1,w02,d014,exercise_task,/course/software-engineer/days/d014/exercises/d014-practice#d014-task-01,"AI OFF 45 min: “Given a string, return first non-repeating character”.",[]
p0413,"Nedelja 2: Funkcije, scope, debugging i stringovi",,,,f1,w02,d014,exercise_task,/course/software-engineer/days/d014/exercises/d014-practice#d014-task-02,"Napiši brute force O(n²), pa bolju verziju sa frequency map.",[]
p0414,"Nedelja 2: Funkcije, scope, debugging i stringovi",,,,f1,w02,d014,exercise_task,/course/software-engineer/days/d014/exercises/d014-practice#d014-task-03,Objasni zašto je druga brža bez formalne matematike.,[]
p0415,"Nedelja 2: Funkcije, scope, debugging i stringovi",,,,f1,w02,d014,daily_ai_policy,/course/software-engineer/days/d014#ai-policy,AI režim: Na kraju AI proverava complexity objašnjenje.,[]
p0416,"Nedelja 2: Funkcije, scope, debugging i stringovi",,,,f1,w02,d014,daily_completion_criterion,/course/software-engineer/days/d014#completion,Gotovo kada: Možeš dati dve strategije i objasniti trade-off.,[]
p0418,"Nedelja 3: Arrays, objects i transformacija podataka",,,,f1,w03,,week_context,/course/software-engineer/weeks/w03,"Nedelja 3: Arrays, objects i transformacija podataka",[]
p0419,"Nedelja 3: Arrays, objects i transformacija podataka",,,,f1,w03,,week_context,/course/software-engineer/weeks/w03,14.09.2026 – 20.09.2026  |  FAZA 1 — JavaScript reset i logika,[]
p0420,"Nedelja 3: Arrays, objects i transformacija podataka",,,,f1,w03,,week_context,/course/software-engineer/weeks/w03,Cilj nedelje: Postati siguran u strukture koje čine većinu svakodnevnog JS koda.,[]
p0421,"Nedelja 3: Arrays, objects i transformacija podataka",,,,f1,w03,,week_context,/course/software-engineer/weeks/w03,"Primarni resursi: javascript.info Data Types, MDN Collections, Exercism",[]
p0422,"Nedelja 3: Arrays, objects i transformacija podataka",23,1,1,f1,w03,d015,day_heading,/course/software-engineer/days/d015,DAN 15,[]
p0423,"Nedelja 3: Arrays, objects i transformacija podataka",23,1,2,f1,w03,d015,day_title,/course/software-engineer/days/d015,14.09.2026 — Arrays fundamentalno,[]
p0424,"Nedelja 3: Arrays, objects i transformacija podataka",,,,f1,w03,d015,day_duration,/course/software-engineer/days/d015,Vreme: 120 min,[]
p0425,"Nedelja 3: Arrays, objects i transformacija podataka",,,,f1,w03,d015,lesson_content,/course/software-engineer/days/d015/lessons/d015-learn#study,Uči / pročitaj: javascript.info Arrays; MDN Indexed collections.,[]
p0426,"Nedelja 3: Arrays, objects i transformacija podataka",,,,f1,w03,d015,exercise_section,/course/software-engineer/days/d015/exercises/d015-practice,Uradi:,[]
p0427,"Nedelja 3: Arrays, objects i transformacija podataka",,,,f1,w03,d015,exercise_task,/course/software-engineer/days/d015/exercises/d015-practice#d015-task-01,"sum, average, unique, removeDuplicates bez Set pa sa Set.",[]
p0428,"Nedelja 3: Arrays, objects i transformacija podataka",,,,f1,w03,d015,exercise_task,/course/software-engineer/days/d015/exercises/d015-practice#d015-task-02,"rotateLeft(array,k).",[]
p0429,"Nedelja 3: Arrays, objects i transformacija podataka",,,,f1,w03,d015,exercise_task,/course/software-engineer/days/d015/exercises/d015-practice#d015-task-03,"chunk(array,size).",[]
p0430,"Nedelja 3: Arrays, objects i transformacija podataka",,,,f1,w03,d015,daily_ai_policy,/course/software-engineer/days/d015#ai-policy,AI režim: AI samo test cases; za svaki bug prvo ti napiši hipotezu.,[]
p0431,"Nedelja 3: Arrays, objects i transformacija podataka",,,,f1,w03,d015,daily_completion_criterion,/course/software-engineer/days/d015#completion,Gotovo kada: Možeš samostalno iterirati i transformisati array bez tutorijala.,[]
p0432,"Nedelja 3: Arrays, objects i transformacija podataka",24,1,1,f1,w03,d016,day_heading,/course/software-engineer/days/d016,DAN 16,[]
p0433,"Nedelja 3: Arrays, objects i transformacija podataka",24,1,2,f1,w03,d016,day_title,/course/software-engineer/days/d016,15.09.2026 — Array methods,[]
p0434,"Nedelja 3: Arrays, objects i transformacija podataka",,,,f1,w03,d016,day_duration,/course/software-engineer/days/d016,Vreme: 120 min,[]
p0435,"Nedelja 3: Arrays, objects i transformacija podataka",,,,f1,w03,d016,lesson_content,/course/software-engineer/days/d016/lessons/d016-learn#study,Uči / pročitaj: javascript.info Array methods; MDN Array reference za map/filter/reduce/find/some/every.,[]
p0436,"Nedelja 3: Arrays, objects i transformacija podataka",,,,f1,w03,d016,exercise_section,/course/software-engineer/days/d016/exercises/d016-practice,Uradi:,[]
p0437,"Nedelja 3: Arrays, objects i transformacija podataka",,,,f1,w03,d016,exercise_task,/course/software-engineer/days/d016/exercises/d016-practice#d016-task-01,"Reši 6 malih zadataka prvo for-loopom, zatim map/filter/reduce gde ima smisla.",[]
p0438,"Nedelja 3: Arrays, objects i transformacija podataka",,,,f1,w03,d016,exercise_task,/course/software-engineer/days/d016/exercises/d016-practice#d016-task-02,Iz liste proizvoda izračunaj ukupnu vrednost samo aktivnih proizvoda.,[]
p0439,"Nedelja 3: Arrays, objects i transformacija podataka",,,,f1,w03,d016,exercise_task,/course/software-engineer/days/d016/exercises/d016-practice#d016-task-03,Grupiši korisnike po gradu.,[]
p0440,"Nedelja 3: Arrays, objects i transformacija podataka",,,,f1,w03,d016,daily_ai_policy,/course/software-engineer/days/d016#ai-policy,"AI režim: AI pita “zašto baš ovaj method?”, ne dozvoli mu da bira metod unapred.",[]
p0441,"Nedelja 3: Arrays, objects i transformacija podataka",,,,f1,w03,d016,daily_completion_criterion,/course/software-engineer/days/d016#completion,"Gotovo kada: Možeš opravdati kada koristiš map, filter, reduce i kada običan loop.",[]
p0442,"Nedelja 3: Arrays, objects i transformacija podataka",25,1,1,f1,w03,d017,day_heading,/course/software-engineer/days/d017,DAN 17,[]
p0443,"Nedelja 3: Arrays, objects i transformacija podataka",25,1,2,f1,w03,d017,day_title,/course/software-engineer/days/d017,16.09.2026 — Objects i references,[]
p0444,"Nedelja 3: Arrays, objects i transformacija podataka",,,,f1,w03,d017,day_duration,/course/software-engineer/days/d017,Vreme: 120 min,[]
p0445,"Nedelja 3: Arrays, objects i transformacija podataka",,,,f1,w03,d017,lesson_content,/course/software-engineer/days/d017/lessons/d017-learn#study,Uči / pročitaj: javascript.info Objects + object references/copying; MDN Working with objects.,[]
p0446,"Nedelja 3: Arrays, objects i transformacija podataka",,,,f1,w03,d017,exercise_section,/course/software-engineer/days/d017/exercises/d017-practice,Uradi:,[]
p0447,"Nedelja 3: Arrays, objects i transformacija podataka",,,,f1,w03,d017,exercise_task,/course/software-engineer/days/d017/exercises/d017-practice#d017-task-01,Napravi user object sa nested address i permissions.,[]
p0448,"Nedelja 3: Arrays, objects i transformacija podataka",,,,f1,w03,d017,exercise_task,/course/software-engineer/days/d017/exercises/d017-practice#d017-task-02,Demonstriraj shallow copy problem; popravi structuredClone-om ili ručno.,[]
p0449,"Nedelja 3: Arrays, objects i transformacija podataka",,,,f1,w03,d017,exercise_task,/course/software-engineer/days/d017/exercises/d017-practice#d017-task-03,normalizeUser(raw) vraća standardizovan object.,[]
p0450,"Nedelja 3: Arrays, objects i transformacija podataka",,,,f1,w03,d017,daily_ai_policy,/course/software-engineer/days/d017#ai-policy,AI režim: AI proverava tvoje predikcije reference equality.,[]
p0451,"Nedelja 3: Arrays, objects i transformacija podataka",,,,f1,w03,d017,daily_completion_criterion,/course/software-engineer/days/d017#completion,Gotovo kada: Razumeš zašto dve promenljive mogu pokazivati na isti object.,[]
p0452,"Nedelja 3: Arrays, objects i transformacija podataka",26,1,1,f1,w03,d018,day_heading,/course/software-engineer/days/d018,DAN 18,[]
p0453,"Nedelja 3: Arrays, objects i transformacija podataka",26,1,2,f1,w03,d018,day_title,/course/software-engineer/days/d018,"17.09.2026 — Map, Set, destructuring",[]
p0454,"Nedelja 3: Arrays, objects i transformacija podataka",,,,f1,w03,d018,day_duration,/course/software-engineer/days/d018,Vreme: 120 min,[]
p0455,"Nedelja 3: Arrays, objects i transformacija podataka",,,,f1,w03,d018,lesson_content,/course/software-engineer/days/d018/lessons/d018-learn#study,Uči / pročitaj: javascript.info Map and Set; destructuring; Object.keys/values/entries.,[]
p0456,"Nedelja 3: Arrays, objects i transformacija podataka",,,,f1,w03,d018,exercise_section,/course/software-engineer/days/d018/exercises/d018-practice,Uradi:,[]
p0457,"Nedelja 3: Arrays, objects i transformacija podataka",,,,f1,w03,d018,exercise_task,/course/software-engineer/days/d018/exercises/d018-practice#d018-task-01,frequencyCounter sa Map.,[]
p0458,"Nedelja 3: Arrays, objects i transformacija podataka",,,,f1,w03,d018,exercise_task,/course/software-engineer/days/d018/exercises/d018-practice#d018-task-02,Intersection dve liste sa Set.,[]
p0459,"Nedelja 3: Arrays, objects i transformacija podataka",,,,f1,w03,d018,exercise_task,/course/software-engineer/days/d018/exercises/d018-practice#d018-task-03,Destructure API-like object i napravi safe defaults.,[]
p0460,"Nedelja 3: Arrays, objects i transformacija podataka",,,,f1,w03,d018,daily_ai_policy,/course/software-engineer/days/d018#ai-policy,AI režim: AI generiše 5 input/output primera; ti implementiraš.,[]
p0461,"Nedelja 3: Arrays, objects i transformacija podataka",,,,f1,w03,d018,daily_completion_criterion,/course/software-engineer/days/d018#completion,Gotovo kada: Znaš da izabereš Object vs Map vs Set za jednostavne slučajeve.,[]
p0462,"Nedelja 3: Arrays, objects i transformacija podataka",27,1,1,f1,w03,d019,day_heading,/course/software-engineer/days/d019,DAN 19,[]
p0463,"Nedelja 3: Arrays, objects i transformacija podataka",27,1,2,f1,w03,d019,day_title,/course/software-engineer/days/d019,18.09.2026 — Data modeling drill,[]
p0464,"Nedelja 3: Arrays, objects i transformacija podataka",,,,f1,w03,d019,day_duration,/course/software-engineer/days/d019,Vreme: 120 min,[]
p0465,"Nedelja 3: Arrays, objects i transformacija podataka",,,,f1,w03,d019,lesson_content,/course/software-engineer/days/d019/lessons/d019-learn#study,Uči / pročitaj: Bez nove teorije. Fokus na modelovanju.,[]
p0466,"Nedelja 3: Arrays, objects i transformacija podataka",,,,f1,w03,d019,exercise_section,/course/software-engineer/days/d019/exercises/d019-practice,Uradi:,[]
p0467,"Nedelja 3: Arrays, objects i transformacija podataka",,,,f1,w03,d019,exercise_task,/course/software-engineer/days/d019/exercises/d019-practice#d019-task-01,"Modeluj biblioteku: Book, Member, Loan kao plain objects.",[]
p0468,"Nedelja 3: Arrays, objects i transformacija podataka",,,,f1,w03,d019,exercise_task,/course/software-engineer/days/d019/exercises/d019-practice#d019-task-02,"Napiši funkcije borrowBook, returnBook, overdueLoans.",[]
p0469,"Nedelja 3: Arrays, objects i transformacija podataka",,,,f1,w03,d019,exercise_task,/course/software-engineer/days/d019/exercises/d019-practice#d019-task-03,Definiši invariants: knjiga ne može biti istovremeno izdata dvaput.,[]
p0470,"Nedelja 3: Arrays, objects i transformacija podataka",,,,f1,w03,d019,daily_ai_policy,/course/software-engineer/days/d019#ai-policy,AI režim: AI senior: postavlja pitanja o stanju i invariantima; ne piše kod.,[]
p0471,"Nedelja 3: Arrays, objects i transformacija podataka",,,,f1,w03,d019,daily_completion_criterion,/course/software-engineer/days/d019#completion,Gotovo kada: Model sprečava nedozvoljena stanja osnovnim proverama.,[]
p0472,"Nedelja 3: Arrays, objects i transformacija podataka",28,1,1,f1,w03,d020,day_heading,/course/software-engineer/days/d020,DAN 20,[]
p0473,"Nedelja 3: Arrays, objects i transformacija podataka",28,1,2,f1,w03,d020,day_title,/course/software-engineer/days/d020,19.09.2026 — Mini-projekat: Expense Tracker Core,[]
p0474,"Nedelja 3: Arrays, objects i transformacija podataka",,,,f1,w03,d020,day_duration,/course/software-engineer/days/d020,Vreme: 180 min,[]
p0475,"Nedelja 3: Arrays, objects i transformacija podataka",,,,f1,w03,d020,lesson_content,/course/software-engineer/days/d020/lessons/d020-learn#study,"Uči / pročitaj: Node, bez UI. Arrays/objects/functions.",[]
p0476,"Nedelja 3: Arrays, objects i transformacija podataka",,,,f1,w03,d020,exercise_section,/course/software-engineer/days/d020/exercises/d020-practice,Uradi:,[]
p0477,"Nedelja 3: Arrays, objects i transformacija podataka",,,,f1,w03,d020,exercise_task,/course/software-engineer/days/d020/exercises/d020-practice#d020-task-01,"Dodavanje expense {id,amount,category,date,note}.",[]
p0478,"Nedelja 3: Arrays, objects i transformacija podataka",,,,f1,w03,d020,exercise_task,/course/software-engineer/days/d020/exercises/d020-practice#d020-task-02,List/filter po category/date; monthly summary; top category.,[]
p0479,"Nedelja 3: Arrays, objects i transformacija podataka",,,,f1,w03,d020,exercise_task,/course/software-engineer/days/d020/exercises/d020-practice#d020-task-03,Podaci privremeno u memoriji; export/import JSON fajla kao stretch.,[]
p0480,"Nedelja 3: Arrays, objects i transformacija podataka",,,,f1,w03,d020,daily_ai_policy,/course/software-engineer/days/d020#ai-policy,AI režim: AI: review API funkcija i test matrix. Ne piše implementaciju pre tebe.,[]
p0481,"Nedelja 3: Arrays, objects i transformacija podataka",,,,f1,w03,d020,daily_completion_criterion,/course/software-engineer/days/d020#completion,"Gotovo kada: CLI ili funkcijski modul ima 5+ operacija, validation i README.",[]
p0482,"Nedelja 3: Arrays, objects i transformacija podataka",29,1,1,f1,w03,d021,day_heading,/course/software-engineer/days/d021,DAN 21,[]
p0483,"Nedelja 3: Arrays, objects i transformacija podataka",29,1,2,f1,w03,d021,day_title,/course/software-engineer/days/d021,20.09.2026 — Checkpoint 3 — transformacija podataka,[]
p0484,"Nedelja 3: Arrays, objects i transformacija podataka",,,,f1,w03,d021,day_duration,/course/software-engineer/days/d021,Vreme: 75 min,[]
p0485,"Nedelja 3: Arrays, objects i transformacija podataka",,,,f1,w03,d021,lesson_content,/course/software-engineer/days/d021/lessons/d021-learn#study,Uči / pročitaj: Bez novih resursa.,[]
p0486,"Nedelja 3: Arrays, objects i transformacija podataka",,,,f1,w03,d021,exercise_section,/course/software-engineer/days/d021/exercises/d021-practice,Uradi:,[]
p0487,"Nedelja 3: Arrays, objects i transformacija podataka",,,,f1,w03,d021,exercise_task,/course/software-engineer/days/d021/exercises/d021-practice#d021-task-01,AI OFF: iz liste narudžbina izračunaj revenue po kupcu i sortiraj top 3.,[]
p0488,"Nedelja 3: Arrays, objects i transformacija podataka",,,,f1,w03,d021,exercise_task,/course/software-engineer/days/d021/exercises/d021-practice#d021-task-02,"Napiši verziju sa loops, zatim idiomatsku verziju.",[]
p0489,"Nedelja 3: Arrays, objects i transformacija podataka",,,,f1,w03,d021,exercise_task,/course/software-engineer/days/d021/exercises/d021-practice#d021-task-03,Zapiši time/space intuiciju.,[]
p0490,"Nedelja 3: Arrays, objects i transformacija podataka",,,,f1,w03,d021,daily_ai_policy,/course/software-engineer/days/d021#ai-policy,AI režim: AI tek na kraju poredi čitljivost dve verzije.,[]
p0491,"Nedelja 3: Arrays, objects i transformacija podataka",,,,f1,w03,d021,daily_completion_criterion,/course/software-engineer/days/d021#completion,"Gotovo kada: Rešenje radi na praznim, jednom i višestrukim podacima.",[]
p0493,"Nedelja 4: Higher-order functions, closures, modules i testabilan kod",,,,f1,w04,,week_context,/course/software-engineer/weeks/w04,"Nedelja 4: Higher-order functions, closures, modules i testabilan kod",[]
p0494,"Nedelja 4: Higher-order functions, closures, modules i testabilan kod",,,,f1,w04,,week_context,/course/software-engineer/weeks/w04,21.09.2026 – 27.09.2026  |  FAZA 1 — JavaScript reset i logika,[]
p0495,"Nedelja 4: Higher-order functions, closures, modules i testabilan kod",,,,f1,w04,,week_context,/course/software-engineer/weeks/w04,Cilj nedelje: Razumeti funkcije kao vrednosti i organizovati kod tako da se može testirati.,[]
p0496,"Nedelja 4: Higher-order functions, closures, modules i testabilan kod",,,,f1,w04,,week_context,/course/software-engineer/weeks/w04,"Primarni resursi: TOP Clean Code/Testing, javascript.info Advanced Functions, MDN Modules",[]
p0497,"Nedelja 4: Higher-order functions, closures, modules i testabilan kod",30,1,1,f1,w04,d022,day_heading,/course/software-engineer/days/d022,DAN 22,[]
p0498,"Nedelja 4: Higher-order functions, closures, modules i testabilan kod",30,1,2,f1,w04,d022,day_title,/course/software-engineer/days/d022,21.09.2026 — Callbacks i higher-order functions,[]
p0499,"Nedelja 4: Higher-order functions, closures, modules i testabilan kod",,,,f1,w04,d022,day_duration,/course/software-engineer/days/d022,Vreme: 120 min,[]
p0500,"Nedelja 4: Higher-order functions, closures, modules i testabilan kod",,,,f1,w04,d022,lesson_content,/course/software-engineer/days/d022/lessons/d022-learn#study,Uči / pročitaj: javascript.info Advanced functions; MDN Functions.,[]
p0501,"Nedelja 4: Higher-order functions, closures, modules i testabilan kod",,,,f1,w04,d022,exercise_section,/course/software-engineer/days/d022/exercises/d022-practice,Uradi:,[]
p0502,"Nedelja 4: Higher-order functions, closures, modules i testabilan kod",,,,f1,w04,d022,exercise_task,/course/software-engineer/days/d022/exercises/d022-practice#d022-task-01,"Napiši customMap(array, fn), customFilter, customReduce bez built-in metoda.",[]
p0503,"Nedelja 4: Higher-order functions, closures, modules i testabilan kod",,,,f1,w04,d022,exercise_task,/course/software-engineer/days/d022/exercises/d022-practice#d022-task-02,"Napravi applyDiscount(items, strategyFn).",[]
p0504,"Nedelja 4: Higher-order functions, closures, modules i testabilan kod",,,,f1,w04,d022,exercise_task,/course/software-engineer/days/d022/exercises/d022-practice#d022-task-03,Objasni callback bez fraze “funkcija u funkciji” — opiši tok izvršavanja.,[]
p0505,"Nedelja 4: Higher-order functions, closures, modules i testabilan kod",,,,f1,w04,d022,daily_ai_policy,/course/software-engineer/days/d022#ai-policy,AI režim: AI proverava tvoje objašnjenje; traži kontra-primer kada pogrešiš.,[]
p0506,"Nedelja 4: Higher-order functions, closures, modules i testabilan kod",,,,f1,w04,d022,daily_completion_criterion,/course/software-engineer/days/d022#completion,Gotovo kada: customMap/filter/reduce rade na 5 testova svaki.,[]
p0507,"Nedelja 4: Higher-order functions, closures, modules i testabilan kod",31,1,1,f1,w04,d023,day_heading,/course/software-engineer/days/d023,DAN 23,[]
p0508,"Nedelja 4: Higher-order functions, closures, modules i testabilan kod",31,1,2,f1,w04,d023,day_title,/course/software-engineer/days/d023,22.09.2026 — Closures stvarno,[]
p0509,"Nedelja 4: Higher-order functions, closures, modules i testabilan kod",,,,f1,w04,d023,day_duration,/course/software-engineer/days/d023,Vreme: 120 min,[]
p0510,"Nedelja 4: Higher-order functions, closures, modules i testabilan kod",,,,f1,w04,d023,lesson_content,/course/software-engineer/days/d023/lessons/d023-learn#study,"Uči / pročitaj: javascript.info Variable scope, closure.",[]
p0511,"Nedelja 4: Higher-order functions, closures, modules i testabilan kod",,,,f1,w04,d023,exercise_section,/course/software-engineer/days/d023/exercises/d023-practice,Uradi:,[]
p0512,"Nedelja 4: Higher-order functions, closures, modules i testabilan kod",,,,f1,w04,d023,exercise_task,/course/software-engineer/days/d023/exercises/d023-practice#d023-task-01,"makeCounter(start), createMultiplier(x), once(fn).",[]
p0513,"Nedelja 4: Higher-order functions, closures, modules i testabilan kod",,,,f1,w04,d023,exercise_task,/course/software-engineer/days/d023/exercises/d023-practice#d023-task-02,Napravi private balance kroz closure (deposit/withdraw/getBalance).,[]
p0514,"Nedelja 4: Higher-order functions, closures, modules i testabilan kod",,,,f1,w04,d023,exercise_task,/course/software-engineer/days/d023/exercises/d023-practice#d023-task-03,Nacrtaj šta ostaje “živo” posle završetka outer funkcije.,[]
p0515,"Nedelja 4: Higher-order functions, closures, modules i testabilan kod",,,,f1,w04,d023,daily_ai_policy,/course/software-engineer/days/d023#ai-policy,AI režim: AI daje samo memory-model pitanja.,[]
p0516,"Nedelja 4: Higher-order functions, closures, modules i testabilan kod",,,,f1,w04,d023,daily_completion_criterion,/course/software-engineer/days/d023#completion,Gotovo kada: Možeš objasniti closure na svom primeru bez definicije napamet.,[]
p0517,"Nedelja 4: Higher-order functions, closures, modules i testabilan kod",32,1,1,f1,w04,d024,day_heading,/course/software-engineer/days/d024,DAN 24,[]
p0518,"Nedelja 4: Higher-order functions, closures, modules i testabilan kod",32,1,2,f1,w04,d024,day_title,/course/software-engineer/days/d024,23.09.2026 — Modules,[]
p0519,"Nedelja 4: Higher-order functions, closures, modules i testabilan kod",,,,f1,w04,d024,day_duration,/course/software-engineer/days/d024,Vreme: 120 min,[]
p0520,"Nedelja 4: Higher-order functions, closures, modules i testabilan kod",,,,f1,w04,d024,lesson_content,/course/software-engineer/days/d024/lessons/d024-learn#study,Uči / pročitaj: MDN JavaScript Modules; javascript.info Modules.,[]
p0521,"Nedelja 4: Higher-order functions, closures, modules i testabilan kod",,,,f1,w04,d024,exercise_section,/course/software-engineer/days/d024/exercises/d024-practice,Uradi:,[]
p0522,"Nedelja 4: Higher-order functions, closures, modules i testabilan kod",,,,f1,w04,d024,exercise_task,/course/software-engineer/days/d024/exercises/d024-practice#d024-task-01,"Podeli Expense Tracker Core na storage.js, validation.js, analytics.js, index.js.",[]
p0523,"Nedelja 4: Higher-order functions, closures, modules i testabilan kod",,,,f1,w04,d024,exercise_task,/course/software-engineer/days/d024/exercises/d024-practice#d024-task-02,Koristi named exports/imports.,[]
p0524,"Nedelja 4: Higher-order functions, closures, modules i testabilan kod",,,,f1,w04,d024,exercise_task,/course/software-engineer/days/d024/exercises/d024-practice#d024-task-03,Napravi jedan circular-dependency primer na papiru i objasni zašto ga izbegavati.,[]
p0525,"Nedelja 4: Higher-order functions, closures, modules i testabilan kod",,,,f1,w04,d024,daily_ai_policy,/course/software-engineer/days/d024#ai-policy,AI režim: AI reviewer: cohesion/coupling review.,[]
p0526,"Nedelja 4: Higher-order functions, closures, modules i testabilan kod",,,,f1,w04,d024,daily_completion_criterion,/course/software-engineer/days/d024#completion,Gotovo kada: Program radi posle podele i moduli imaju jasne odgovornosti.,[]
p0527,"Nedelja 4: Higher-order functions, closures, modules i testabilan kod",33,1,1,f1,w04,d025,day_heading,/course/software-engineer/days/d025,DAN 25,[]
p0528,"Nedelja 4: Higher-order functions, closures, modules i testabilan kod",33,1,2,f1,w04,d025,day_title,/course/software-engineer/days/d025,24.09.2026 — Testing mindset,[]
p0529,"Nedelja 4: Higher-order functions, closures, modules i testabilan kod",,,,f1,w04,d025,day_duration,/course/software-engineer/days/d025,Vreme: 120 min,[]
p0530,"Nedelja 4: Higher-order functions, closures, modules i testabilan kod",,,,f1,w04,d025,lesson_content,/course/software-engineer/days/d025/lessons/d025-learn#study,Uči / pročitaj: TOP Testing Basics (uvod) ili Jest Getting Started; prvo koncept testova.,[]
p0531,"Nedelja 4: Higher-order functions, closures, modules i testabilan kod",,,,f1,w04,d025,exercise_section,/course/software-engineer/days/d025/exercises/d025-practice,Uradi:,[]
p0532,"Nedelja 4: Higher-order functions, closures, modules i testabilan kod",,,,f1,w04,d025,exercise_task,/course/software-engineer/days/d025/exercises/d025-practice#d025-task-01,Za 5 funkcija napiši Arrange/Act/Assert test slučajeve.,[]
p0533,"Nedelja 4: Higher-order functions, closures, modules i testabilan kod",,,,f1,w04,d025,exercise_task,/course/software-engineer/days/d025/exercises/d025-practice#d025-task-02,"Testiraj normal, boundary, invalid input.",[]
p0534,"Nedelja 4: Higher-order functions, closures, modules i testabilan kod",,,,f1,w04,d025,exercise_task,/course/software-engineer/days/d025/exercises/d025-practice#d025-task-03,"Ako koristiš Jest, napiši najmanje 12 automatizovanih testova.",[]
p0535,"Nedelja 4: Higher-order functions, closures, modules i testabilan kod",,,,f1,w04,d025,daily_ai_policy,/course/software-engineer/days/d025#ai-policy,"AI režim: AI test engineer sme da predloži propuštene klase testova, ne implementaciju.",[]
p0536,"Nedelja 4: Higher-order functions, closures, modules i testabilan kod",,,,f1,w04,d025,daily_completion_criterion,/course/software-engineer/days/d025#completion,Gotovo kada: Test suite pada kada namerno pokvariš funkciju i prolazi nakon popravke.,[]
p0537,"Nedelja 4: Higher-order functions, closures, modules i testabilan kod",34,1,1,f1,w04,d026,day_heading,/course/software-engineer/days/d026,DAN 26,[]
p0538,"Nedelja 4: Higher-order functions, closures, modules i testabilan kod",34,1,2,f1,w04,d026,day_title,/course/software-engineer/days/d026,25.09.2026 — Refactoring,[]
p0539,"Nedelja 4: Higher-order functions, closures, modules i testabilan kod",,,,f1,w04,d026,day_duration,/course/software-engineer/days/d026,Vreme: 120 min,[]
p0540,"Nedelja 4: Higher-order functions, closures, modules i testabilan kod",,,,f1,w04,d026,lesson_content,/course/software-engineer/days/d026/lessons/d026-learn#study,Uči / pročitaj: TOP Clean Code; javascript.info Coding Style.,[]
p0541,"Nedelja 4: Higher-order functions, closures, modules i testabilan kod",,,,f1,w04,d026,exercise_section,/course/software-engineer/days/d026/exercises/d026-practice,Uradi:,[]
p0542,"Nedelja 4: Higher-order functions, closures, modules i testabilan kod",,,,f1,w04,d026,exercise_task,/course/software-engineer/days/d026/exercises/d026-practice#d026-task-01,Izaberi najgori fajl iz prve 3 nedelje.,[]
p0543,"Nedelja 4: Higher-order functions, closures, modules i testabilan kod",,,,f1,w04,d026,exercise_task,/course/software-engineer/days/d026/exercises/d026-practice#d026-task-02,"Preimenuj, skrati funkcije, ukloni duplication, uvedi constants.",[]
p0544,"Nedelja 4: Higher-order functions, closures, modules i testabilan kod",,,,f1,w04,d026,exercise_task,/course/software-engineer/days/d026/exercises/d026-practice#d026-task-03,Testovi moraju ostati zeleni posle svakog malog koraka.,[]
p0545,"Nedelja 4: Higher-order functions, closures, modules i testabilan kod",,,,f1,w04,d026,daily_ai_policy,/course/software-engineer/days/d026#ai-policy,"AI režim: AI reviewer daje komentare u stilu pull requesta, bez final code-a.",[]
p0546,"Nedelja 4: Higher-order functions, closures, modules i testabilan kod",,,,f1,w04,d026,daily_completion_criterion,/course/software-engineer/days/d026#completion,Gotovo kada: Refactor ima isti behavior i merljivo čitljiviji kod.,[]
p0547,"Nedelja 4: Higher-order functions, closures, modules i testabilan kod",35,1,1,f1,w04,d027,day_heading,/course/software-engineer/days/d027,DAN 27,[]
p0548,"Nedelja 4: Higher-order functions, closures, modules i testabilan kod",35,1,2,f1,w04,d027,day_title,/course/software-engineer/days/d027,26.09.2026 — Mini-projekat: Bank Account Engine,[]
p0549,"Nedelja 4: Higher-order functions, closures, modules i testabilan kod",,,,f1,w04,d027,day_duration,/course/software-engineer/days/d027,Vreme: 180 min,[]
p0550,"Nedelja 4: Higher-order functions, closures, modules i testabilan kod",,,,f1,w04,d027,lesson_content,/course/software-engineer/days/d027/lessons/d027-learn#study,"Uči / pročitaj: Funkcije, closures/modules, tests.",[]
p0551,"Nedelja 4: Higher-order functions, closures, modules i testabilan kod",,,,f1,w04,d027,exercise_section,/course/software-engineer/days/d027/exercises/d027-practice,Uradi:,[]
p0552,"Nedelja 4: Higher-order functions, closures, modules i testabilan kod",,,,f1,w04,d027,exercise_task,/course/software-engineer/days/d027/exercises/d027-practice#d027-task-01,"Account: deposit, withdraw, transfer, statement.",[]
p0553,"Nedelja 4: Higher-order functions, closures, modules i testabilan kod",,,,f1,w04,d027,exercise_task,/course/software-engineer/days/d027/exercises/d027-practice#d027-task-02,Zabrani negativne iznose i overdraft.,[]
p0554,"Nedelja 4: Higher-order functions, closures, modules i testabilan kod",,,,f1,w04,d027,exercise_task,/course/software-engineer/days/d027/exercises/d027-practice#d027-task-03,Transakcije čuvaj kao immutable-like records; 20 testova.,[]
p0555,"Nedelja 4: Higher-order functions, closures, modules i testabilan kod",,,,f1,w04,d027,daily_ai_policy,/course/software-engineer/days/d027#ai-policy,AI režim: AI može da bude QA i security reviewer za business logic.,[]
p0556,"Nedelja 4: Higher-order functions, closures, modules i testabilan kod",,,,f1,w04,d027,daily_completion_criterion,/course/software-engineer/days/d027#completion,"Gotovo kada: 20 testova, nema nelogičnih stanja, README sa invariantima.",[]
p0557,"Nedelja 4: Higher-order functions, closures, modules i testabilan kod",36,1,1,f1,w04,d028,day_heading,/course/software-engineer/days/d028,DAN 28,[]
p0558,"Nedelja 4: Higher-order functions, closures, modules i testabilan kod",36,1,2,f1,w04,d028,day_title,/course/software-engineer/days/d028,27.09.2026 — Checkpoint 4 — mesec 1,[]
p0559,"Nedelja 4: Higher-order functions, closures, modules i testabilan kod",,,,f1,w04,d028,day_duration,/course/software-engineer/days/d028,Vreme: 90 min,[]
p0560,"Nedelja 4: Higher-order functions, closures, modules i testabilan kod",,,,f1,w04,d028,lesson_content,/course/software-engineer/days/d028/lessons/d028-learn#study,Uči / pročitaj: Ponovi sve iz nedelja 1–4.,[]
p0561,"Nedelja 4: Higher-order functions, closures, modules i testabilan kod",,,,f1,w04,d028,exercise_section,/course/software-engineer/days/d028/exercises/d028-practice,Uradi:,[]
p0562,"Nedelja 4: Higher-order functions, closures, modules i testabilan kod",,,,f1,w04,d028,exercise_task,/course/software-engineer/days/d028/exercises/d028-practice#d028-task-01,60 min AI OFF: napravi od nule “inventory core” sa add/remove/search/totalValue.,[]
p0563,"Nedelja 4: Higher-order functions, closures, modules i testabilan kod",,,,f1,w04,d028,exercise_task,/course/software-engineer/days/d028/exercises/d028-practice#d028-task-02,Napiši 5 testova.,[]
p0564,"Nedelja 4: Higher-order functions, closures, modules i testabilan kod",,,,f1,w04,d028,exercise_task,/course/software-engineer/days/d028/exercises/d028-practice#d028-task-03,Snimi sebi 5-min objašnjenje: kako ide problem → model → algoritam → kod → test.,[]
p0565,"Nedelja 4: Higher-order functions, closures, modules i testabilan kod",,,,f1,w04,d028,daily_ai_policy,/course/software-engineer/days/d028#ai-policy,"AI režim: AI na kraju ocenjuje samo na rubrici 1–5: decomposition, correctness, naming, tests, explanation.",[]
p0566,"Nedelja 4: Higher-order functions, closures, modules i testabilan kod",,,,f1,w04,d028,daily_completion_criterion,/course/software-engineer/days/d028#completion,"Gotovo kada: Prosek ≥4/5. Ako nije, ponovi slabosti 2 dana pre faze 2.",[]
p0568,"Nedelja 5: Browser, DOM, events + Odin Foundations projekti",,,,f2,w05,,week_context,/course/software-engineer/weeks/w05,"Nedelja 5: Browser, DOM, events + Odin Foundations projekti",[]
p0569,"Nedelja 5: Browser, DOM, events + Odin Foundations projekti",,,,f2,w05,,week_context,/course/software-engineer/weeks/w05,28.09.2026 – 04.10.2026  |  FAZA 2 — Web kao laboratorija za logiku,[]
p0570,"Nedelja 5: Browser, DOM, events + Odin Foundations projekti",,,,f2,w05,,week_context,/course/software-engineer/weeks/w05,Cilj nedelje: Povezati čistu logiku sa stvarnim interfejsom bez frameworka.,[]
p0571,"Nedelja 5: Browser, DOM, events + Odin Foundations projekti",,,,f2,w05,,week_context,/course/software-engineer/weeks/w05,"Primarni resursi: TOP Foundations DOM/RPS/Etch-a-Sketch, javascript.info Browser",[]
p0572,"Nedelja 5: Browser, DOM, events + Odin Foundations projekti",37,1,1,f2,w05,d029,day_heading,/course/software-engineer/days/d029,DAN 29,[]
p0573,"Nedelja 5: Browser, DOM, events + Odin Foundations projekti",37,1,2,f2,w05,d029,day_title,/course/software-engineer/days/d029,28.09.2026 — DOM mental model,[]
p0574,"Nedelja 5: Browser, DOM, events + Odin Foundations projekti",,,,f2,w05,d029,day_duration,/course/software-engineer/days/d029,Vreme: 120 min,[]
p0575,"Nedelja 5: Browser, DOM, events + Odin Foundations projekti",,,,f2,w05,d029,lesson_content,/course/software-engineer/days/d029/lessons/d029-learn#study,Uči / pročitaj: TOP DOM Manipulation and Events; javascript.info Document/DOM intro.,[]
p0576,"Nedelja 5: Browser, DOM, events + Odin Foundations projekti",,,,f2,w05,d029,exercise_section,/course/software-engineer/days/d029/exercises/d029-practice,Uradi:,[]
p0577,"Nedelja 5: Browser, DOM, events + Odin Foundations projekti",,,,f2,w05,d029,exercise_task,/course/software-engineer/days/d029/exercises/d029-practice#d029-task-01,Ručno napravi HTML sa listom i dugmetom.,[]
p0578,"Nedelja 5: Browser, DOM, events + Odin Foundations projekti",,,,f2,w05,d029,exercise_task,/course/software-engineer/days/d029/exercises/d029-practice#d029-task-02,JS-om createElement/append/remove 10 elemenata.,[]
p0579,"Nedelja 5: Browser, DOM, events + Odin Foundations projekti",,,,f2,w05,d029,exercise_task,/course/software-engineer/days/d029/exercises/d029-practice#d029-task-03,Napiši renderList(items) koja ne menja source data.,[]
p0580,"Nedelja 5: Browser, DOM, events + Odin Foundations projekti",,,,f2,w05,d029,daily_ai_policy,/course/software-engineer/days/d029#ai-policy,AI režim: AI objašnjava DOM samo kroz pitanja o tree strukturi.,[]
p0581,"Nedelja 5: Browser, DOM, events + Odin Foundations projekti",,,,f2,w05,d029,daily_completion_criterion,/course/software-engineer/days/d029#completion,Gotovo kada: Možeš objasniti DOM kao strukturu i menjati ga bez innerHTML za glavne zadatke.,[]
p0582,"Nedelja 5: Browser, DOM, events + Odin Foundations projekti",38,1,1,f2,w05,d030,day_heading,/course/software-engineer/days/d030,DAN 30,[]
p0583,"Nedelja 5: Browser, DOM, events + Odin Foundations projekti",38,1,2,f2,w05,d030,day_title,/course/software-engineer/days/d030,29.09.2026 — Events,[]
p0584,"Nedelja 5: Browser, DOM, events + Odin Foundations projekti",,,,f2,w05,d030,day_duration,/course/software-engineer/days/d030,Vreme: 120 min,[]
p0585,"Nedelja 5: Browser, DOM, events + Odin Foundations projekti",,,,f2,w05,d030,lesson_content,/course/software-engineer/days/d030/lessons/d030-learn#study,Uči / pročitaj: TOP DOM events; javascript.info Introduction to browser events.,[]
p0586,"Nedelja 5: Browser, DOM, events + Odin Foundations projekti",,,,f2,w05,d030,exercise_section,/course/software-engineer/days/d030/exercises/d030-practice,Uradi:,[]
p0587,"Nedelja 5: Browser, DOM, events + Odin Foundations projekti",,,,f2,w05,d030,exercise_task,/course/software-engineer/days/d030/exercises/d030-practice#d030-task-01,"Click counter, input live preview, keydown shortcuts.",[]
p0588,"Nedelja 5: Browser, DOM, events + Odin Foundations projekti",,,,f2,w05,d030,exercise_task,/course/software-engineer/days/d030/exercises/d030-practice#d030-task-02,Event delegation: lista sa 20 dugmadi koristi jedan listener.,[]
p0589,"Nedelja 5: Browser, DOM, events + Odin Foundations projekti",,,,f2,w05,d030,exercise_task,/course/software-engineer/days/d030/exercises/d030-practice#d030-task-03,Objasni event.target vs currentTarget na primeru.,[]
p0590,"Nedelja 5: Browser, DOM, events + Odin Foundations projekti",,,,f2,w05,d030,daily_ai_policy,/course/software-engineer/days/d030#ai-policy,AI režim: AI generiše scenario “zašto moj event ne radi”; ti debuguj.,[]
p0591,"Nedelja 5: Browser, DOM, events + Odin Foundations projekti",,,,f2,w05,d030,daily_completion_criterion,/course/software-engineer/days/d030#completion,Gotovo kada: Event delegation radi i možeš objasniti bubbling.,[]
p0592,"Nedelja 5: Browser, DOM, events + Odin Foundations projekti",39,1,1,f2,w05,d031,day_heading,/course/software-engineer/days/d031,DAN 31,[]
p0593,"Nedelja 5: Browser, DOM, events + Odin Foundations projekti",39,1,2,f2,w05,d031,day_title,/course/software-engineer/days/d031,30.09.2026 — Odin Rock Paper Scissors — logika,[]
p0594,"Nedelja 5: Browser, DOM, events + Odin Foundations projekti",,,,f2,w05,d031,day_duration,/course/software-engineer/days/d031,Vreme: 120 min,[]
p0595,"Nedelja 5: Browser, DOM, events + Odin Foundations projekti",,,,f2,w05,d031,lesson_content,/course/software-engineer/days/d031/lessons/d031-learn#study,Uči / pročitaj: TOP Project: Rock Paper Scissors.,[]
p0596,"Nedelja 5: Browser, DOM, events + Odin Foundations projekti",,,,f2,w05,d031,exercise_section,/course/software-engineer/days/d031/exercises/d031-practice,Uradi:,[]
p0597,"Nedelja 5: Browser, DOM, events + Odin Foundations projekti",,,,f2,w05,d031,exercise_task,/course/software-engineer/days/d031/exercises/d031-practice#d031-task-01,Ne gledaj gotove implementacije. Napiši plan.,[]
p0598,"Nedelja 5: Browser, DOM, events + Odin Foundations projekti",,,,f2,w05,d031,exercise_task,/course/software-engineer/days/d031/exercises/d031-practice#d031-task-02,Implementiraj 5 rundi u konzoli sa score-om.,[]
p0599,"Nedelja 5: Browser, DOM, events + Odin Foundations projekti",,,,f2,w05,d031,exercise_task,/course/software-engineer/days/d031/exercises/d031-practice#d031-task-03,Commit posle: game logic / scoring / validation.,[]
p0600,"Nedelja 5: Browser, DOM, events + Odin Foundations projekti",,,,f2,w05,d031,daily_ai_policy,/course/software-engineer/days/d031#ai-policy,AI režim: AI samo requirements clarification i test cases.,[]
p0601,"Nedelja 5: Browser, DOM, events + Odin Foundations projekti",,,,f2,w05,d031,daily_completion_criterion,/course/software-engineer/days/d031#completion,Gotovo kada: Igra radi u konzoli bez globalnog haosa.,[]
p0602,"Nedelja 5: Browser, DOM, events + Odin Foundations projekti",40,1,1,f2,w05,d032,day_heading,/course/software-engineer/days/d032,DAN 32,[]
p0603,"Nedelja 5: Browser, DOM, events + Odin Foundations projekti",40,1,2,f2,w05,d032,day_title,/course/software-engineer/days/d032,01.10.2026 — RPS — UI,[]
p0604,"Nedelja 5: Browser, DOM, events + Odin Foundations projekti",,,,f2,w05,d032,day_duration,/course/software-engineer/days/d032,Vreme: 120 min,[]
p0605,"Nedelja 5: Browser, DOM, events + Odin Foundations projekti",,,,f2,w05,d032,lesson_content,/course/software-engineer/days/d032/lessons/d032-learn#study,Uči / pročitaj: TOP Revisiting Rock Paper Scissors.,[]
p0606,"Nedelja 5: Browser, DOM, events + Odin Foundations projekti",,,,f2,w05,d032,exercise_section,/course/software-engineer/days/d032/exercises/d032-practice,Uradi:,[]
p0607,"Nedelja 5: Browser, DOM, events + Odin Foundations projekti",,,,f2,w05,d032,exercise_task,/course/software-engineer/days/d032/exercises/d032-practice#d032-task-01,Dodaj DOM buttons i prikaz score-a.,[]
p0608,"Nedelja 5: Browser, DOM, events + Odin Foundations projekti",,,,f2,w05,d032,exercise_task,/course/software-engineer/days/d032/exercises/d032-practice#d032-task-02,Game logic ostaje odvojena od DOM-a.,[]
p0609,"Nedelja 5: Browser, DOM, events + Odin Foundations projekti",,,,f2,w05,d032,exercise_task,/course/software-engineer/days/d032/exercises/d032-practice#d032-task-03,Dodaj reset bez reload-a.,[]
p0610,"Nedelja 5: Browser, DOM, events + Odin Foundations projekti",,,,f2,w05,d032,daily_ai_policy,/course/software-engineer/days/d032#ai-policy,AI režim: AI reviewer ocenjuje separation of concerns.,[]
p0611,"Nedelja 5: Browser, DOM, events + Odin Foundations projekti",,,,f2,w05,d032,daily_completion_criterion,/course/software-engineer/days/d032#completion,"Gotovo kada: UI radi, a core logika može da se testira bez DOM-a.",[]
p0612,"Nedelja 5: Browser, DOM, events + Odin Foundations projekti",41,1,1,f2,w05,d033,day_heading,/course/software-engineer/days/d033,DAN 33,[]
p0613,"Nedelja 5: Browser, DOM, events + Odin Foundations projekti",41,1,2,f2,w05,d033,day_title,/course/software-engineer/days/d033,02.10.2026 — Etch-a-Sketch plan + grid,[]
p0614,"Nedelja 5: Browser, DOM, events + Odin Foundations projekti",,,,f2,w05,d033,day_duration,/course/software-engineer/days/d033,Vreme: 120 min,[]
p0615,"Nedelja 5: Browser, DOM, events + Odin Foundations projekti",,,,f2,w05,d033,lesson_content,/course/software-engineer/days/d033/lessons/d033-learn#study,Uči / pročitaj: TOP Project: Etch-a-Sketch.,[]
p0616,"Nedelja 5: Browser, DOM, events + Odin Foundations projekti",,,,f2,w05,d033,exercise_section,/course/software-engineer/days/d033/exercises/d033-practice,Uradi:,[]
p0617,"Nedelja 5: Browser, DOM, events + Odin Foundations projekti",,,,f2,w05,d033,exercise_task,/course/software-engineer/days/d033/exercises/d033-practice#d033-task-01,Napiši requirements i pseudocode.,[]
p0618,"Nedelja 5: Browser, DOM, events + Odin Foundations projekti",,,,f2,w05,d033,exercise_task,/course/software-engineer/days/d033/exercises/d033-practice#d033-task-02,Generiši NxN grid.,[]
p0619,"Nedelja 5: Browser, DOM, events + Odin Foundations projekti",,,,f2,w05,d033,exercise_task,/course/software-engineer/days/d033/exercises/d033-practice#d033-task-03,Hover crta; reset i resize sa validacijom.,[]
p0620,"Nedelja 5: Browser, DOM, events + Odin Foundations projekti",,,,f2,w05,d033,daily_ai_policy,/course/software-engineer/days/d033#ai-policy,AI režim: AI ne sme davati CSS/JS solution; može objasniti jedan DOM API ako ga pitaš.,[]
p0621,"Nedelja 5: Browser, DOM, events + Odin Foundations projekti",,,,f2,w05,d033,daily_completion_criterion,/course/software-engineer/days/d033#completion,Gotovo kada: 16x16 i 32x32 grid rade bez copy-paste blokova.,[]
p0622,"Nedelja 5: Browser, DOM, events + Odin Foundations projekti",42,1,1,f2,w05,d034,day_heading,/course/software-engineer/days/d034,DAN 34,[]
p0623,"Nedelja 5: Browser, DOM, events + Odin Foundations projekti",42,1,2,f2,w05,d034,day_title,/course/software-engineer/days/d034,03.10.2026 — Etch-a-Sketch polish,[]
p0624,"Nedelja 5: Browser, DOM, events + Odin Foundations projekti",,,,f2,w05,d034,day_duration,/course/software-engineer/days/d034,Vreme: 180 min,[]
p0625,"Nedelja 5: Browser, DOM, events + Odin Foundations projekti",,,,f2,w05,d034,lesson_content,/course/software-engineer/days/d034/lessons/d034-learn#study,Uči / pročitaj: Bez nove teorije.,[]
p0626,"Nedelja 5: Browser, DOM, events + Odin Foundations projekti",,,,f2,w05,d034,exercise_section,/course/software-engineer/days/d034/exercises/d034-practice,Uradi:,[]
p0627,"Nedelja 5: Browser, DOM, events + Odin Foundations projekti",,,,f2,w05,d034,exercise_task,/course/software-engineer/days/d034/exercises/d034-practice#d034-task-01,Dodaj 2 modes: black/random ili erase.,[]
p0628,"Nedelja 5: Browser, DOM, events + Odin Foundations projekti",,,,f2,w05,d034,exercise_task,/course/software-engineer/days/d034/exercises/d034-practice#d034-task-02,Refactor render/reset logic.,[]
p0629,"Nedelja 5: Browser, DOM, events + Odin Foundations projekti",,,,f2,w05,d034,exercise_task,/course/software-engineer/days/d034/exercises/d034-practice#d034-task-03,README sa screenshot placeholderom i arhitekturom.,[]
p0630,"Nedelja 5: Browser, DOM, events + Odin Foundations projekti",,,,f2,w05,d034,daily_ai_policy,/course/software-engineer/days/d034#ai-policy,AI režim: AI accessibility/code review.,[]
p0631,"Nedelja 5: Browser, DOM, events + Odin Foundations projekti",,,,f2,w05,d034,daily_completion_criterion,/course/software-engineer/days/d034#completion,Gotovo kada: Projekat je deploy-ready kao statički sajt.,[]
p0632,"Nedelja 5: Browser, DOM, events + Odin Foundations projekti",43,1,1,f2,w05,d035,day_heading,/course/software-engineer/days/d035,DAN 35,[]
p0633,"Nedelja 5: Browser, DOM, events + Odin Foundations projekti",43,1,2,f2,w05,d035,day_title,/course/software-engineer/days/d035,04.10.2026 — Checkpoint 5,[]
p0634,"Nedelja 5: Browser, DOM, events + Odin Foundations projekti",,,,f2,w05,d035,day_duration,/course/software-engineer/days/d035,Vreme: 75 min,[]
p0635,"Nedelja 5: Browser, DOM, events + Odin Foundations projekti",,,,f2,w05,d035,lesson_content,/course/software-engineer/days/d035/lessons/d035-learn#study,Uči / pročitaj: Ponovi DOM/events.,[]
p0636,"Nedelja 5: Browser, DOM, events + Odin Foundations projekti",,,,f2,w05,d035,exercise_section,/course/software-engineer/days/d035/exercises/d035-practice,Uradi:,[]
p0637,"Nedelja 5: Browser, DOM, events + Odin Foundations projekti",,,,f2,w05,d035,exercise_task,/course/software-engineer/days/d035/exercises/d035-practice#d035-task-01,AI OFF: napravi mini “shopping list” UI: add/delete/mark purchased.,[]
p0638,"Nedelja 5: Browser, DOM, events + Odin Foundations projekti",,,,f2,w05,d035,exercise_task,/course/software-engineer/days/d035/exercises/d035-practice#d035-task-02,Bez localStorage.,[]
p0639,"Nedelja 5: Browser, DOM, events + Odin Foundations projekti",,,,f2,w05,d035,exercise_task,/course/software-engineer/days/d035/exercises/d035-practice#d035-task-03,Posle 45 min napiši šta bi promenio da ima 10k stavki.,[]
p0640,"Nedelja 5: Browser, DOM, events + Odin Foundations projekti",,,,f2,w05,d035,daily_ai_policy,/course/software-engineer/days/d035#ai-policy,AI režim: AI tek na kraju review.,[]
p0641,"Nedelja 5: Browser, DOM, events + Odin Foundations projekti",,,,f2,w05,d035,daily_completion_criterion,/course/software-engineer/days/d035#completion,Gotovo kada: Aplikacija radi i kod je podeljen na data/render/event deo.,[]
p0643,Nedelja 6: Objects + Calculator + samostalni frontend,,,,f2,w06,,week_context,/course/software-engineer/weeks/w06,Nedelja 6: Objects + Calculator + samostalni frontend,[]
p0644,Nedelja 6: Objects + Calculator + samostalni frontend,,,,f2,w06,,week_context,/course/software-engineer/weeks/w06,05.10.2026 – 11.10.2026  |  FAZA 2 — Web kao laboratorija za logiku,[]
p0645,Nedelja 6: Objects + Calculator + samostalni frontend,,,,f2,w06,,week_context,/course/software-engineer/weeks/w06,Cilj nedelje: Završiti Odin Foundations nivo i napraviti UI bez praćenja tutorijala.,[]
p0646,Nedelja 6: Objects + Calculator + samostalni frontend,,,,f2,w06,,week_context,/course/software-engineer/weeks/w06,"Primarni resursi: TOP Foundations Calculator/Conclusion, MDN",[]
p0647,Nedelja 6: Objects + Calculator + samostalni frontend,44,1,1,f2,w06,d036,day_heading,/course/software-engineer/days/d036,DAN 36,[]
p0648,Nedelja 6: Objects + Calculator + samostalni frontend,44,1,2,f2,w06,d036,day_title,/course/software-engineer/days/d036,05.10.2026 — Object basics refresh,[]
p0649,Nedelja 6: Objects + Calculator + samostalni frontend,,,,f2,w06,d036,day_duration,/course/software-engineer/days/d036,Vreme: 120 min,[]
p0650,Nedelja 6: Objects + Calculator + samostalni frontend,,,,f2,w06,d036,lesson_content,/course/software-engineer/days/d036/lessons/d036-learn#study,Uči / pročitaj: TOP Object Basics; javascript.info Objects.,[]
p0651,Nedelja 6: Objects + Calculator + samostalni frontend,,,,f2,w06,d036,exercise_section,/course/software-engineer/days/d036/exercises/d036-practice,Uradi:,[]
p0652,Nedelja 6: Objects + Calculator + samostalni frontend,,,,f2,w06,d036,exercise_task,/course/software-engineer/days/d036/exercises/d036-practice#d036-task-01,Napravi calculator object sa add/subtract/multiply/divide.,[]
p0653,Nedelja 6: Objects + Calculator + samostalni frontend,,,,f2,w06,d036,exercise_task,/course/software-engineer/days/d036/exercises/d036-practice#d036-task-02,Napravi player object i scoreBoard.,[]
p0654,Nedelja 6: Objects + Calculator + samostalni frontend,,,,f2,w06,d036,exercise_task,/course/software-engineer/days/d036/exercises/d036-practice#d036-task-03,Prepoznaj 3 mesta gde object bolje modeluje stanje od više nepovezanih promenljivih.,[]
p0655,Nedelja 6: Objects + Calculator + samostalni frontend,,,,f2,w06,d036,daily_ai_policy,/course/software-engineer/days/d036#ai-policy,AI režim: AI samo model review.,[]
p0656,Nedelja 6: Objects + Calculator + samostalni frontend,,,,f2,w06,d036,daily_completion_criterion,/course/software-engineer/days/d036#completion,"Gotovo kada: Objekti predstavljaju domenske entitete, ne služe samo kao “kutije”.",[]
p0657,Nedelja 6: Objects + Calculator + samostalni frontend,45,1,1,f2,w06,d037,day_heading,/course/software-engineer/days/d037,DAN 37,[]
p0658,Nedelja 6: Objects + Calculator + samostalni frontend,45,1,2,f2,w06,d037,day_title,/course/software-engineer/days/d037,06.10.2026 — Calculator specifikacija,[]
p0659,Nedelja 6: Objects + Calculator + samostalni frontend,,,,f2,w06,d037,day_duration,/course/software-engineer/days/d037,Vreme: 120 min,[]
p0660,Nedelja 6: Objects + Calculator + samostalni frontend,,,,f2,w06,d037,lesson_content,/course/software-engineer/days/d037/lessons/d037-learn#study,"Uči / pročitaj: TOP Project: Calculator — pročitaj requirements, ne solution.",[]
p0661,Nedelja 6: Objects + Calculator + samostalni frontend,,,,f2,w06,d037,exercise_section,/course/software-engineer/days/d037/exercises/d037-practice,Uradi:,[]
p0662,Nedelja 6: Objects + Calculator + samostalni frontend,,,,f2,w06,d037,exercise_task,/course/software-engineer/days/d037/exercises/d037-practice#d037-task-01,Nacrtaj state machine: firstOperand/operator/secondOperand/display.,[]
p0663,Nedelja 6: Objects + Calculator + samostalni frontend,,,,f2,w06,d037,exercise_task,/course/software-engineer/days/d037/exercises/d037-practice#d037-task-02,"Definiši behavior za decimal, clear, equals twice, divide by zero.",[]
p0664,Nedelja 6: Objects + Calculator + samostalni frontend,,,,f2,w06,d037,exercise_task,/course/software-engineer/days/d037/exercises/d037-practice#d037-task-03,"Napiši operate(a,op,b) i testiraj odvojeno.",[]
p0665,Nedelja 6: Objects + Calculator + samostalni frontend,,,,f2,w06,d037,daily_ai_policy,/course/software-engineer/days/d037#ai-policy,"AI režim: AI product manager: proverava nejasne requirements, bez koda.",[]
p0666,Nedelja 6: Objects + Calculator + samostalni frontend,,,,f2,w06,d037,daily_completion_criterion,/course/software-engineer/days/d037#completion,Gotovo kada: Imaš spec i test matrix pre UI implementacije.,[]
p0667,Nedelja 6: Objects + Calculator + samostalni frontend,46,1,1,f2,w06,d038,day_heading,/course/software-engineer/days/d038,DAN 38,[]
p0668,Nedelja 6: Objects + Calculator + samostalni frontend,46,1,2,f2,w06,d038,day_title,/course/software-engineer/days/d038,07.10.2026 — Calculator implementacija 1,[]
p0669,Nedelja 6: Objects + Calculator + samostalni frontend,,,,f2,w06,d038,day_duration,/course/software-engineer/days/d038,Vreme: 120 min,[]
p0670,Nedelja 6: Objects + Calculator + samostalni frontend,,,,f2,w06,d038,lesson_content,/course/software-engineer/days/d038/lessons/d038-learn#study,Uči / pročitaj: Bez nove teorije.,[]
p0671,Nedelja 6: Objects + Calculator + samostalni frontend,,,,f2,w06,d038,exercise_section,/course/software-engineer/days/d038/exercises/d038-practice,Uradi:,[]
p0672,Nedelja 6: Objects + Calculator + samostalni frontend,,,,f2,w06,d038,exercise_task,/course/software-engineer/days/d038/exercises/d038-practice#d038-task-01,UI buttons + display.,[]
p0673,Nedelja 6: Objects + Calculator + samostalni frontend,,,,f2,w06,d038,exercise_task,/course/software-engineer/days/d038/exercises/d038-practice#d038-task-02,Broj/operator input radi.,[]
p0674,Nedelja 6: Objects + Calculator + samostalni frontend,,,,f2,w06,d038,exercise_task,/course/software-engineer/days/d038/exercises/d038-practice#d038-task-03,Ne koristi eval().,[]
p0675,Nedelja 6: Objects + Calculator + samostalni frontend,,,,f2,w06,d038,daily_ai_policy,/course/software-engineer/days/d038#ai-policy,AI režim: AI debugger samo ako si proveo 20 min sa breakpointom.,[]
p0676,Nedelja 6: Objects + Calculator + samostalni frontend,,,,f2,w06,d038,daily_completion_criterion,/course/software-engineer/days/d038#completion,Gotovo kada: Osnovne 4 operacije rade.,[]
p0677,Nedelja 6: Objects + Calculator + samostalni frontend,47,1,1,f2,w06,d039,day_heading,/course/software-engineer/days/d039,DAN 39,[]
p0678,Nedelja 6: Objects + Calculator + samostalni frontend,47,1,2,f2,w06,d039,day_title,/course/software-engineer/days/d039,08.10.2026 — Calculator implementacija 2,[]
p0679,Nedelja 6: Objects + Calculator + samostalni frontend,,,,f2,w06,d039,day_duration,/course/software-engineer/days/d039,Vreme: 120 min,[]
p0680,Nedelja 6: Objects + Calculator + samostalni frontend,,,,f2,w06,d039,lesson_content,/course/software-engineer/days/d039/lessons/d039-learn#study,Uči / pročitaj: Bez nove teorije.,[]
p0681,Nedelja 6: Objects + Calculator + samostalni frontend,,,,f2,w06,d039,exercise_section,/course/software-engineer/days/d039/exercises/d039-practice,Uradi:,[]
p0682,Nedelja 6: Objects + Calculator + samostalni frontend,,,,f2,w06,d039,exercise_task,/course/software-engineer/days/d039/exercises/d039-practice#d039-task-01,"Decimals, backspace, keyboard, error state.",[]
p0683,Nedelja 6: Objects + Calculator + samostalni frontend,,,,f2,w06,d039,exercise_task,/course/software-engineer/days/d039/exercises/d039-practice#d039-task-02,Refactor state transitions.,[]
p0684,Nedelja 6: Objects + Calculator + samostalni frontend,,,,f2,w06,d039,exercise_task,/course/software-engineer/days/d039/exercises/d039-practice#d039-task-03,Dodaj 15 test slučajeva u dokument ili automated za core.,[]
p0685,Nedelja 6: Objects + Calculator + samostalni frontend,,,,f2,w06,d039,daily_ai_policy,/course/software-engineer/days/d039#ai-policy,AI režim: AI test engineer i code reviewer.,[]
p0686,Nedelja 6: Objects + Calculator + samostalni frontend,,,,f2,w06,d039,daily_completion_criterion,/course/software-engineer/days/d039#completion,Gotovo kada: Edge cases su dokumentovani i rade.,[]
p0687,Nedelja 6: Objects + Calculator + samostalni frontend,48,1,1,f2,w06,d040,day_heading,/course/software-engineer/days/d040,DAN 40,[]
p0688,Nedelja 6: Objects + Calculator + samostalni frontend,48,1,2,f2,w06,d040,day_title,/course/software-engineer/days/d040,09.10.2026 — Odin Foundations audit,[]
p0689,Nedelja 6: Objects + Calculator + samostalni frontend,,,,f2,w06,d040,day_duration,/course/software-engineer/days/d040,Vreme: 120 min,[]
p0690,Nedelja 6: Objects + Calculator + samostalni frontend,,,,f2,w06,d040,lesson_content,/course/software-engineer/days/d040/lessons/d040-learn#study,Uči / pročitaj: TOP Foundations Conclusion / Choose Your Path Forward.,[]
p0691,Nedelja 6: Objects + Calculator + samostalni frontend,,,,f2,w06,d040,exercise_section,/course/software-engineer/days/d040/exercises/d040-practice,Uradi:,[]
p0692,Nedelja 6: Objects + Calculator + samostalni frontend,,,,f2,w06,d040,exercise_task,/course/software-engineer/days/d040/exercises/d040-practice#d040-task-01,Pregledaj Foundations listu i označi: znam / klimavo / ne znam.,[]
p0693,Nedelja 6: Objects + Calculator + samostalni frontend,,,,f2,w06,d040,exercise_task,/course/software-engineer/days/d040/exercises/d040-practice#d040-task-02,Ne vraćaj se na HTML/CSS detalje osim ako blokiraju JS.,[]
p0694,Nedelja 6: Objects + Calculator + samostalni frontend,,,,f2,w06,d040,exercise_task,/course/software-engineer/days/d040/exercises/d040-practice#d040-task-03,Napravi “JS foundations cheat sheet” na 2 strane iz glave.,[]
p0695,Nedelja 6: Objects + Calculator + samostalni frontend,,,,f2,w06,d040,daily_ai_policy,/course/software-engineer/days/d040#ai-policy,AI režim: AI dopunjava samo rupe posle tvoje verzije.,[]
p0696,Nedelja 6: Objects + Calculator + samostalni frontend,,,,f2,w06,d040,daily_completion_criterion,/course/software-engineer/days/d040#completion,"Gotovo kada: Cheat sheet pokriva types, control flow, functions, arrays, objects, DOM, events, errors.",[]
p0697,Nedelja 6: Objects + Calculator + samostalni frontend,49,1,1,f2,w06,d041,day_heading,/course/software-engineer/days/d041,DAN 41,[]
p0698,Nedelja 6: Objects + Calculator + samostalni frontend,49,1,2,f2,w06,d041,day_title,/course/software-engineer/days/d041,10.10.2026 — Samostalni projekat: Quiz App,[]
p0699,Nedelja 6: Objects + Calculator + samostalni frontend,,,,f2,w06,d041,day_duration,/course/software-engineer/days/d041,Vreme: 180 min,[]
p0700,Nedelja 6: Objects + Calculator + samostalni frontend,,,,f2,w06,d041,lesson_content,/course/software-engineer/days/d041/lessons/d041-learn#study,Uči / pročitaj: Bez tutoriala. DOM + state + arrays/objects.,[]
p0701,Nedelja 6: Objects + Calculator + samostalni frontend,,,,f2,w06,d041,exercise_section,/course/software-engineer/days/d041/exercises/d041-practice,Uradi:,[]
p0702,Nedelja 6: Objects + Calculator + samostalni frontend,,,,f2,w06,d041,exercise_task,/course/software-engineer/days/d041/exercises/d041-practice#d041-task-01,10 pitanja iz JS-a; jedno po jedno; score; restart.,[]
p0703,Nedelja 6: Objects + Calculator + samostalni frontend,,,,f2,w06,d041,exercise_task,/course/software-engineer/days/d041/exercises/d041-practice#d041-task-02,Shuffle pitanja; spreči dvostruki odgovor.,[]
p0704,Nedelja 6: Objects + Calculator + samostalni frontend,,,,f2,w06,d041,exercise_task,/course/software-engineer/days/d041/exercises/d041-practice#d041-task-03,"Odvoji question data, game state, render.",[]
p0705,Nedelja 6: Objects + Calculator + samostalni frontend,,,,f2,w06,d041,daily_ai_policy,/course/software-engineer/days/d041#ai-policy,AI režim: AI generiše pitanja i QA cases; ti praviš sistem.,[]
p0706,Nedelja 6: Objects + Calculator + samostalni frontend,,,,f2,w06,d041,daily_completion_criterion,/course/software-engineer/days/d041#completion,Gotovo kada: Aplikacija radi i možeš dodati pitanje bez menjanja game logike.,[]
p0707,Nedelja 6: Objects + Calculator + samostalni frontend,50,1,1,f2,w06,d042,day_heading,/course/software-engineer/days/d042,DAN 42,[]
p0708,Nedelja 6: Objects + Calculator + samostalni frontend,50,1,2,f2,w06,d042,day_title,/course/software-engineer/days/d042,11.10.2026 — Checkpoint 6 — Odin Foundations gate,[]
p0709,Nedelja 6: Objects + Calculator + samostalni frontend,,,,f2,w06,d042,day_duration,/course/software-engineer/days/d042,Vreme: 75 min,[]
p0710,Nedelja 6: Objects + Calculator + samostalni frontend,,,,f2,w06,d042,lesson_content,/course/software-engineer/days/d042/lessons/d042-learn#study,Uči / pročitaj: Bez novih resursa.,[]
p0711,Nedelja 6: Objects + Calculator + samostalni frontend,,,,f2,w06,d042,exercise_section,/course/software-engineer/days/d042/exercises/d042-practice,Uradi:,[]
p0712,Nedelja 6: Objects + Calculator + samostalni frontend,,,,f2,w06,d042,exercise_task,/course/software-engineer/days/d042/exercises/d042-practice#d042-task-01,AI OFF: objasni i napiši mini app “counter with history” za 45 min.,[]
p0713,Nedelja 6: Objects + Calculator + samostalni frontend,,,,f2,w06,d042,exercise_task,/course/software-engineer/days/d042/exercises/d042-practice#d042-task-02,Odgovori na 20 sopstvenih flash pitanja.,[]
p0714,Nedelja 6: Objects + Calculator + samostalni frontend,,,,f2,w06,d042,exercise_task,/course/software-engineer/days/d042/exercises/d042-practice#d042-task-03,Oceni sebe 0–2 po temi; sve ključne teme moraju ≥1.,[]
p0715,Nedelja 6: Objects + Calculator + samostalni frontend,,,,f2,w06,d042,daily_ai_policy,/course/software-engineer/days/d042#ai-policy,AI režim: AI proverava samo nakon predaje.,[]
p0716,Nedelja 6: Objects + Calculator + samostalni frontend,,,,f2,w06,d042,daily_completion_criterion,/course/software-engineer/days/d042#completion,"Gotovo kada: Spreman si za Odin JavaScript course, ne vraćaš se na stari video-kurs.",[]
p0718,"Nedelja 7: Odin JavaScript: constructors, factories, Library",,,,f3,w07,,week_context,/course/software-engineer/weeks/w07,"Nedelja 7: Odin JavaScript: constructors, factories, Library",[]
p0719,"Nedelja 7: Odin JavaScript: constructors, factories, Library",,,,f3,w07,,week_context,/course/software-engineer/weeks/w07,12.10.2026 – 18.10.2026  |  FAZA 3 — Organizacija većeg JS koda,[]
p0720,"Nedelja 7: Odin JavaScript: constructors, factories, Library",,,,f3,w07,,week_context,/course/software-engineer/weeks/w07,Cilj nedelje: Naučiti da modeluješ entitete i organizuješ kod za projekat koji raste.,[]
p0721,"Nedelja 7: Odin JavaScript: constructors, factories, Library",,,,f3,w07,,week_context,/course/software-engineer/weeks/w07,"Primarni resursi: TOP JavaScript Constructors/Factories/Library, javascript.info",[]
p0722,"Nedelja 7: Odin JavaScript: constructors, factories, Library",51,1,1,f3,w07,,week_context,/course/software-engineer/weeks/w07,"Faza signal
Odavde svaki projekat mora imati plan, module i README. “Radi” više nije dovoljan kriterijum.",[]
p0724,"Nedelja 7: Odin JavaScript: constructors, factories, Library",52,1,1,f3,w07,d043,day_heading,/course/software-engineer/days/d043,DAN 43,[]
p0725,"Nedelja 7: Odin JavaScript: constructors, factories, Library",52,1,2,f3,w07,d043,day_title,/course/software-engineer/days/d043,12.10.2026 — Constructors i prototype intuicija,[]
p0726,"Nedelja 7: Odin JavaScript: constructors, factories, Library",,,,f3,w07,d043,day_duration,/course/software-engineer/days/d043,Vreme: 120 min,[]
p0727,"Nedelja 7: Odin JavaScript: constructors, factories, Library",,,,f3,w07,d043,lesson_content,/course/software-engineer/days/d043/lessons/d043-learn#study,Uči / pročitaj: TOP JS: Organizing Code with Objects + Object Constructors; javascript.info Constructor/new.,[]
p0728,"Nedelja 7: Odin JavaScript: constructors, factories, Library",,,,f3,w07,d043,exercise_section,/course/software-engineer/days/d043/exercises/d043-practice,Uradi:,[]
p0729,"Nedelja 7: Odin JavaScript: constructors, factories, Library",,,,f3,w07,d043,exercise_task,/course/software-engineer/days/d043/exercises/d043-practice#d043-task-01,Napravi Book constructor i 5 instances.,[]
p0730,"Nedelja 7: Odin JavaScript: constructors, factories, Library",,,,f3,w07,d043,exercise_task,/course/software-engineer/days/d043/exercises/d043-practice#d043-task-02,Dodaj method na prototype i objasni razliku od method per instance.,[]
p0731,"Nedelja 7: Odin JavaScript: constructors, factories, Library",,,,f3,w07,d043,exercise_task,/course/software-engineer/days/d043/exercises/d043-practice#d043-task-03,Proveri prototype chain u devtools.,[]
p0732,"Nedelja 7: Odin JavaScript: constructors, factories, Library",,,,f3,w07,d043,daily_ai_policy,/course/software-engineer/days/d043#ai-policy,AI režim: AI proverava objašnjenje prototype chain-a.,[]
p0733,"Nedelja 7: Odin JavaScript: constructors, factories, Library",,,,f3,w07,d043,daily_completion_criterion,/course/software-engineer/days/d043#completion,Gotovo kada: Možeš objasniti new u 4 koraka.,[]
p0734,"Nedelja 7: Odin JavaScript: constructors, factories, Library",53,1,1,f3,w07,d044,day_heading,/course/software-engineer/days/d044,DAN 44,[]
p0735,"Nedelja 7: Odin JavaScript: constructors, factories, Library",53,1,2,f3,w07,d044,day_title,/course/software-engineer/days/d044,13.10.2026 — Project Library — model,[]
p0736,"Nedelja 7: Odin JavaScript: constructors, factories, Library",,,,f3,w07,d044,day_duration,/course/software-engineer/days/d044,Vreme: 120 min,[]
p0737,"Nedelja 7: Odin JavaScript: constructors, factories, Library",,,,f3,w07,d044,lesson_content,/course/software-engineer/days/d044/lessons/d044-learn#study,Uči / pročitaj: TOP Project: Library.,[]
p0738,"Nedelja 7: Odin JavaScript: constructors, factories, Library",,,,f3,w07,d044,exercise_section,/course/software-engineer/days/d044/exercises/d044-practice,Uradi:,[]
p0739,"Nedelja 7: Odin JavaScript: constructors, factories, Library",,,,f3,w07,d044,exercise_task,/course/software-engineer/days/d044/exercises/d044-practice#d044-task-01,Definiši Book fields i Library collection API.,[]
p0740,"Nedelja 7: Odin JavaScript: constructors, factories, Library",,,,f3,w07,d044,exercise_task,/course/software-engineer/days/d044/exercises/d044-practice#d044-task-02,addBook/removeBook/toggleRead/findById pre UI-a.,[]
p0741,"Nedelja 7: Odin JavaScript: constructors, factories, Library",,,,f3,w07,d044,exercise_task,/course/software-engineer/days/d044/exercises/d044-practice#d044-task-03,ID generiši crypto.randomUUID gde je dostupno.,[]
p0742,"Nedelja 7: Odin JavaScript: constructors, factories, Library",,,,f3,w07,d044,daily_ai_policy,/course/software-engineer/days/d044#ai-policy,AI režim: AI arhitekta kritikuje data model.,[]
p0743,"Nedelja 7: Odin JavaScript: constructors, factories, Library",,,,f3,w07,d044,daily_completion_criterion,/course/software-engineer/days/d044#completion,Gotovo kada: Core API radi u konzoli.,[]
p0744,"Nedelja 7: Odin JavaScript: constructors, factories, Library",54,1,1,f3,w07,d045,day_heading,/course/software-engineer/days/d045,DAN 45,[]
p0745,"Nedelja 7: Odin JavaScript: constructors, factories, Library",54,1,2,f3,w07,d045,day_title,/course/software-engineer/days/d045,14.10.2026 — Library — render,[]
p0746,"Nedelja 7: Odin JavaScript: constructors, factories, Library",,,,f3,w07,d045,day_duration,/course/software-engineer/days/d045,Vreme: 120 min,[]
p0747,"Nedelja 7: Odin JavaScript: constructors, factories, Library",,,,f3,w07,d045,lesson_content,/course/software-engineer/days/d045/lessons/d045-learn#study,Uči / pročitaj: DOM + odvajanje logike.,[]
p0748,"Nedelja 7: Odin JavaScript: constructors, factories, Library",,,,f3,w07,d045,exercise_section,/course/software-engineer/days/d045/exercises/d045-practice,Uradi:,[]
p0749,"Nedelja 7: Odin JavaScript: constructors, factories, Library",,,,f3,w07,d045,exercise_task,/course/software-engineer/days/d045/exercises/d045-practice#d045-task-01,renderBooks() čita state i pravi cards/table.,[]
p0750,"Nedelja 7: Odin JavaScript: constructors, factories, Library",,,,f3,w07,d045,exercise_task,/course/software-engineer/days/d045/exercises/d045-practice#d045-task-02,Form submit dodaje knjigu.,[]
p0751,"Nedelja 7: Odin JavaScript: constructors, factories, Library",,,,f3,w07,d045,exercise_task,/course/software-engineer/days/d045/exercises/d045-practice#d045-task-03,Delete i toggle read preko data-id.,[]
p0752,"Nedelja 7: Odin JavaScript: constructors, factories, Library",,,,f3,w07,d045,daily_ai_policy,/course/software-engineer/days/d045#ai-policy,AI režim: AI review samo separation of concerns.,[]
p0753,"Nedelja 7: Odin JavaScript: constructors, factories, Library",,,,f3,w07,d045,daily_completion_criterion,/course/software-engineer/days/d045#completion,Gotovo kada: Sve funkcije rade bez duplicated state-a.,[]
p0754,"Nedelja 7: Odin JavaScript: constructors, factories, Library",55,1,1,f3,w07,d046,day_heading,/course/software-engineer/days/d046,DAN 46,[]
p0755,"Nedelja 7: Odin JavaScript: constructors, factories, Library",55,1,2,f3,w07,d046,day_title,/course/software-engineer/days/d046,15.10.2026 — Factories i module pattern,[]
p0756,"Nedelja 7: Odin JavaScript: constructors, factories, Library",,,,f3,w07,d046,day_duration,/course/software-engineer/days/d046,Vreme: 120 min,[]
p0757,"Nedelja 7: Odin JavaScript: constructors, factories, Library",,,,f3,w07,d046,lesson_content,/course/software-engineer/days/d046/lessons/d046-learn#study,Uči / pročitaj: TOP Factory Functions and Module Pattern; javascript.info closures recap.,[]
p0758,"Nedelja 7: Odin JavaScript: constructors, factories, Library",,,,f3,w07,d046,exercise_section,/course/software-engineer/days/d046/exercises/d046-practice,Uradi:,[]
p0759,"Nedelja 7: Odin JavaScript: constructors, factories, Library",,,,f3,w07,d046,exercise_task,/course/software-engineer/days/d046/exercises/d046-practice#d046-task-01,Prepiši mali constructor primer kao factory.,[]
p0760,"Nedelja 7: Odin JavaScript: constructors, factories, Library",,,,f3,w07,d046,exercise_task,/course/software-engineer/days/d046/exercises/d046-practice#d046-task-02,Napravi counter module sa privatnim state-om.,[]
p0761,"Nedelja 7: Odin JavaScript: constructors, factories, Library",,,,f3,w07,d046,exercise_task,/course/software-engineer/days/d046/exercises/d046-practice#d046-task-03,Uporedi constructor/prototype vs factory/closure u notes.,[]
p0762,"Nedelja 7: Odin JavaScript: constructors, factories, Library",,,,f3,w07,d046,daily_ai_policy,/course/software-engineer/days/d046#ai-policy,"AI režim: AI debatni partner: traži trade-offs, bez “jedan je bolji”.",[]
p0763,"Nedelja 7: Odin JavaScript: constructors, factories, Library",,,,f3,w07,d046,daily_completion_criterion,/course/software-engineer/days/d046#completion,Gotovo kada: Razumeš oba modela i možeš izabrati jedan.,[]
p0764,"Nedelja 7: Odin JavaScript: constructors, factories, Library",56,1,1,f3,w07,d047,day_heading,/course/software-engineer/days/d047,DAN 47,[]
p0765,"Nedelja 7: Odin JavaScript: constructors, factories, Library",56,1,2,f3,w07,d047,day_title,/course/software-engineer/days/d047,16.10.2026 — Library refactor + persistence,[]
p0766,"Nedelja 7: Odin JavaScript: constructors, factories, Library",,,,f3,w07,d047,day_duration,/course/software-engineer/days/d047,Vreme: 120 min,[]
p0767,"Nedelja 7: Odin JavaScript: constructors, factories, Library",,,,f3,w07,d047,lesson_content,/course/software-engineer/days/d047/lessons/d047-learn#study,Uči / pročitaj: Bez tutoriala; localStorage/JSON po potrebi MDN.,[]
p0768,"Nedelja 7: Odin JavaScript: constructors, factories, Library",,,,f3,w07,d047,exercise_section,/course/software-engineer/days/d047/exercises/d047-practice,Uradi:,[]
p0769,"Nedelja 7: Odin JavaScript: constructors, factories, Library",,,,f3,w07,d047,exercise_task,/course/software-engineer/days/d047/exercises/d047-practice#d047-task-01,Dodaj save/load localStorage.,[]
p0770,"Nedelja 7: Odin JavaScript: constructors, factories, Library",,,,f3,w07,d047,exercise_task,/course/software-engineer/days/d047/exercises/d047-practice#d047-task-02,Validacija form-a.,[]
p0771,"Nedelja 7: Odin JavaScript: constructors, factories, Library",,,,f3,w07,d047,exercise_task,/course/software-engineer/days/d047/exercises/d047-practice#d047-task-03,Razdvoji storage i UI module.,[]
p0772,"Nedelja 7: Odin JavaScript: constructors, factories, Library",,,,f3,w07,d047,daily_ai_policy,/course/software-engineer/days/d047#ai-policy,AI režim: AI QA za persistence edge cases.,[]
p0773,"Nedelja 7: Odin JavaScript: constructors, factories, Library",,,,f3,w07,d047,daily_completion_criterion,/course/software-engineer/days/d047#completion,Gotovo kada: Refresh ne gubi podatke i invalid input ne pravi book.,[]
p0774,"Nedelja 7: Odin JavaScript: constructors, factories, Library",57,1,1,f3,w07,d048,day_heading,/course/software-engineer/days/d048,DAN 48,[]
p0775,"Nedelja 7: Odin JavaScript: constructors, factories, Library",57,1,2,f3,w07,d048,day_title,/course/software-engineer/days/d048,17.10.2026 — Library polish + README,[]
p0776,"Nedelja 7: Odin JavaScript: constructors, factories, Library",,,,f3,w07,d048,day_duration,/course/software-engineer/days/d048,Vreme: 180 min,[]
p0777,"Nedelja 7: Odin JavaScript: constructors, factories, Library",,,,f3,w07,d048,lesson_content,/course/software-engineer/days/d048/lessons/d048-learn#study,Uči / pročitaj: Bez nove teorije.,[]
p0778,"Nedelja 7: Odin JavaScript: constructors, factories, Library",,,,f3,w07,d048,exercise_section,/course/software-engineer/days/d048/exercises/d048-practice,Uradi:,[]
p0779,"Nedelja 7: Odin JavaScript: constructors, factories, Library",,,,f3,w07,d048,exercise_task,/course/software-engineer/days/d048/exercises/d048-practice#d048-task-01,Refactor naming i file structure.,[]
p0780,"Nedelja 7: Odin JavaScript: constructors, factories, Library",,,,f3,w07,d048,exercise_task,/course/software-engineer/days/d048/exercises/d048-practice#d048-task-02,Dodaj empty state i simple filter.,[]
p0781,"Nedelja 7: Odin JavaScript: constructors, factories, Library",,,,f3,w07,d048,exercise_task,/course/software-engineer/days/d048/exercises/d048-practice#d048-task-03,"README: architecture, trade-offs, known limitations.",[]
p0782,"Nedelja 7: Odin JavaScript: constructors, factories, Library",,,,f3,w07,d048,daily_ai_policy,/course/software-engineer/days/d048#ai-policy,AI režim: AI PR reviewer sa severity: blocker/major/minor/nit.,[]
p0783,"Nedelja 7: Odin JavaScript: constructors, factories, Library",,,,f3,w07,d048,daily_completion_criterion,/course/software-engineer/days/d048#completion,Gotovo kada: Nema blocker/major komentara nakon tvoje popravke.,[]
p0784,"Nedelja 7: Odin JavaScript: constructors, factories, Library",58,1,1,f3,w07,d049,day_heading,/course/software-engineer/days/d049,DAN 49,[]
p0785,"Nedelja 7: Odin JavaScript: constructors, factories, Library",58,1,2,f3,w07,d049,day_title,/course/software-engineer/days/d049,18.10.2026 — Checkpoint 7,[]
p0786,"Nedelja 7: Odin JavaScript: constructors, factories, Library",,,,f3,w07,d049,day_duration,/course/software-engineer/days/d049,Vreme: 75 min,[]
p0787,"Nedelja 7: Odin JavaScript: constructors, factories, Library",,,,f3,w07,d049,lesson_content,/course/software-engineer/days/d049/lessons/d049-learn#study,Uči / pročitaj: Bez novih resursa.,[]
p0788,"Nedelja 7: Odin JavaScript: constructors, factories, Library",,,,f3,w07,d049,exercise_section,/course/software-engineer/days/d049/exercises/d049-practice,Uradi:,[]
p0789,"Nedelja 7: Odin JavaScript: constructors, factories, Library",,,,f3,w07,d049,exercise_task,/course/software-engineer/days/d049/exercises/d049-practice#d049-task-01,AI OFF: modeluj “Movie Watchlist” core za 45 min.,[]
p0790,"Nedelja 7: Odin JavaScript: constructors, factories, Library",,,,f3,w07,d049,exercise_task,/course/software-engineer/days/d049/exercises/d049-practice#d049-task-02,Mora imati add/remove/rate/filter.,[]
p0791,"Nedelja 7: Odin JavaScript: constructors, factories, Library",,,,f3,w07,d049,exercise_task,/course/software-engineer/days/d049/exercises/d049-practice#d049-task-03,Objasni gde bi stavio persistence i DOM.,[]
p0792,"Nedelja 7: Odin JavaScript: constructors, factories, Library",,,,f3,w07,d049,daily_ai_policy,/course/software-engineer/days/d049#ai-policy,AI režim: AI oceni architecture 1–5.,[]
p0793,"Nedelja 7: Odin JavaScript: constructors, factories, Library",,,,f3,w07,d049,daily_completion_criterion,/course/software-engineer/days/d049#completion,Gotovo kada: ≥4 architecture i working core.,[]
p0795,"Nedelja 8: Tic-Tac-Toe, classes, modules, npm",,,,f3,w08,,week_context,/course/software-engineer/weeks/w08,"Nedelja 8: Tic-Tac-Toe, classes, modules, npm",[]
p0796,"Nedelja 8: Tic-Tac-Toe, classes, modules, npm",,,,f3,w08,,week_context,/course/software-engineer/weeks/w08,19.10.2026 – 25.10.2026  |  FAZA 3 — Organizacija većeg JS koda,[]
p0797,"Nedelja 8: Tic-Tac-Toe, classes, modules, npm",,,,f3,w08,,week_context,/course/software-engineer/weeks/w08,Cilj nedelje: Upravljati state-om igre i preći na modularan tooling.,[]
p0798,"Nedelja 8: Tic-Tac-Toe, classes, modules, npm",,,,f3,w08,,week_context,/course/software-engineer/weeks/w08,"Primarni resursi: TOP Tic Tac Toe/Classes/Modules/npm, MDN",[]
p0799,"Nedelja 8: Tic-Tac-Toe, classes, modules, npm",59,1,1,f3,w08,d050,day_heading,/course/software-engineer/days/d050,DAN 50,[]
p0800,"Nedelja 8: Tic-Tac-Toe, classes, modules, npm",59,1,2,f3,w08,d050,day_title,/course/software-engineer/days/d050,19.10.2026 — Tic-Tac-Toe: domenski model,[]
p0801,"Nedelja 8: Tic-Tac-Toe, classes, modules, npm",,,,f3,w08,d050,day_duration,/course/software-engineer/days/d050,Vreme: 120 min,[]
p0802,"Nedelja 8: Tic-Tac-Toe, classes, modules, npm",,,,f3,w08,d050,lesson_content,/course/software-engineer/days/d050/lessons/d050-learn#study,Uči / pročitaj: TOP Project: Tic Tac Toe.,[]
p0803,"Nedelja 8: Tic-Tac-Toe, classes, modules, npm",,,,f3,w08,d050,exercise_section,/course/software-engineer/days/d050/exercises/d050-practice,Uradi:,[]
p0804,"Nedelja 8: Tic-Tac-Toe, classes, modules, npm",,,,f3,w08,d050,exercise_task,/course/software-engineer/days/d050/exercises/d050-practice#d050-task-01,"Bez DOM-a: Gameboard, Player, GameController.",[]
p0805,"Nedelja 8: Tic-Tac-Toe, classes, modules, npm",,,,f3,w08,d050,exercise_task,/course/software-engineer/days/d050/exercises/d050-practice#d050-task-02,Definiši win combinations i game-over invariant.,[]
p0806,"Nedelja 8: Tic-Tac-Toe, classes, modules, npm",,,,f3,w08,d050,exercise_task,/course/software-engineer/days/d050/exercises/d050-practice#d050-task-03,Napiši checkWinner čistom funkcijom.,[]
p0807,"Nedelja 8: Tic-Tac-Toe, classes, modules, npm",,,,f3,w08,d050,daily_ai_policy,/course/software-engineer/days/d050#ai-policy,AI režim: AI samo pita o state transitions.,[]
p0808,"Nedelja 8: Tic-Tac-Toe, classes, modules, npm",,,,f3,w08,d050,daily_completion_criterion,/course/software-engineer/days/d050#completion,Gotovo kada: Game core radi u konzoli.,[]
p0809,"Nedelja 8: Tic-Tac-Toe, classes, modules, npm",60,1,1,f3,w08,d051,day_heading,/course/software-engineer/days/d051,DAN 51,[]
p0810,"Nedelja 8: Tic-Tac-Toe, classes, modules, npm",60,1,2,f3,w08,d051,day_title,/course/software-engineer/days/d051,20.10.2026 — Tic-Tac-Toe: UI,[]
p0811,"Nedelja 8: Tic-Tac-Toe, classes, modules, npm",,,,f3,w08,d051,day_duration,/course/software-engineer/days/d051,Vreme: 120 min,[]
p0812,"Nedelja 8: Tic-Tac-Toe, classes, modules, npm",,,,f3,w08,d051,lesson_content,/course/software-engineer/days/d051/lessons/d051-learn#study,Uči / pročitaj: DOM/events.,[]
p0813,"Nedelja 8: Tic-Tac-Toe, classes, modules, npm",,,,f3,w08,d051,exercise_section,/course/software-engineer/days/d051/exercises/d051-practice,Uradi:,[]
p0814,"Nedelja 8: Tic-Tac-Toe, classes, modules, npm",,,,f3,w08,d051,exercise_task,/course/software-engineer/days/d051/exercises/d051-practice#d051-task-01,Render board iz state-a.,[]
p0815,"Nedelja 8: Tic-Tac-Toe, classes, modules, npm",,,,f3,w08,d051,exercise_task,/course/software-engineer/days/d051/exercises/d051-practice#d051-task-02,Klik radi samo na praznoj ćeliji.,[]
p0816,"Nedelja 8: Tic-Tac-Toe, classes, modules, npm",,,,f3,w08,d051,exercise_task,/course/software-engineer/days/d051/exercises/d051-practice#d051-task-03,Prikaži current player/winner/draw/restart.,[]
p0817,"Nedelja 8: Tic-Tac-Toe, classes, modules, npm",,,,f3,w08,d051,daily_ai_policy,/course/software-engineer/days/d051#ai-policy,AI režim: AI bug coach ako treba.,[]
p0818,"Nedelja 8: Tic-Tac-Toe, classes, modules, npm",,,,f3,w08,d051,daily_completion_criterion,/course/software-engineer/days/d051#completion,Gotovo kada: UI ne sadrži duplu kopiju board state-a.,[]
p0819,"Nedelja 8: Tic-Tac-Toe, classes, modules, npm",61,1,1,f3,w08,d052,day_heading,/course/software-engineer/days/d052,DAN 52,[]
p0820,"Nedelja 8: Tic-Tac-Toe, classes, modules, npm",61,1,2,f3,w08,d052,day_title,/course/software-engineer/days/d052,21.10.2026 — Classes,[]
p0821,"Nedelja 8: Tic-Tac-Toe, classes, modules, npm",,,,f3,w08,d052,day_duration,/course/software-engineer/days/d052,Vreme: 120 min,[]
p0822,"Nedelja 8: Tic-Tac-Toe, classes, modules, npm",,,,f3,w08,d052,lesson_content,/course/software-engineer/days/d052/lessons/d052-learn#study,Uči / pročitaj: TOP Classes; MDN Classes; javascript.info Classes basics.,[]
p0823,"Nedelja 8: Tic-Tac-Toe, classes, modules, npm",,,,f3,w08,d052,exercise_section,/course/software-engineer/days/d052/exercises/d052-practice,Uradi:,[]
p0824,"Nedelja 8: Tic-Tac-Toe, classes, modules, npm",,,,f3,w08,d052,exercise_task,/course/software-engineer/days/d052/exercises/d052-practice#d052-task-01,Napravi class User sa constructor/method/getter.,[]
p0825,"Nedelja 8: Tic-Tac-Toe, classes, modules, npm",,,,f3,w08,d052,exercise_task,/course/software-engineer/days/d052/exercises/d052-practice#d052-task-02,Inheritance primer samo da razumeš mehanizam; zatim kompozicioni primer.,[]
p0826,"Nedelja 8: Tic-Tac-Toe, classes, modules, npm",,,,f3,w08,d052,exercise_task,/course/software-engineer/days/d052/exercises/d052-practice#d052-task-03,"Zapiši kada klasa pomaže, a kada je nepotrebna.",[]
p0827,"Nedelja 8: Tic-Tac-Toe, classes, modules, npm",,,,f3,w08,d052,daily_ai_policy,/course/software-engineer/days/d052#ai-policy,AI režim: AI traži da braniš design choice.,[]
p0828,"Nedelja 8: Tic-Tac-Toe, classes, modules, npm",,,,f3,w08,d052,daily_completion_criterion,/course/software-engineer/days/d052#completion,Gotovo kada: Razumeš class kao syntax nad prototype mehanizmom na praktičnom nivou.,[]
p0829,"Nedelja 8: Tic-Tac-Toe, classes, modules, npm",62,1,1,f3,w08,d053,day_heading,/course/software-engineer/days/d053,DAN 53,[]
p0830,"Nedelja 8: Tic-Tac-Toe, classes, modules, npm",62,1,2,f3,w08,d053,day_title,/course/software-engineer/days/d053,22.10.2026 — ES Modules,[]
p0831,"Nedelja 8: Tic-Tac-Toe, classes, modules, npm",,,,f3,w08,d053,day_duration,/course/software-engineer/days/d053,Vreme: 120 min,[]
p0832,"Nedelja 8: Tic-Tac-Toe, classes, modules, npm",,,,f3,w08,d053,lesson_content,/course/software-engineer/days/d053/lessons/d053-learn#study,Uči / pročitaj: TOP ES6 Modules; MDN Modules.,[]
p0833,"Nedelja 8: Tic-Tac-Toe, classes, modules, npm",,,,f3,w08,d053,exercise_section,/course/software-engineer/days/d053/exercises/d053-practice,Uradi:,[]
p0834,"Nedelja 8: Tic-Tac-Toe, classes, modules, npm",,,,f3,w08,d053,exercise_task,/course/software-engineer/days/d053/exercises/d053-practice#d053-task-01,Podeli Tic-Tac-Toe na 4 modula.,[]
p0835,"Nedelja 8: Tic-Tac-Toe, classes, modules, npm",,,,f3,w08,d053,exercise_task,/course/software-engineer/days/d053/exercises/d053-practice#d053-task-02,Izbegni global variables.,[]
p0836,"Nedelja 8: Tic-Tac-Toe, classes, modules, npm",,,,f3,w08,d053,exercise_task,/course/software-engineer/days/d053/exercises/d053-practice#d053-task-03,Napravi dependency diagram na papiru.,[]
p0837,"Nedelja 8: Tic-Tac-Toe, classes, modules, npm",,,,f3,w08,d053,daily_ai_policy,/course/software-engineer/days/d053#ai-policy,AI režim: AI proverava dependency direction.,[]
p0838,"Nedelja 8: Tic-Tac-Toe, classes, modules, npm",,,,f3,w08,d053,daily_completion_criterion,/course/software-engineer/days/d053#completion,Gotovo kada: App radi preko modules i ima jasan dependency flow.,[]
p0839,"Nedelja 8: Tic-Tac-Toe, classes, modules, npm",63,1,1,f3,w08,d054,day_heading,/course/software-engineer/days/d054,DAN 54,[]
p0840,"Nedelja 8: Tic-Tac-Toe, classes, modules, npm",63,1,2,f3,w08,d054,day_title,/course/software-engineer/days/d054,23.10.2026 — npm i package.json,[]
p0841,"Nedelja 8: Tic-Tac-Toe, classes, modules, npm",,,,f3,w08,d054,day_duration,/course/software-engineer/days/d054,Vreme: 120 min,[]
p0842,"Nedelja 8: Tic-Tac-Toe, classes, modules, npm",,,,f3,w08,d054,lesson_content,/course/software-engineer/days/d054/lessons/d054-learn#study,Uči / pročitaj: TOP npm.,[]
p0843,"Nedelja 8: Tic-Tac-Toe, classes, modules, npm",,,,f3,w08,d054,exercise_section,/course/software-engineer/days/d054/exercises/d054-practice,Uradi:,[]
p0844,"Nedelja 8: Tic-Tac-Toe, classes, modules, npm",,,,f3,w08,d054,exercise_task,/course/software-engineer/days/d054/exercises/d054-practice#d054-task-01,npm init; scripts start/test/lint placeholder.,[]
p0845,"Nedelja 8: Tic-Tac-Toe, classes, modules, npm",,,,f3,w08,d054,exercise_task,/course/software-engineer/days/d054/exercises/d054-practice#d054-task-02,Instaliraj jednu dev dependency i ukloni je.,[]
p0846,"Nedelja 8: Tic-Tac-Toe, classes, modules, npm",,,,f3,w08,d054,exercise_task,/course/software-engineer/days/d054/exercises/d054-practice#d054-task-03,Objasni package.json vs package-lock.json.,[]
p0847,"Nedelja 8: Tic-Tac-Toe, classes, modules, npm",,,,f3,w08,d054,daily_ai_policy,/course/software-engineer/days/d054#ai-policy,AI režim: AI kviz 10 pitanja o npm-u.,[]
p0848,"Nedelja 8: Tic-Tac-Toe, classes, modules, npm",,,,f3,w08,d054,daily_completion_criterion,/course/software-engineer/days/d054#completion,Gotovo kada: Možeš napraviti projekat i objasniti dependency/devDependency.,[]
p0849,"Nedelja 8: Tic-Tac-Toe, classes, modules, npm",64,1,1,f3,w08,d055,day_heading,/course/software-engineer/days/d055,DAN 55,[]
p0850,"Nedelja 8: Tic-Tac-Toe, classes, modules, npm",64,1,2,f3,w08,d055,day_title,/course/software-engineer/days/d055,24.10.2026 — Mini-projekat: Memory Game core,[]
p0851,"Nedelja 8: Tic-Tac-Toe, classes, modules, npm",,,,f3,w08,d055,day_duration,/course/software-engineer/days/d055,Vreme: 180 min,[]
p0852,"Nedelja 8: Tic-Tac-Toe, classes, modules, npm",,,,f3,w08,d055,lesson_content,/course/software-engineer/days/d055/lessons/d055-learn#study,Uči / pročitaj: Moduli/classes/factories po izboru.,[]
p0853,"Nedelja 8: Tic-Tac-Toe, classes, modules, npm",,,,f3,w08,d055,exercise_section,/course/software-engineer/days/d055/exercises/d055-practice,Uradi:,[]
p0854,"Nedelja 8: Tic-Tac-Toe, classes, modules, npm",,,,f3,w08,d055,exercise_task,/course/software-engineer/days/d055/exercises/d055-practice#d055-task-01,Deck generation/shuffle/flip/match logic.,[]
p0855,"Nedelja 8: Tic-Tac-Toe, classes, modules, npm",,,,f3,w08,d055,exercise_task,/course/software-engineer/days/d055/exercises/d055-practice#d055-task-02,DOM basic UI.,[]
p0856,"Nedelja 8: Tic-Tac-Toe, classes, modules, npm",,,,f3,w08,d055,exercise_task,/course/software-engineer/days/d055/exercises/d055-practice#d055-task-03,Commit po funkcionalnosti.,[]
p0857,"Nedelja 8: Tic-Tac-Toe, classes, modules, npm",,,,f3,w08,d055,daily_ai_policy,/course/software-engineer/days/d055#ai-policy,"AI režim: AI reviewer, bez generisanja game logic-a.",[]
p0858,"Nedelja 8: Tic-Tac-Toe, classes, modules, npm",,,,f3,w08,d055,daily_completion_criterion,/course/software-engineer/days/d055#completion,Gotovo kada: Igra ima stabilan state i nema illegal double-click ponašanje.,[]
p0859,"Nedelja 8: Tic-Tac-Toe, classes, modules, npm",65,1,1,f3,w08,d056,day_heading,/course/software-engineer/days/d056,DAN 56,[]
p0860,"Nedelja 8: Tic-Tac-Toe, classes, modules, npm",65,1,2,f3,w08,d056,day_title,/course/software-engineer/days/d056,25.10.2026 — Checkpoint 8,[]
p0861,"Nedelja 8: Tic-Tac-Toe, classes, modules, npm",,,,f3,w08,d056,day_duration,/course/software-engineer/days/d056,Vreme: 75 min,[]
p0862,"Nedelja 8: Tic-Tac-Toe, classes, modules, npm",,,,f3,w08,d056,lesson_content,/course/software-engineer/days/d056/lessons/d056-learn#study,Uči / pročitaj: Bez nove teorije.,[]
p0863,"Nedelja 8: Tic-Tac-Toe, classes, modules, npm",,,,f3,w08,d056,exercise_section,/course/software-engineer/days/d056/exercises/d056-practice,Uradi:,[]
p0864,"Nedelja 8: Tic-Tac-Toe, classes, modules, npm",,,,f3,w08,d056,exercise_task,/course/software-engineer/days/d056/exercises/d056-practice#d056-task-01,AI OFF: napiši isWinner(board) za Tic-Tac-Toe od nule.,[]
p0865,"Nedelja 8: Tic-Tac-Toe, classes, modules, npm",,,,f3,w08,d056,exercise_task,/course/software-engineer/days/d056/exercises/d056-practice#d056-task-02,Napiši shuffle bez copy-paste.,[]
p0866,"Nedelja 8: Tic-Tac-Toe, classes, modules, npm",,,,f3,w08,d056,exercise_task,/course/software-engineer/days/d056/exercises/d056-practice#d056-task-03,Objasni module boundary u svom projektu.,[]
p0867,"Nedelja 8: Tic-Tac-Toe, classes, modules, npm",,,,f3,w08,d056,daily_ai_policy,/course/software-engineer/days/d056#ai-policy,AI režim: AI tek na kraju.,[]
p0868,"Nedelja 8: Tic-Tac-Toe, classes, modules, npm",,,,f3,w08,d056,daily_completion_criterion,/course/software-engineer/days/d056#completion,Gotovo kada: Sve 3 stavke rešene i objašnjene.,[]
p0870,Nedelja 9: Tooling + Restaurant Page,,,,f3,w09,,week_context,/course/software-engineer/weeks/w09,Nedelja 9: Tooling + Restaurant Page,[]
p0871,Nedelja 9: Tooling + Restaurant Page,,,,f3,w09,,week_context,/course/software-engineer/weeks/w09,26.10.2026 – 01.11.2026  |  FAZA 3 — Organizacija većeg JS koda,[]
p0872,Nedelja 9: Tooling + Restaurant Page,,,,f3,w09,,week_context,/course/software-engineer/weeks/w09,Cilj nedelje: Razumeti build tooling dovoljno da ne bude magija.,[]
p0873,Nedelja 9: Tooling + Restaurant Page,,,,f3,w09,,week_context,/course/software-engineer/weeks/w09,Primarni resursi: TOP Webpack/Restaurant/JSON/Linting,[]
p0874,Nedelja 9: Tooling + Restaurant Page,66,1,1,f3,w09,d057,day_heading,/course/software-engineer/days/d057,DAN 57,[]
p0875,Nedelja 9: Tooling + Restaurant Page,66,1,2,f3,w09,d057,day_title,/course/software-engineer/days/d057,26.10.2026 — Bundler mental model,[]
p0876,Nedelja 9: Tooling + Restaurant Page,,,,f3,w09,d057,day_duration,/course/software-engineer/days/d057,Vreme: 120 min,[]
p0877,Nedelja 9: Tooling + Restaurant Page,,,,f3,w09,d057,lesson_content,/course/software-engineer/days/d057/lessons/d057-learn#study,Uči / pročitaj: TOP Webpack + Revisiting Webpack (ili trenutni alat koji lekcija zahteva).,[]
p0878,Nedelja 9: Tooling + Restaurant Page,,,,f3,w09,d057,exercise_section,/course/software-engineer/days/d057/exercises/d057-practice,Uradi:,[]
p0879,Nedelja 9: Tooling + Restaurant Page,,,,f3,w09,d057,exercise_task,/course/software-engineer/days/d057/exercises/d057-practice#d057-task-01,Nacrtaj entry → dependency graph → bundle.,[]
p0880,Nedelja 9: Tooling + Restaurant Page,,,,f3,w09,d057,exercise_task,/course/software-engineer/days/d057/exercises/d057-practice#d057-task-02,"Pokreni minimal config iz dokumentacije, ali prekucaj ga i objasni svaku stavku.",[]
p0881,Nedelja 9: Tooling + Restaurant Page,,,,f3,w09,d057,exercise_task,/course/software-engineer/days/d057/exercises/d057-practice#d057-task-03,Napravi dev/build npm scripts.,[]
p0882,Nedelja 9: Tooling + Restaurant Page,,,,f3,w09,d057,daily_ai_policy,/course/software-engineer/days/d057#ai-policy,"AI režim: AI sme objasniti config liniju, ali ne generiše ceo config pre tvog pokušaja.",[]
p0883,Nedelja 9: Tooling + Restaurant Page,,,,f3,w09,d057,daily_completion_criterion,/course/software-engineer/days/d057#completion,Gotovo kada: Možeš objasniti šta bundler rešava.,[]
p0884,Nedelja 9: Tooling + Restaurant Page,67,1,1,f3,w09,d058,day_heading,/course/software-engineer/days/d058,DAN 58,[]
p0885,Nedelja 9: Tooling + Restaurant Page,67,1,2,f3,w09,d058,day_title,/course/software-engineer/days/d058,27.10.2026 — Restaurant Page — skeleton,[]
p0886,Nedelja 9: Tooling + Restaurant Page,,,,f3,w09,d058,day_duration,/course/software-engineer/days/d058,Vreme: 120 min,[]
p0887,Nedelja 9: Tooling + Restaurant Page,,,,f3,w09,d058,lesson_content,/course/software-engineer/days/d058/lessons/d058-learn#study,Uči / pročitaj: TOP Project: Restaurant Page.,[]
p0888,Nedelja 9: Tooling + Restaurant Page,,,,f3,w09,d058,exercise_section,/course/software-engineer/days/d058/exercises/d058-practice,Uradi:,[]
p0889,Nedelja 9: Tooling + Restaurant Page,,,,f3,w09,d058,exercise_task,/course/software-engineer/days/d058/exercises/d058-practice#d058-task-01,Jedan HTML skeleton; content preko JS modules.,[]
p0890,Nedelja 9: Tooling + Restaurant Page,,,,f3,w09,d058,exercise_task,/course/software-engineer/days/d058/exercises/d058-practice#d058-task-02,home/menu/contact moduli.,[]
p0891,Nedelja 9: Tooling + Restaurant Page,,,,f3,w09,d058,exercise_task,/course/software-engineer/days/d058/exercises/d058-practice#d058-task-03,Navigation menja content bez reload-a.,[]
p0892,Nedelja 9: Tooling + Restaurant Page,,,,f3,w09,d058,daily_ai_policy,/course/software-engineer/days/d058#ai-policy,AI režim: AI UI review samo posle funkcionalnosti.,[]
p0893,Nedelja 9: Tooling + Restaurant Page,,,,f3,w09,d058,daily_completion_criterion,/course/software-engineer/days/d058#completion,Gotovo kada: 3 views rade kroz module functions.,[]
p0894,Nedelja 9: Tooling + Restaurant Page,68,1,1,f3,w09,d059,day_heading,/course/software-engineer/days/d059,DAN 59,[]
p0895,Nedelja 9: Tooling + Restaurant Page,68,1,2,f3,w09,d059,day_title,/course/software-engineer/days/d059,28.10.2026 — Restaurant — separation,[]
p0896,Nedelja 9: Tooling + Restaurant Page,,,,f3,w09,d059,day_duration,/course/software-engineer/days/d059,Vreme: 120 min,[]
p0897,Nedelja 9: Tooling + Restaurant Page,,,,f3,w09,d059,lesson_content,/course/software-engineer/days/d059/lessons/d059-learn#study,Uči / pročitaj: Bez nove teorije.,[]
p0898,Nedelja 9: Tooling + Restaurant Page,,,,f3,w09,d059,exercise_section,/course/software-engineer/days/d059/exercises/d059-practice,Uradi:,[]
p0899,Nedelja 9: Tooling + Restaurant Page,,,,f3,w09,d059,exercise_task,/course/software-engineer/days/d059/exercises/d059-practice#d059-task-01,Izvuci DOM helpers po potrebi.,[]
p0900,Nedelja 9: Tooling + Restaurant Page,,,,f3,w09,d059,exercise_task,/course/software-engineer/days/d059/exercises/d059-practice#d059-task-02,Nema ogromne 100-line render funkcije.,[]
p0901,Nedelja 9: Tooling + Restaurant Page,,,,f3,w09,d059,exercise_task,/course/software-engineer/days/d059/exercises/d059-practice#d059-task-03,Asset handling kroz bundler.,[]
p0902,Nedelja 9: Tooling + Restaurant Page,,,,f3,w09,d059,daily_ai_policy,/course/software-engineer/days/d059#ai-policy,AI režim: AI PR review na cohesion/coupling.,[]
p0903,Nedelja 9: Tooling + Restaurant Page,,,,f3,w09,d059,daily_completion_criterion,/course/software-engineer/days/d059#completion,Gotovo kada: Kod se lako menja bez ripple efekta.,[]
p0904,Nedelja 9: Tooling + Restaurant Page,69,1,1,f3,w09,d060,day_heading,/course/software-engineer/days/d060,DAN 60,[]
p0905,Nedelja 9: Tooling + Restaurant Page,69,1,2,f3,w09,d060,day_title,/course/software-engineer/days/d060,29.10.2026 — JSON,[]
p0906,Nedelja 9: Tooling + Restaurant Page,,,,f3,w09,d060,day_duration,/course/software-engineer/days/d060,Vreme: 120 min,[]
p0907,Nedelja 9: Tooling + Restaurant Page,,,,f3,w09,d060,lesson_content,/course/software-engineer/days/d060/lessons/d060-learn#study,Uči / pročitaj: TOP JSON; javascript.info JSON methods.,[]
p0908,Nedelja 9: Tooling + Restaurant Page,,,,f3,w09,d060,exercise_section,/course/software-engineer/days/d060/exercises/d060-practice,Uradi:,[]
p0909,Nedelja 9: Tooling + Restaurant Page,,,,f3,w09,d060,exercise_task,/course/software-engineer/days/d060/exercises/d060-practice#d060-task-01,Parse/stringify nested objekat.,[]
p0910,Nedelja 9: Tooling + Restaurant Page,,,,f3,w09,d060,exercise_task,/course/software-engineer/days/d060/exercises/d060-practice#d060-task-02,Objasni šta se gubi pri JSON serializaciji (npr. functions).,[]
p0911,Nedelja 9: Tooling + Restaurant Page,,,,f3,w09,d060,exercise_task,/course/software-engineer/days/d060/exercises/d060-practice#d060-task-03,Mock API response → normalize → render.,[]
p0912,Nedelja 9: Tooling + Restaurant Page,,,,f3,w09,d060,daily_ai_policy,/course/software-engineer/days/d060#ai-policy,AI režim: AI daje 5 malformed/edge JSON scenarija.,[]
p0913,Nedelja 9: Tooling + Restaurant Page,,,,f3,w09,d060,daily_completion_criterion,/course/software-engineer/days/d060#completion,Gotovo kada: Sigurno parsiraš i validiraš expected shape.,[]
p0914,Nedelja 9: Tooling + Restaurant Page,70,1,1,f3,w09,d061,day_heading,/course/software-engineer/days/d061,DAN 61,[]
p0915,Nedelja 9: Tooling + Restaurant Page,70,1,2,f3,w09,d061,day_title,/course/software-engineer/days/d061,30.10.2026 — Linting i code quality,[]
p0916,Nedelja 9: Tooling + Restaurant Page,,,,f3,w09,d061,day_duration,/course/software-engineer/days/d061,Vreme: 120 min,[]
p0917,Nedelja 9: Tooling + Restaurant Page,,,,f3,w09,d061,lesson_content,/course/software-engineer/days/d061/lessons/d061-learn#study,Uči / pročitaj: TOP Linting; current ESLint getting started po potrebi.,[]
p0918,Nedelja 9: Tooling + Restaurant Page,,,,f3,w09,d061,exercise_section,/course/software-engineer/days/d061/exercises/d061-practice,Uradi:,[]
p0919,Nedelja 9: Tooling + Restaurant Page,,,,f3,w09,d061,exercise_task,/course/software-engineer/days/d061/exercises/d061-practice#d061-task-01,Dodaj ESLint u jedan projekat.,[]
p0920,Nedelja 9: Tooling + Restaurant Page,,,,f3,w09,d061,exercise_task,/course/software-engineer/days/d061/exercises/d061-practice#d061-task-02,Ispravi errors; ne slepo sve warnings.,[]
p0921,Nedelja 9: Tooling + Restaurant Page,,,,f3,w09,d061,exercise_task,/course/software-engineer/days/d061/exercises/d061-practice#d061-task-03,Napiši 5 svojih style pravila.,[]
p0922,Nedelja 9: Tooling + Restaurant Page,,,,f3,w09,d061,daily_ai_policy,/course/software-engineer/days/d061#ai-policy,AI režim: AI objašnjava samo lint rule koji ne razumeš.,[]
p0923,Nedelja 9: Tooling + Restaurant Page,,,,f3,w09,d061,daily_completion_criterion,/course/software-engineer/days/d061#completion,Gotovo kada: npm script lint radi.,[]
p0924,Nedelja 9: Tooling + Restaurant Page,71,1,1,f3,w09,d062,day_heading,/course/software-engineer/days/d062,DAN 62,[]
p0925,Nedelja 9: Tooling + Restaurant Page,71,1,2,f3,w09,d062,day_title,/course/software-engineer/days/d062,31.10.2026 — Restaurant final,[]
p0926,Nedelja 9: Tooling + Restaurant Page,,,,f3,w09,d062,day_duration,/course/software-engineer/days/d062,Vreme: 180 min,[]
p0927,Nedelja 9: Tooling + Restaurant Page,,,,f3,w09,d062,lesson_content,/course/software-engineer/days/d062/lessons/d062-learn#study,Uči / pročitaj: Bez nove teorije.,[]
p0928,Nedelja 9: Tooling + Restaurant Page,,,,f3,w09,d062,exercise_section,/course/software-engineer/days/d062/exercises/d062-practice,Uradi:,[]
p0929,Nedelja 9: Tooling + Restaurant Page,,,,f3,w09,d062,exercise_task,/course/software-engineer/days/d062/exercises/d062-practice#d062-task-01,Responsive enough za desktop/mobile basic.,[]
p0930,Nedelja 9: Tooling + Restaurant Page,,,,f3,w09,d062,exercise_task,/course/software-engineer/days/d062/exercises/d062-practice#d062-task-02,README i deployment.,[]
p0931,Nedelja 9: Tooling + Restaurant Page,,,,f3,w09,d062,exercise_task,/course/software-engineer/days/d062/exercises/d062-practice#d062-task-03,Tag release v1.0.0 lokalno u Git-u.,[]
p0932,Nedelja 9: Tooling + Restaurant Page,,,,f3,w09,d062,daily_ai_policy,/course/software-engineer/days/d062#ai-policy,AI režim: AI final reviewer.,[]
p0933,Nedelja 9: Tooling + Restaurant Page,,,,f3,w09,d062,daily_completion_criterion,/course/software-engineer/days/d062#completion,"Gotovo kada: Projekat je završen, ne beskonačno poliran.",[]
p0934,Nedelja 9: Tooling + Restaurant Page,72,1,1,f3,w09,d063,day_heading,/course/software-engineer/days/d063,DAN 63,[]
p0935,Nedelja 9: Tooling + Restaurant Page,72,1,2,f3,w09,d063,day_title,/course/software-engineer/days/d063,01.11.2026 — Checkpoint 9,[]
p0936,Nedelja 9: Tooling + Restaurant Page,,,,f3,w09,d063,day_duration,/course/software-engineer/days/d063,Vreme: 75 min,[]
p0937,Nedelja 9: Tooling + Restaurant Page,,,,f3,w09,d063,lesson_content,/course/software-engineer/days/d063/lessons/d063-learn#study,Uči / pročitaj: Bez novih resursa.,[]
p0938,Nedelja 9: Tooling + Restaurant Page,,,,f3,w09,d063,exercise_section,/course/software-engineer/days/d063/exercises/d063-practice,Uradi:,[]
p0939,Nedelja 9: Tooling + Restaurant Page,,,,f3,w09,d063,exercise_task,/course/software-engineer/days/d063/exercises/d063-practice#d063-task-01,AI OFF: napravi mini tabbed interface iz praznog foldera.,[]
p0940,Nedelja 9: Tooling + Restaurant Page,,,,f3,w09,d063,exercise_task,/course/software-engineer/days/d063/exercises/d063-practice#d063-task-02,Koristi modules i npm script.,[]
p0941,Nedelja 9: Tooling + Restaurant Page,,,,f3,w09,d063,exercise_task,/course/software-engineer/days/d063/exercises/d063-practice#d063-task-03,Objasni build pipeline.,[]
p0942,Nedelja 9: Tooling + Restaurant Page,,,,f3,w09,d063,daily_ai_policy,/course/software-engineer/days/d063#ai-policy,AI režim: AI proverava samo na kraju.,[]
p0943,Nedelja 9: Tooling + Restaurant Page,,,,f3,w09,d063,daily_completion_criterion,/course/software-engineer/days/d063#completion,Gotovo kada: Working mini app za 60 min.,[]
p0945,"Nedelja 10: Todo app: state, persistence, OOP principi, forms",,,,f3,w10,,week_context,/course/software-engineer/weeks/w10,"Nedelja 10: Todo app: state, persistence, OOP principi, forms",[]
p0946,"Nedelja 10: Todo app: state, persistence, OOP principi, forms",,,,f3,w10,,week_context,/course/software-engineer/weeks/w10,02.11.2026 – 08.11.2026  |  FAZA 3 — Organizacija većeg JS koda,[]
p0947,"Nedelja 10: Todo app: state, persistence, OOP principi, forms",,,,f3,w10,,week_context,/course/software-engineer/weeks/w10,Cilj nedelje: Napraviti prvi projekat sa više entiteta i realnim CRUD tokom.,[]
p0948,"Nedelja 10: Todo app: state, persistence, OOP principi, forms",,,,f3,w10,,week_context,/course/software-engineer/weeks/w10,"Primarni resursi: TOP Todo/OOP/Form Validation, MDN",[]
p0949,"Nedelja 10: Todo app: state, persistence, OOP principi, forms",73,1,1,f3,w10,d064,day_heading,/course/software-engineer/days/d064,DAN 64,[]
p0950,"Nedelja 10: Todo app: state, persistence, OOP principi, forms",73,1,2,f3,w10,d064,day_title,/course/software-engineer/days/d064,02.11.2026 — Todo model/spec,[]
p0951,"Nedelja 10: Todo app: state, persistence, OOP principi, forms",,,,f3,w10,d064,day_duration,/course/software-engineer/days/d064,Vreme: 120 min,[]
p0952,"Nedelja 10: Todo app: state, persistence, OOP principi, forms",,,,f3,w10,d064,lesson_content,/course/software-engineer/days/d064/lessons/d064-learn#study,Uči / pročitaj: TOP OOP Principles + Project: Todo List requirements.,[]
p0953,"Nedelja 10: Todo app: state, persistence, OOP principi, forms",,,,f3,w10,d064,exercise_section,/course/software-engineer/days/d064/exercises/d064-practice,Uradi:,[]
p0954,"Nedelja 10: Todo app: state, persistence, OOP principi, forms",,,,f3,w10,d064,exercise_task,/course/software-engineer/days/d064/exercises/d064-practice#d064-task-01,"Model: Project, Todo; fields: id,title,description,dueDate,priority,completed.",[]
p0955,"Nedelja 10: Todo app: state, persistence, OOP principi, forms",,,,f3,w10,d064,exercise_task,/course/software-engineer/days/d064/exercises/d064-practice#d064-task-02,Definiši operations i invariants pre koda.,[]
p0956,"Nedelja 10: Todo app: state, persistence, OOP principi, forms",,,,f3,w10,d064,exercise_task,/course/software-engineer/days/d064/exercises/d064-practice#d064-task-03,Nacrtaj data flow: storage → state → render → events.,[]
p0957,"Nedelja 10: Todo app: state, persistence, OOP principi, forms",,,,f3,w10,d064,daily_ai_policy,/course/software-engineer/days/d064#ai-policy,AI režim: AI arhitekta traži rupe u modelu.,[]
p0958,"Nedelja 10: Todo app: state, persistence, OOP principi, forms",,,,f3,w10,d064,daily_completion_criterion,/course/software-engineer/days/d064#completion,"Gotovo kada: Spec pokriva CRUD, filtering i persistence.",[]
p0959,"Nedelja 10: Todo app: state, persistence, OOP principi, forms",74,1,1,f3,w10,d065,day_heading,/course/software-engineer/days/d065,DAN 65,[]
p0960,"Nedelja 10: Todo app: state, persistence, OOP principi, forms",74,1,2,f3,w10,d065,day_title,/course/software-engineer/days/d065,03.11.2026 — Todo core,[]
p0961,"Nedelja 10: Todo app: state, persistence, OOP principi, forms",,,,f3,w10,d065,day_duration,/course/software-engineer/days/d065,Vreme: 120 min,[]
p0962,"Nedelja 10: Todo app: state, persistence, OOP principi, forms",,,,f3,w10,d065,lesson_content,/course/software-engineer/days/d065/lessons/d065-learn#study,Uči / pročitaj: Bez UI-a.,[]
p0963,"Nedelja 10: Todo app: state, persistence, OOP principi, forms",,,,f3,w10,d065,exercise_section,/course/software-engineer/days/d065/exercises/d065-practice,Uradi:,[]
p0964,"Nedelja 10: Todo app: state, persistence, OOP principi, forms",,,,f3,w10,d065,exercise_task,/course/software-engineer/days/d065/exercises/d065-practice#d065-task-01,createProject/deleteProject; createTodo/update/delete/toggle.,[]
p0965,"Nedelja 10: Todo app: state, persistence, OOP principi, forms",,,,f3,w10,d065,exercise_task,/course/software-engineer/days/d065/exercises/d065-practice#d065-task-02,Filter po project/status/priority.,[]
p0966,"Nedelja 10: Todo app: state, persistence, OOP principi, forms",,,,f3,w10,d065,exercise_task,/course/software-engineer/days/d065/exercises/d065-practice#d065-task-03,Testiraj core ručno ili Jestom.,[]
p0967,"Nedelja 10: Todo app: state, persistence, OOP principi, forms",,,,f3,w10,d065,daily_ai_policy,/course/software-engineer/days/d065#ai-policy,AI režim: AI test cases.,[]
p0968,"Nedelja 10: Todo app: state, persistence, OOP principi, forms",,,,f3,w10,d065,daily_completion_criterion,/course/software-engineer/days/d065#completion,Gotovo kada: Core radi nezavisno od DOM-a.,[]
p0969,"Nedelja 10: Todo app: state, persistence, OOP principi, forms",75,1,1,f3,w10,d066,day_heading,/course/software-engineer/days/d066,DAN 66,[]
p0970,"Nedelja 10: Todo app: state, persistence, OOP principi, forms",75,1,2,f3,w10,d066,day_title,/course/software-engineer/days/d066,04.11.2026 — Todo UI,[]
p0971,"Nedelja 10: Todo app: state, persistence, OOP principi, forms",,,,f3,w10,d066,day_duration,/course/software-engineer/days/d066,Vreme: 120 min,[]
p0972,"Nedelja 10: Todo app: state, persistence, OOP principi, forms",,,,f3,w10,d066,lesson_content,/course/software-engineer/days/d066/lessons/d066-learn#study,Uči / pročitaj: DOM/forms.,[]
p0973,"Nedelja 10: Todo app: state, persistence, OOP principi, forms",,,,f3,w10,d066,exercise_section,/course/software-engineer/days/d066/exercises/d066-practice,Uradi:,[]
p0974,"Nedelja 10: Todo app: state, persistence, OOP principi, forms",,,,f3,w10,d066,exercise_task,/course/software-engineer/days/d066/exercises/d066-practice#d066-task-01,Project sidebar + todo list.,[]
p0975,"Nedelja 10: Todo app: state, persistence, OOP principi, forms",,,,f3,w10,d066,exercise_task,/course/software-engineer/days/d066/exercises/d066-practice#d066-task-02,Form create/edit.,[]
p0976,"Nedelja 10: Todo app: state, persistence, OOP principi, forms",,,,f3,w10,d066,exercise_task,/course/software-engineer/days/d066/exercises/d066-practice#d066-task-03,"Event handlers zovu core API, ne menjaju state ad hoc.",[]
p0977,"Nedelja 10: Todo app: state, persistence, OOP principi, forms",,,,f3,w10,d066,daily_ai_policy,/course/software-engineer/days/d066#ai-policy,AI režim: AI reviewer separation.,[]
p0978,"Nedelja 10: Todo app: state, persistence, OOP principi, forms",,,,f3,w10,d066,daily_completion_criterion,/course/software-engineer/days/d066#completion,Gotovo kada: CRUD radi u UI-u.,[]
p0979,"Nedelja 10: Todo app: state, persistence, OOP principi, forms",76,1,1,f3,w10,d067,day_heading,/course/software-engineer/days/d067,DAN 67,[]
p0980,"Nedelja 10: Todo app: state, persistence, OOP principi, forms",76,1,2,f3,w10,d067,day_title,/course/software-engineer/days/d067,05.11.2026 — Persistence + dates,[]
p0981,"Nedelja 10: Todo app: state, persistence, OOP principi, forms",,,,f3,w10,d067,day_duration,/course/software-engineer/days/d067,Vreme: 120 min,[]
p0982,"Nedelja 10: Todo app: state, persistence, OOP principi, forms",,,,f3,w10,d067,lesson_content,/course/software-engineer/days/d067/lessons/d067-learn#study,Uči / pročitaj: localStorage + JSON; date handling po MDN.,[]
p0983,"Nedelja 10: Todo app: state, persistence, OOP principi, forms",,,,f3,w10,d067,exercise_section,/course/software-engineer/days/d067/exercises/d067-practice,Uradi:,[]
p0984,"Nedelja 10: Todo app: state, persistence, OOP principi, forms",,,,f3,w10,d067,exercise_task,/course/software-engineer/days/d067/exercises/d067-practice#d067-task-01,Save posle mutation; load pri startu.,[]
p0985,"Nedelja 10: Todo app: state, persistence, OOP principi, forms",,,,f3,w10,d067,exercise_task,/course/software-engineer/days/d067/exercises/d067-practice#d067-task-02,Due date prikaz i overdue indikator.,[]
p0986,"Nedelja 10: Todo app: state, persistence, OOP principi, forms",,,,f3,w10,d067,exercise_task,/course/software-engineer/days/d067/exercises/d067-practice#d067-task-03,Migracioni default ako stari data nema novo polje.,[]
p0987,"Nedelja 10: Todo app: state, persistence, OOP principi, forms",,,,f3,w10,d067,daily_ai_policy,/course/software-engineer/days/d067#ai-policy,AI režim: AI QA za corrupt storage i missing fields.,[]
p0988,"Nedelja 10: Todo app: state, persistence, OOP principi, forms",,,,f3,w10,d067,daily_completion_criterion,/course/software-engineer/days/d067#completion,Gotovo kada: Refresh čuva data; app se ne ruši na praznom/corrupt storage-u.,[]
p0989,"Nedelja 10: Todo app: state, persistence, OOP principi, forms",77,1,1,f3,w10,d068,day_heading,/course/software-engineer/days/d068,DAN 68,[]
p0990,"Nedelja 10: Todo app: state, persistence, OOP principi, forms",77,1,2,f3,w10,d068,day_title,/course/software-engineer/days/d068,06.11.2026 — Form validation,[]
p0991,"Nedelja 10: Todo app: state, persistence, OOP principi, forms",,,,f3,w10,d068,day_duration,/course/software-engineer/days/d068,Vreme: 120 min,[]
p0992,"Nedelja 10: Todo app: state, persistence, OOP principi, forms",,,,f3,w10,d068,lesson_content,/course/software-engineer/days/d068/lessons/d068-learn#study,Uči / pročitaj: TOP Form Validation with JavaScript.,[]
p0993,"Nedelja 10: Todo app: state, persistence, OOP principi, forms",,,,f3,w10,d068,exercise_section,/course/software-engineer/days/d068/exercises/d068-practice,Uradi:,[]
p0994,"Nedelja 10: Todo app: state, persistence, OOP principi, forms",,,,f3,w10,d068,exercise_task,/course/software-engineer/days/d068/exercises/d068-practice#d068-task-01,Required/length/date rules.,[]
p0995,"Nedelja 10: Todo app: state, persistence, OOP principi, forms",,,,f3,w10,d068,exercise_task,/course/software-engineer/days/d068/exercises/d068-practice#d068-task-02,Inline error messages.,[]
p0996,"Nedelja 10: Todo app: state, persistence, OOP principi, forms",,,,f3,w10,d068,exercise_task,/course/software-engineer/days/d068/exercises/d068-practice#d068-task-03,"Validacija i u core-u za business rules, ne samo HTML form.",[]
p0997,"Nedelja 10: Todo app: state, persistence, OOP principi, forms",,,,f3,w10,d068,daily_ai_policy,/course/software-engineer/days/d068#ai-policy,AI režim: AI generiše invalid input matrix.,[]
p0998,"Nedelja 10: Todo app: state, persistence, OOP principi, forms",,,,f3,w10,d068,daily_completion_criterion,/course/software-engineer/days/d068#completion,Gotovo kada: Invalid todo ne ulazi u state.,[]
p0999,"Nedelja 10: Todo app: state, persistence, OOP principi, forms",78,1,1,f3,w10,d069,day_heading,/course/software-engineer/days/d069,DAN 69,[]
p1000,"Nedelja 10: Todo app: state, persistence, OOP principi, forms",78,1,2,f3,w10,d069,day_title,/course/software-engineer/days/d069,07.11.2026 — Todo final + refactor,[]
p1001,"Nedelja 10: Todo app: state, persistence, OOP principi, forms",,,,f3,w10,d069,day_duration,/course/software-engineer/days/d069,Vreme: 180 min,[]
p1002,"Nedelja 10: Todo app: state, persistence, OOP principi, forms",,,,f3,w10,d069,lesson_content,/course/software-engineer/days/d069/lessons/d069-learn#study,Uči / pročitaj: TOP OOP Principles recap.,[]
p1003,"Nedelja 10: Todo app: state, persistence, OOP principi, forms",,,,f3,w10,d069,exercise_section,/course/software-engineer/days/d069/exercises/d069-practice,Uradi:,[]
p1004,"Nedelja 10: Todo app: state, persistence, OOP principi, forms",,,,f3,w10,d069,exercise_task,/course/software-engineer/days/d069/exercises/d069-practice#d069-task-01,Prođi kroz svaki modul: jedan razlog za promenu?,[]
p1005,"Nedelja 10: Todo app: state, persistence, OOP principi, forms",,,,f3,w10,d069,exercise_task,/course/software-engineer/days/d069/exercises/d069-practice#d069-task-02,Ukloni duplication.,[]
p1006,"Nedelja 10: Todo app: state, persistence, OOP principi, forms",,,,f3,w10,d069,exercise_task,/course/software-engineer/days/d069/exercises/d069-practice#d069-task-03,README sa diagramom modules/data flow.,[]
p1007,"Nedelja 10: Todo app: state, persistence, OOP principi, forms",,,,f3,w10,d069,daily_ai_policy,/course/software-engineer/days/d069#ai-policy,AI režim: AI architecture review; ti primenjuješ samo komentare koje razumeš.,[]
p1008,"Nedelja 10: Todo app: state, persistence, OOP principi, forms",,,,f3,w10,d069,daily_completion_criterion,/course/software-engineer/days/d069#completion,Gotovo kada: Projekat ima jasan folder structure i nema major bugova.,[]
p1009,"Nedelja 10: Todo app: state, persistence, OOP principi, forms",79,1,1,f3,w10,d070,day_heading,/course/software-engineer/days/d070,DAN 70,[]
p1010,"Nedelja 10: Todo app: state, persistence, OOP principi, forms",79,1,2,f3,w10,d070,day_title,/course/software-engineer/days/d070,08.11.2026 — Checkpoint 10,[]
p1011,"Nedelja 10: Todo app: state, persistence, OOP principi, forms",,,,f3,w10,d070,day_duration,/course/software-engineer/days/d070,Vreme: 90 min,[]
p1012,"Nedelja 10: Todo app: state, persistence, OOP principi, forms",,,,f3,w10,d070,lesson_content,/course/software-engineer/days/d070/lessons/d070-learn#study,Uči / pročitaj: Bez nove teorije.,[]
p1013,"Nedelja 10: Todo app: state, persistence, OOP principi, forms",,,,f3,w10,d070,exercise_section,/course/software-engineer/days/d070/exercises/d070-practice,Uradi:,[]
p1014,"Nedelja 10: Todo app: state, persistence, OOP principi, forms",,,,f3,w10,d070,exercise_task,/course/software-engineer/days/d070/exercises/d070-practice#d070-task-01,AI OFF 60 min: napravi core “habit tracker” sa create/log/streak.,[]
p1015,"Nedelja 10: Todo app: state, persistence, OOP principi, forms",,,,f3,w10,d070,exercise_task,/course/software-engineer/days/d070/exercises/d070-practice#d070-task-02,Nema DOM-a; samo model i funkcije.,[]
p1016,"Nedelja 10: Todo app: state, persistence, OOP principi, forms",,,,f3,w10,d070,exercise_task,/course/software-engineer/days/d070/exercises/d070-practice#d070-task-03,Napiši 8 tests/manual assertions.,[]
p1017,"Nedelja 10: Todo app: state, persistence, OOP principi, forms",,,,f3,w10,d070,daily_ai_policy,/course/software-engineer/days/d070#ai-policy,AI režim: AI final review.,[]
p1018,"Nedelja 10: Todo app: state, persistence, OOP principi, forms",,,,f3,w10,d070,daily_completion_criterion,/course/software-engineer/days/d070#completion,Gotovo kada: Model radi i možeš objasniti zašto si izabrao structure.,[]
p1020,"Nedelja 11: Async JavaScript, HTTP, APIs, Weather App",,,,f3,w11,,week_context,/course/software-engineer/weeks/w11,"Nedelja 11: Async JavaScript, HTTP, APIs, Weather App",[]
p1021,"Nedelja 11: Async JavaScript, HTTP, APIs, Weather App",,,,f3,w11,,week_context,/course/software-engineer/weeks/w11,09.11.2026 – 15.11.2026  |  FAZA 3 — Organizacija većeg JS koda,[]
p1022,"Nedelja 11: Async JavaScript, HTTP, APIs, Weather App",,,,f3,w11,,week_context,/course/software-engineer/weeks/w11,Cilj nedelje: Razumeti asinhronost i mrežu dovoljno da fetch nije magija.,[]
p1023,"Nedelja 11: Async JavaScript, HTTP, APIs, Weather App",,,,f3,w11,,week_context,/course/software-engineer/weeks/w11,"Primarni resursi: TOP Async/APIs/Weather, javascript.info Promises, MDN Fetch",[]
p1024,"Nedelja 11: Async JavaScript, HTTP, APIs, Weather App",80,1,1,f3,w11,d071,day_heading,/course/software-engineer/days/d071,DAN 71,[]
p1025,"Nedelja 11: Async JavaScript, HTTP, APIs, Weather App",80,1,2,f3,w11,d071,day_title,/course/software-engineer/days/d071,09.11.2026 — Event loop intuicija,[]
p1026,"Nedelja 11: Async JavaScript, HTTP, APIs, Weather App",,,,f3,w11,d071,day_duration,/course/software-engineer/days/d071,Vreme: 120 min,[]
p1027,"Nedelja 11: Async JavaScript, HTTP, APIs, Weather App",,,,f3,w11,d071,lesson_content,/course/software-engineer/days/d071/lessons/d071-learn#study,Uči / pročitaj: TOP Asynchronous Code; javascript.info Event loop.,[]
p1028,"Nedelja 11: Async JavaScript, HTTP, APIs, Weather App",,,,f3,w11,d071,exercise_section,/course/software-engineer/days/d071/exercises/d071-practice,Uradi:,[]
p1029,"Nedelja 11: Async JavaScript, HTTP, APIs, Weather App",,,,f3,w11,d071,exercise_task,/course/software-engineer/days/d071/exercises/d071-practice#d071-task-01,Predvidi output za 6 setTimeout/Promise snippets.,[]
p1030,"Nedelja 11: Async JavaScript, HTTP, APIs, Weather App",,,,f3,w11,d071,exercise_task,/course/software-engineer/days/d071/exercises/d071-practice#d071-task-02,Nacrtaj call stack/task/microtask redosled.,[]
p1031,"Nedelja 11: Async JavaScript, HTTP, APIs, Weather App",,,,f3,w11,d071,exercise_task,/course/software-engineer/days/d071/exercises/d071-practice#d071-task-03,Napiši sleep(ms) kao Promise.,[]
p1032,"Nedelja 11: Async JavaScript, HTTP, APIs, Weather App",,,,f3,w11,d071,daily_ai_policy,/course/software-engineer/days/d071#ai-policy,AI režim: AI daje predict-output pitanja jedno po jedno.,[]
p1033,"Nedelja 11: Async JavaScript, HTTP, APIs, Weather App",,,,f3,w11,d071,daily_completion_criterion,/course/software-engineer/days/d071#completion,Gotovo kada: ≥5/6 tačnih predikcija uz objašnjenje.,[]
p1034,"Nedelja 11: Async JavaScript, HTTP, APIs, Weather App",81,1,1,f3,w11,d072,day_heading,/course/software-engineer/days/d072,DAN 72,[]
p1035,"Nedelja 11: Async JavaScript, HTTP, APIs, Weather App",81,1,2,f3,w11,d072,day_title,/course/software-engineer/days/d072,10.11.2026 — Promises,[]
p1036,"Nedelja 11: Async JavaScript, HTTP, APIs, Weather App",,,,f3,w11,d072,day_duration,/course/software-engineer/days/d072,Vreme: 120 min,[]
p1037,"Nedelja 11: Async JavaScript, HTTP, APIs, Weather App",,,,f3,w11,d072,lesson_content,/course/software-engineer/days/d072/lessons/d072-learn#study,Uči / pročitaj: javascript.info Promises basics; MDN Promises.,[]
p1038,"Nedelja 11: Async JavaScript, HTTP, APIs, Weather App",,,,f3,w11,d072,exercise_section,/course/software-engineer/days/d072/exercises/d072-practice,Uradi:,[]
p1039,"Nedelja 11: Async JavaScript, HTTP, APIs, Weather App",,,,f3,w11,d072,exercise_task,/course/software-engineer/days/d072/exercises/d072-practice#d072-task-01,Napravi promise koji resolve/reject na uslov.,[]
p1040,"Nedelja 11: Async JavaScript, HTTP, APIs, Weather App",,,,f3,w11,d072,exercise_task,/course/software-engineer/days/d072/exercises/d072-practice#d072-task-02,Chain 3 transformacije.,[]
p1041,"Nedelja 11: Async JavaScript, HTTP, APIs, Weather App",,,,f3,w11,d072,exercise_task,/course/software-engineer/days/d072/exercises/d072-practice#d072-task-03,Uhvati grešku na pravom nivou.,[]
p1042,"Nedelja 11: Async JavaScript, HTTP, APIs, Weather App",,,,f3,w11,d072,daily_ai_policy,/course/software-engineer/days/d072#ai-policy,AI režim: AI proverava tok state pending/fulfilled/rejected.,[]
p1043,"Nedelja 11: Async JavaScript, HTTP, APIs, Weather App",,,,f3,w11,d072,daily_completion_criterion,/course/software-engineer/days/d072#completion,Gotovo kada: Možeš čitati Promise chain bez nagađanja.,[]
p1044,"Nedelja 11: Async JavaScript, HTTP, APIs, Weather App",82,1,1,f3,w11,d073,day_heading,/course/software-engineer/days/d073,DAN 73,[]
p1045,"Nedelja 11: Async JavaScript, HTTP, APIs, Weather App",82,1,2,f3,w11,d073,day_title,/course/software-engineer/days/d073,11.11.2026 — HTTP + fetch,[]
p1046,"Nedelja 11: Async JavaScript, HTTP, APIs, Weather App",,,,f3,w11,d073,day_duration,/course/software-engineer/days/d073,Vreme: 120 min,[]
p1047,"Nedelja 11: Async JavaScript, HTTP, APIs, Weather App",,,,f3,w11,d073,lesson_content,/course/software-engineer/days/d073/lessons/d073-learn#study,Uči / pročitaj: TOP Working with APIs; MDN Fetch API overview.,[]
p1048,"Nedelja 11: Async JavaScript, HTTP, APIs, Weather App",,,,f3,w11,d073,exercise_section,/course/software-engineer/days/d073/exercises/d073-practice,Uradi:,[]
p1049,"Nedelja 11: Async JavaScript, HTTP, APIs, Weather App",,,,f3,w11,d073,exercise_task,/course/software-engineer/days/d073/exercises/d073-practice#d073-task-01,GET javni JSON API.,[]
p1050,"Nedelja 11: Async JavaScript, HTTP, APIs, Weather App",,,,f3,w11,d073,exercise_task,/course/software-engineer/days/d073/exercises/d073-practice#d073-task-02,Proveri response.ok; parse JSON; render minimal data.,[]
p1051,"Nedelja 11: Async JavaScript, HTTP, APIs, Weather App",,,,f3,w11,d073,exercise_task,/course/software-engineer/days/d073/exercises/d073-practice#d073-task-03,Namerno koristi pogrešan URL i obradi grešku.,[]
p1052,"Nedelja 11: Async JavaScript, HTTP, APIs, Weather App",,,,f3,w11,d073,daily_ai_policy,/course/software-engineer/days/d073#ai-policy,AI režim: AI objašnjava HTTP status samo ako pitaš konkretno.,[]
p1053,"Nedelja 11: Async JavaScript, HTTP, APIs, Weather App",,,,f3,w11,d073,daily_completion_criterion,/course/software-engineer/days/d073#completion,Gotovo kada: Razlikuješ network failure od HTTP error statusa.,[]
p1054,"Nedelja 11: Async JavaScript, HTTP, APIs, Weather App",83,1,1,f3,w11,d074,day_heading,/course/software-engineer/days/d074,DAN 74,[]
p1055,"Nedelja 11: Async JavaScript, HTTP, APIs, Weather App",83,1,2,f3,w11,d074,day_title,/course/software-engineer/days/d074,12.11.2026 — async/await,[]
p1056,"Nedelja 11: Async JavaScript, HTTP, APIs, Weather App",,,,f3,w11,d074,day_duration,/course/software-engineer/days/d074,Vreme: 120 min,[]
p1057,"Nedelja 11: Async JavaScript, HTTP, APIs, Weather App",,,,f3,w11,d074,lesson_content,/course/software-engineer/days/d074/lessons/d074-learn#study,Uči / pročitaj: TOP Async and Await; javascript.info Async/await.,[]
p1058,"Nedelja 11: Async JavaScript, HTTP, APIs, Weather App",,,,f3,w11,d074,exercise_section,/course/software-engineer/days/d074/exercises/d074-practice,Uradi:,[]
p1059,"Nedelja 11: Async JavaScript, HTTP, APIs, Weather App",,,,f3,w11,d074,exercise_task,/course/software-engineer/days/d074/exercises/d074-practice#d074-task-01,Prepiši Promise chain u async/await.,[]
p1060,"Nedelja 11: Async JavaScript, HTTP, APIs, Weather App",,,,f3,w11,d074,exercise_task,/course/software-engineer/days/d074/exercises/d074-practice#d074-task-02,try/catch/finally loading state.,[]
p1061,"Nedelja 11: Async JavaScript, HTTP, APIs, Weather App",,,,f3,w11,d074,exercise_task,/course/software-engineer/days/d074/exercises/d074-practice#d074-task-03,Promise.all za 3 nezavisna requesta.,[]
p1062,"Nedelja 11: Async JavaScript, HTTP, APIs, Weather App",,,,f3,w11,d074,daily_ai_policy,/course/software-engineer/days/d074#ai-policy,AI režim: AI reviewer concurrency vs sequential.,[]
p1063,"Nedelja 11: Async JavaScript, HTTP, APIs, Weather App",,,,f3,w11,d074,daily_completion_criterion,/course/software-engineer/days/d074#completion,Gotovo kada: Znaš kada requesti mogu paralelno.,[]
p1064,"Nedelja 11: Async JavaScript, HTTP, APIs, Weather App",84,1,1,f3,w11,d075,day_heading,/course/software-engineer/days/d075,DAN 75,[]
p1065,"Nedelja 11: Async JavaScript, HTTP, APIs, Weather App",84,1,2,f3,w11,d075,day_title,/course/software-engineer/days/d075,13.11.2026 — Weather App — spec + data layer,[]
p1066,"Nedelja 11: Async JavaScript, HTTP, APIs, Weather App",,,,f3,w11,d075,day_duration,/course/software-engineer/days/d075,Vreme: 120 min,[]
p1067,"Nedelja 11: Async JavaScript, HTTP, APIs, Weather App",,,,f3,w11,d075,lesson_content,/course/software-engineer/days/d075/lessons/d075-learn#study,Uči / pročitaj: TOP Project: Weather App.,[]
p1068,"Nedelja 11: Async JavaScript, HTTP, APIs, Weather App",,,,f3,w11,d075,exercise_section,/course/software-engineer/days/d075/exercises/d075-practice,Uradi:,[]
p1069,"Nedelja 11: Async JavaScript, HTTP, APIs, Weather App",,,,f3,w11,d075,exercise_task,/course/software-engineer/days/d075/exercises/d075-practice#d075-task-01,Izaberi API prema Odin uputstvu.,[]
p1070,"Nedelja 11: Async JavaScript, HTTP, APIs, Weather App",,,,f3,w11,d075,exercise_task,/course/software-engineer/days/d075/exercises/d075-practice#d075-task-02,Napravi fetchWeather(location) koji vraća normalized object.,[]
p1071,"Nedelja 11: Async JavaScript, HTTP, APIs, Weather App",,,,f3,w11,d075,exercise_task,/course/software-engineer/days/d075/exercises/d075-practice#d075-task-03,Loading/error/not-found states.,[]
p1072,"Nedelja 11: Async JavaScript, HTTP, APIs, Weather App",,,,f3,w11,d075,daily_ai_policy,/course/software-engineer/days/d075#ai-policy,"AI režim: AI sme pomoći oko čitanja API dokumentacije, ne sme napisati celu app.",[]
p1073,"Nedelja 11: Async JavaScript, HTTP, APIs, Weather App",,,,f3,w11,d075,daily_completion_criterion,/course/software-engineer/days/d075#completion,Gotovo kada: Data layer radi iz console-a.,[]
p1074,"Nedelja 11: Async JavaScript, HTTP, APIs, Weather App",85,1,1,f3,w11,d076,day_heading,/course/software-engineer/days/d076,DAN 76,[]
p1075,"Nedelja 11: Async JavaScript, HTTP, APIs, Weather App",85,1,2,f3,w11,d076,day_title,/course/software-engineer/days/d076,14.11.2026 — Weather App — UI + finish,[]
p1076,"Nedelja 11: Async JavaScript, HTTP, APIs, Weather App",,,,f3,w11,d076,day_duration,/course/software-engineer/days/d076,Vreme: 180 min,[]
p1077,"Nedelja 11: Async JavaScript, HTTP, APIs, Weather App",,,,f3,w11,d076,lesson_content,/course/software-engineer/days/d076/lessons/d076-learn#study,Uči / pročitaj: Bez nove teorije.,[]
p1078,"Nedelja 11: Async JavaScript, HTTP, APIs, Weather App",,,,f3,w11,d076,exercise_section,/course/software-engineer/days/d076/exercises/d076-practice,Uradi:,[]
p1079,"Nedelja 11: Async JavaScript, HTTP, APIs, Weather App",,,,f3,w11,d076,exercise_task,/course/software-engineer/days/d076/exercises/d076-practice#d076-task-01,"Search location, display temperature/conditions/details.",[]
p1080,"Nedelja 11: Async JavaScript, HTTP, APIs, Weather App",,,,f3,w11,d076,exercise_task,/course/software-engineer/days/d076/exercises/d076-practice#d076-task-02,Unit toggle ako requirements podržavaju.,[]
p1081,"Nedelja 11: Async JavaScript, HTTP, APIs, Weather App",,,,f3,w11,d076,exercise_task,/course/software-engineer/days/d076/exercises/d076-practice#d076-task-03,Debounce input kao stretch; README.,[]
p1082,"Nedelja 11: Async JavaScript, HTTP, APIs, Weather App",,,,f3,w11,d076,daily_ai_policy,/course/software-engineer/days/d076#ai-policy,AI režim: AI UX + code review.,[]
p1083,"Nedelja 11: Async JavaScript, HTTP, APIs, Weather App",,,,f3,w11,d076,daily_completion_criterion,/course/software-engineer/days/d076#completion,Gotovo kada: App radi na valid/invalid lokaciji i nema unhandled promise rejection.,[]
p1084,"Nedelja 11: Async JavaScript, HTTP, APIs, Weather App",86,1,1,f3,w11,d077,day_heading,/course/software-engineer/days/d077,DAN 77,[]
p1085,"Nedelja 11: Async JavaScript, HTTP, APIs, Weather App",86,1,2,f3,w11,d077,day_title,/course/software-engineer/days/d077,15.11.2026 — Checkpoint 11 — async,[]
p1086,"Nedelja 11: Async JavaScript, HTTP, APIs, Weather App",,,,f3,w11,d077,day_duration,/course/software-engineer/days/d077,Vreme: 90 min,[]
p1087,"Nedelja 11: Async JavaScript, HTTP, APIs, Weather App",,,,f3,w11,d077,lesson_content,/course/software-engineer/days/d077/lessons/d077-learn#study,Uči / pročitaj: Bez novih resursa.,[]
p1088,"Nedelja 11: Async JavaScript, HTTP, APIs, Weather App",,,,f3,w11,d077,exercise_section,/course/software-engineer/days/d077/exercises/d077-practice,Uradi:,[]
p1089,"Nedelja 11: Async JavaScript, HTTP, APIs, Weather App",,,,f3,w11,d077,exercise_task,/course/software-engineer/days/d077/exercises/d077-practice#d077-task-01,AI OFF: napiši async funkciju koja fetchuje 2 resursa i kombinuje podatke.,[]
p1090,"Nedelja 11: Async JavaScript, HTTP, APIs, Weather App",,,,f3,w11,d077,exercise_task,/course/software-engineer/days/d077/exercises/d077-practice#d077-task-02,Dodaj loading/error behavior pseudocode.,[]
p1091,"Nedelja 11: Async JavaScript, HTTP, APIs, Weather App",,,,f3,w11,d077,exercise_task,/course/software-engineer/days/d077/exercises/d077-practice#d077-task-03,Objasni event loop svojim rečima.,[]
p1092,"Nedelja 11: Async JavaScript, HTTP, APIs, Weather App",,,,f3,w11,d077,daily_ai_policy,/course/software-engineer/days/d077#ai-policy,AI režim: AI tek na kraju proverava.,[]
p1093,"Nedelja 11: Async JavaScript, HTTP, APIs, Weather App",,,,f3,w11,d077,daily_completion_criterion,/course/software-engineer/days/d077#completion,Gotovo kada: Working code + jasno objašnjenje.,[]
p1095,"Nedelja 12: Testing, recursion, Big O i algoritamski ulaz",,,,f3,w12,,week_context,/course/software-engineer/weeks/w12,"Nedelja 12: Testing, recursion, Big O i algoritamski ulaz",[]
p1096,"Nedelja 12: Testing, recursion, Big O i algoritamski ulaz",,,,f3,w12,,week_context,/course/software-engineer/weeks/w12,16.11.2026 – 22.11.2026  |  FAZA 3 — Organizacija većeg JS koda,[]
p1097,"Nedelja 12: Testing, recursion, Big O i algoritamski ulaz",,,,f3,w12,,week_context,/course/software-engineer/weeks/w12,Cilj nedelje: Prelaz sa “web koda” na algoritamsko razmišljanje i ozbiljnije testiranje.,[]
p1098,"Nedelja 12: Testing, recursion, Big O i algoritamski ulaz",,,,f3,w12,,week_context,/course/software-engineer/weeks/w12,"Primarni resursi: TOP Testing/Recursion/Complexity, Exercism, javascript.info",[]
p1099,"Nedelja 12: Testing, recursion, Big O i algoritamski ulaz",87,1,1,f3,w12,d078,day_heading,/course/software-engineer/days/d078,DAN 78,[]
p1100,"Nedelja 12: Testing, recursion, Big O i algoritamski ulaz",87,1,2,f3,w12,d078,day_title,/course/software-engineer/days/d078,16.11.2026 — Automated testing,[]
p1101,"Nedelja 12: Testing, recursion, Big O i algoritamski ulaz",,,,f3,w12,d078,day_duration,/course/software-engineer/days/d078,Vreme: 120 min,[]
p1102,"Nedelja 12: Testing, recursion, Big O i algoritamski ulaz",,,,f3,w12,d078,lesson_content,/course/software-engineer/days/d078/lessons/d078-learn#study,Uči / pročitaj: TOP Testing Basics / Testing Practice.,[]
p1103,"Nedelja 12: Testing, recursion, Big O i algoritamski ulaz",,,,f3,w12,d078,exercise_section,/course/software-engineer/days/d078/exercises/d078-practice,Uradi:,[]
p1104,"Nedelja 12: Testing, recursion, Big O i algoritamski ulaz",,,,f3,w12,d078,exercise_task,/course/software-engineer/days/d078/exercises/d078-practice#d078-task-01,Setup Jest prema Odin lekciji.,[]
p1105,"Nedelja 12: Testing, recursion, Big O i algoritamski ulaz",,,,f3,w12,d078,exercise_task,/course/software-engineer/days/d078/exercises/d078-practice#d078-task-02,"Testiraj capitalize, reverseString, calculator, caesarCipher po projektu ako je aktuelan.",[]
p1106,"Nedelja 12: Testing, recursion, Big O i algoritamski ulaz",,,,f3,w12,d078,exercise_task,/course/software-engineer/days/d078/exercises/d078-practice#d078-task-03,Pre svakog testa napiši šta tačno dokazuje.,[]
p1107,"Nedelja 12: Testing, recursion, Big O i algoritamski ulaz",,,,f3,w12,d078,daily_ai_policy,/course/software-engineer/days/d078#ai-policy,AI režim: AI može dati missing test cases posle tvojih.,[]
p1108,"Nedelja 12: Testing, recursion, Big O i algoritamski ulaz",,,,f3,w12,d078,daily_completion_criterion,/course/software-engineer/days/d078#completion,Gotovo kada: Test suite pokriva normal/boundary/invalid scenarije.,[]
p1109,"Nedelja 12: Testing, recursion, Big O i algoritamski ulaz",88,1,1,f3,w12,d079,day_heading,/course/software-engineer/days/d079,DAN 79,[]
p1110,"Nedelja 12: Testing, recursion, Big O i algoritamski ulaz",88,1,2,f3,w12,d079,day_title,/course/software-engineer/days/d079,17.11.2026 — TDD mini drill,[]
p1111,"Nedelja 12: Testing, recursion, Big O i algoritamski ulaz",,,,f3,w12,d079,day_duration,/course/software-engineer/days/d079,Vreme: 120 min,[]
p1112,"Nedelja 12: Testing, recursion, Big O i algoritamski ulaz",,,,f3,w12,d079,lesson_content,/course/software-engineer/days/d079/lessons/d079-learn#study,Uči / pročitaj: TOP More Testing; princip red-green-refactor.,[]
p1113,"Nedelja 12: Testing, recursion, Big O i algoritamski ulaz",,,,f3,w12,d079,exercise_section,/course/software-engineer/days/d079/exercises/d079-practice,Uradi:,[]
p1114,"Nedelja 12: Testing, recursion, Big O i algoritamski ulaz",,,,f3,w12,d079,exercise_task,/course/software-engineer/days/d079/exercises/d079-practice#d079-task-01,"Implementiraj stringCalculator kroz 5 inkremenata: prvo test, onda minimal code.",[]
p1115,"Nedelja 12: Testing, recursion, Big O i algoritamski ulaz",,,,f3,w12,d079,exercise_task,/course/software-engineer/days/d079/exercises/d079-practice#d079-task-02,Commit svaki green state.,[]
p1116,"Nedelja 12: Testing, recursion, Big O i algoritamski ulaz",,,,f3,w12,d079,exercise_task,/course/software-engineer/days/d079/exercises/d079-practice#d079-task-03,Refactor tek kada je zeleno.,[]
p1117,"Nedelja 12: Testing, recursion, Big O i algoritamski ulaz",,,,f3,w12,d079,daily_ai_policy,/course/software-engineer/days/d079#ai-policy,AI režim: AI ne piše test ni code; samo proverava da li test ima smisla.,[]
p1118,"Nedelja 12: Testing, recursion, Big O i algoritamski ulaz",,,,f3,w12,d079,daily_completion_criterion,/course/software-engineer/days/d079#completion,Gotovo kada: Imaš 5 TDD commit koraka.,[]
p1119,"Nedelja 12: Testing, recursion, Big O i algoritamski ulaz",89,1,1,f3,w12,d080,day_heading,/course/software-engineer/days/d080,DAN 80,[]
p1120,"Nedelja 12: Testing, recursion, Big O i algoritamski ulaz",89,1,2,f3,w12,d080,day_title,/course/software-engineer/days/d080,18.11.2026 — Recursion,[]
p1121,"Nedelja 12: Testing, recursion, Big O i algoritamski ulaz",,,,f3,w12,d080,day_duration,/course/software-engineer/days/d080,Vreme: 120 min,[]
p1122,"Nedelja 12: Testing, recursion, Big O i algoritamski ulaz",,,,f3,w12,d080,lesson_content,/course/software-engineer/days/d080/lessons/d080-learn#study,Uči / pročitaj: TOP Recursive Methods / Project: Recursion; javascript.info Recursion and stack.,[]
p1123,"Nedelja 12: Testing, recursion, Big O i algoritamski ulaz",,,,f3,w12,d080,exercise_section,/course/software-engineer/days/d080/exercises/d080-practice,Uradi:,[]
p1124,"Nedelja 12: Testing, recursion, Big O i algoritamski ulaz",,,,f3,w12,d080,exercise_task,/course/software-engineer/days/d080/exercises/d080-practice#d080-task-01,"factorial, fibonacci (naivni), sumArray recursively.",[]
p1125,"Nedelja 12: Testing, recursion, Big O i algoritamski ulaz",,,,f3,w12,d080,exercise_task,/course/software-engineer/days/d080/exercises/d080-practice#d080-task-02,mergeSort prema Odin projektu tek nakon što nacrtaš split/merge.,[]
p1126,"Nedelja 12: Testing, recursion, Big O i algoritamski ulaz",,,,f3,w12,d080,exercise_task,/course/software-engineer/days/d080/exercises/d080-practice#d080-task-03,Objasni base case i recursive case.,[]
p1127,"Nedelja 12: Testing, recursion, Big O i algoritamski ulaz",,,,f3,w12,d080,daily_ai_policy,/course/software-engineer/days/d080#ai-policy,"AI režim: AI može dati trace pitanje, ne solution.",[]
p1128,"Nedelja 12: Testing, recursion, Big O i algoritamski ulaz",,,,f3,w12,d080,daily_completion_criterion,/course/software-engineer/days/d080#completion,Gotovo kada: Možeš ručno trasirati recursion za mali input.,[]
p1129,"Nedelja 12: Testing, recursion, Big O i algoritamski ulaz",90,1,1,f3,w12,d081,day_heading,/course/software-engineer/days/d081,DAN 81,[]
p1130,"Nedelja 12: Testing, recursion, Big O i algoritamski ulaz",90,1,2,f3,w12,d081,day_title,/course/software-engineer/days/d081,19.11.2026 — Big O time,[]
p1131,"Nedelja 12: Testing, recursion, Big O i algoritamski ulaz",,,,f3,w12,d081,day_duration,/course/software-engineer/days/d081,Vreme: 120 min,[]
p1132,"Nedelja 12: Testing, recursion, Big O i algoritamski ulaz",,,,f3,w12,d081,lesson_content,/course/software-engineer/days/d081/lessons/d081-learn#study,Uči / pročitaj: TOP Time Complexity.,[]
p1133,"Nedelja 12: Testing, recursion, Big O i algoritamski ulaz",,,,f3,w12,d081,exercise_section,/course/software-engineer/days/d081/exercises/d081-practice,Uradi:,[]
p1134,"Nedelja 12: Testing, recursion, Big O i algoritamski ulaz",,,,f3,w12,d081,exercise_task,/course/software-engineer/days/d081/exercises/d081-practice#d081-task-01,"Klasifikuj 10 snippets: O(1), O(n), O(n²), O(log n), O(n log n).",[]
p1135,"Nedelja 12: Testing, recursion, Big O i algoritamski ulaz",,,,f3,w12,d081,exercise_task,/course/software-engineer/days/d081/exercises/d081-practice#d081-task-02,Za prethodne funkcije napiši time complexity.,[]
p1136,"Nedelja 12: Testing, recursion, Big O i algoritamski ulaz",,,,f3,w12,d081,exercise_task,/course/software-engineer/days/d081/exercises/d081-practice#d081-task-03,Napravi merenje runtime za linear vs quadratic na rastućim inputima.,[]
p1137,"Nedelja 12: Testing, recursion, Big O i algoritamski ulaz",,,,f3,w12,d081,daily_ai_policy,/course/software-engineer/days/d081#ai-policy,"AI režim: AI proverava reasoning, ne samo odgovor.",[]
p1138,"Nedelja 12: Testing, recursion, Big O i algoritamski ulaz",,,,f3,w12,d081,daily_completion_criterion,/course/software-engineer/days/d081#completion,Gotovo kada: ≥8/10 klasifikacija tačno uz razlog.,[]
p1139,"Nedelja 12: Testing, recursion, Big O i algoritamski ulaz",91,1,1,f3,w12,d082,day_heading,/course/software-engineer/days/d082,DAN 82,[]
p1140,"Nedelja 12: Testing, recursion, Big O i algoritamski ulaz",91,1,2,f3,w12,d082,day_title,/course/software-engineer/days/d082,20.11.2026 — Space complexity + DS preview,[]
p1141,"Nedelja 12: Testing, recursion, Big O i algoritamski ulaz",,,,f3,w12,d082,day_duration,/course/software-engineer/days/d082,Vreme: 120 min,[]
p1142,"Nedelja 12: Testing, recursion, Big O i algoritamski ulaz",,,,f3,w12,d082,lesson_content,/course/software-engineer/days/d082/lessons/d082-learn#study,Uči / pročitaj: TOP Space Complexity + A Very Brief Intro to CS.,[]
p1143,"Nedelja 12: Testing, recursion, Big O i algoritamski ulaz",,,,f3,w12,d082,exercise_section,/course/software-engineer/days/d082/exercises/d082-practice,Uradi:,[]
p1144,"Nedelja 12: Testing, recursion, Big O i algoritamski ulaz",,,,f3,w12,d082,exercise_task,/course/software-engineer/days/d082/exercises/d082-practice#d082-task-01,Proceni auxiliary space 6 funkcija.,[]
p1145,"Nedelja 12: Testing, recursion, Big O i algoritamski ulaz",,,,f3,w12,d082,exercise_task,/course/software-engineer/days/d082/exercises/d082-practice#d082-task-02,Objasni stack vs heap konceptualno bez detalja C-a.,[]
p1146,"Nedelja 12: Testing, recursion, Big O i algoritamski ulaz",,,,f3,w12,d082,exercise_task,/course/software-engineer/days/d082/exercises/d082-practice#d082-task-03,"Napravi stack i queue u JS preko array-a, pa zapiši ograničenja.",[]
p1147,"Nedelja 12: Testing, recursion, Big O i algoritamski ulaz",,,,f3,w12,d082,daily_ai_policy,/course/software-engineer/days/d082#ai-policy,AI režim: AI kviz.,[]
p1148,"Nedelja 12: Testing, recursion, Big O i algoritamski ulaz",,,,f3,w12,d082,daily_completion_criterion,/course/software-engineer/days/d082#completion,Gotovo kada: Razlikuješ time vs space i znaš osnovni stack/queue API.,[]
p1149,"Nedelja 12: Testing, recursion, Big O i algoritamski ulaz",92,1,1,f3,w12,d083,day_heading,/course/software-engineer/days/d083,DAN 83,[]
p1150,"Nedelja 12: Testing, recursion, Big O i algoritamski ulaz",92,1,2,f3,w12,d083,day_title,/course/software-engineer/days/d083,21.11.2026 — Algorithm gym,[]
p1151,"Nedelja 12: Testing, recursion, Big O i algoritamski ulaz",,,,f3,w12,d083,day_duration,/course/software-engineer/days/d083,Vreme: 180 min,[]
p1152,"Nedelja 12: Testing, recursion, Big O i algoritamski ulaz",,,,f3,w12,d083,lesson_content,/course/software-engineer/days/d083/lessons/d083-learn#study,Uči / pročitaj: Exercism practice ili custom problemi.,[]
p1153,"Nedelja 12: Testing, recursion, Big O i algoritamski ulaz",,,,f3,w12,d083,exercise_section,/course/software-engineer/days/d083/exercises/d083-practice,Uradi:,[]
p1154,"Nedelja 12: Testing, recursion, Big O i algoritamski ulaz",,,,f3,w12,d083,exercise_task,/course/software-engineer/days/d083/exercises/d083-practice#d083-task-01,"Reši 4 problema: two-sum, valid parentheses, binary search, merge intervals simplified.",[]
p1155,"Nedelja 12: Testing, recursion, Big O i algoritamski ulaz",,,,f3,w12,d083,exercise_task,/course/software-engineer/days/d083/exercises/d083-practice#d083-task-02,Za svaki: brute force → better → complexity.,[]
p1156,"Nedelja 12: Testing, recursion, Big O i algoritamski ulaz",,,,f3,w12,d083,exercise_task,/course/software-engineer/days/d083/exercises/d083-practice#d083-task-03,Ne čitaj solution prvih 30 min po problemu.,[]
p1157,"Nedelja 12: Testing, recursion, Big O i algoritamski ulaz",,,,f3,w12,d083,daily_ai_policy,/course/software-engineer/days/d083#ai-policy,AI režim: Hint ladder samo po pravilu Level 1–4.,[]
p1158,"Nedelja 12: Testing, recursion, Big O i algoritamski ulaz",,,,f3,w12,d083,daily_completion_criterion,/course/software-engineer/days/d083#completion,"Gotovo kada: 4 problem files sa planom, kodom, testovima, complexity.",[]
p1159,"Nedelja 12: Testing, recursion, Big O i algoritamski ulaz",93,1,1,f3,w12,d084,day_heading,/course/software-engineer/days/d084,DAN 84,[]
p1160,"Nedelja 12: Testing, recursion, Big O i algoritamski ulaz",93,1,2,f3,w12,d084,day_title,/course/software-engineer/days/d084,22.11.2026 — Checkpoint 12 — Faza 3 gate,[]
p1161,"Nedelja 12: Testing, recursion, Big O i algoritamski ulaz",,,,f3,w12,d084,day_duration,/course/software-engineer/days/d084,Vreme: 90 min,[]
p1162,"Nedelja 12: Testing, recursion, Big O i algoritamski ulaz",,,,f3,w12,d084,lesson_content,/course/software-engineer/days/d084/lessons/d084-learn#study,Uči / pročitaj: Bez novih resursa.,[]
p1163,"Nedelja 12: Testing, recursion, Big O i algoritamski ulaz",,,,f3,w12,d084,exercise_section,/course/software-engineer/days/d084/exercises/d084-practice,Uradi:,[]
p1164,"Nedelja 12: Testing, recursion, Big O i algoritamski ulaz",,,,f3,w12,d084,exercise_task,/course/software-engineer/days/d084/exercises/d084-practice#d084-task-01,AI OFF 75 min: problem “najkraći prozor u listi koji dostiže sum ≥ target” ili sličan medium-lite.,[]
p1165,"Nedelja 12: Testing, recursion, Big O i algoritamski ulaz",,,,f3,w12,d084,exercise_task,/course/software-engineer/days/d084/exercises/d084-practice#d084-task-02,"Ako ne znaš optimalno, prvo napiši brute force koji radi.",[]
p1166,"Nedelja 12: Testing, recursion, Big O i algoritamski ulaz",,,,f3,w12,d084,exercise_task,/course/software-engineer/days/d084/exercises/d084-practice#d084-task-03,Objasni šta bi tražio u dokumentaciji.,[]
p1167,"Nedelja 12: Testing, recursion, Big O i algoritamski ulaz",,,,f3,w12,d084,daily_ai_policy,/course/software-engineer/days/d084#ai-policy,AI režim: AI na kraju radi interview feedback.,[]
p1168,"Nedelja 12: Testing, recursion, Big O i algoritamski ulaz",,,,f3,w12,d084,daily_completion_criterion,/course/software-engineer/days/d084#completion,Gotovo kada: Imaš korektno makar brute-force rešenje i disciplinovan proces.,[]
p1170,Nedelja 13: CS50 Week 0–1: computational thinking + C,,,,f4,w13,,week_context,/course/software-engineer/weeks/w13,Nedelja 13: CS50 Week 0–1: computational thinking + C,[]
p1171,Nedelja 13: CS50 Week 0–1: computational thinking + C,,,,f4,w13,,week_context,/course/software-engineer/weeks/w13,23.11.2026 – 29.11.2026  |  FAZA 4 — Computer Science osnova,[]
p1172,Nedelja 13: CS50 Week 0–1: computational thinking + C,,,,f4,w13,,week_context,/course/software-engineer/weeks/w13,Cilj nedelje: Skinuti magiju sa programiranja i videti isti koncept u nižem nivou.,[]
p1173,Nedelja 13: CS50 Week 0–1: computational thinking + C,,,,f4,w13,,week_context,/course/software-engineer/weeks/w13,"Primarni resursi: CS50x Week 0, CS50x Week 1, CS50 Psets/Practice",[]
p1174,Nedelja 13: CS50 Week 0–1: computational thinking + C,94,1,1,f4,w13,,week_context,/course/software-engineer/weeks/w13,"Faza signal
C nije promena karijere. Koristi ga kao rendgen: types, memory, data structures i algorithms postaju vidljiviji.",[]
p1176,Nedelja 13: CS50 Week 0–1: computational thinking + C,95,1,1,f4,w13,d085,day_heading,/course/software-engineer/days/d085,DAN 85,[]
p1177,Nedelja 13: CS50 Week 0–1: computational thinking + C,95,1,2,f4,w13,d085,day_title,/course/software-engineer/days/d085,23.11.2026 — CS50 Week 0: computational thinking,[]
p1178,Nedelja 13: CS50 Week 0–1: computational thinking + C,,,,f4,w13,d085,day_duration,/course/software-engineer/days/d085,Vreme: 120 min,[]
p1179,Nedelja 13: CS50 Week 0–1: computational thinking + C,,,,f4,w13,d085,lesson_content,/course/software-engineer/days/d085/lessons/d085-learn#study,"Uči / pročitaj: CS50x Week 0 lecture/notes: representation, algorithms, pseudocode, Scratch.",[]
p1180,Nedelja 13: CS50 Week 0–1: computational thinking + C,,,,f4,w13,d085,exercise_section,/course/software-engineer/days/d085/exercises/d085-practice,Uradi:,[]
p1181,Nedelja 13: CS50 Week 0–1: computational thinking + C,,,,f4,w13,d085,exercise_task,/course/software-engineer/days/d085/exercises/d085-practice#d085-task-01,Gledaj/čitaj aktivno: pauziraj i predvidi.,[]
p1182,Nedelja 13: CS50 Week 0–1: computational thinking + C,,,,f4,w13,d085,exercise_task,/course/software-engineer/days/d085/exercises/d085-practice#d085-task-02,Uradi Problem Set 0 Scratch u razumnom obimu.,[]
p1183,Nedelja 13: CS50 Week 0–1: computational thinking + C,,,,f4,w13,d085,exercise_task,/course/software-engineer/days/d085/exercises/d085-practice#d085-task-03,Posle Scratch logike napiši pseudocode i JS ekvivalent za jednu komponentu.,[]
p1184,Nedelja 13: CS50 Week 0–1: computational thinking + C,,,,f4,w13,d085,daily_ai_policy,/course/software-engineer/days/d085#ai-policy,AI režim: AI samo objašnjava koncept nakon tvog pokušaja; poštuj CS50 academic honesty pravila.,[]
p1185,Nedelja 13: CS50 Week 0–1: computational thinking + C,,,,f4,w13,d085,daily_completion_criterion,/course/software-engineer/days/d085#completion,Gotovo kada: Pset0 ili ekvivalentna vežba završena; razumeš abstraction/input/output.,[]
p1186,Nedelja 13: CS50 Week 0–1: computational thinking + C,96,1,1,f4,w13,d086,day_heading,/course/software-engineer/days/d086,DAN 86,[]
p1187,Nedelja 13: CS50 Week 0–1: computational thinking + C,96,1,2,f4,w13,d086,day_title,/course/software-engineer/days/d086,"24.11.2026 — C: compile, types, variables",[]
p1188,Nedelja 13: CS50 Week 0–1: computational thinking + C,,,,f4,w13,d086,day_duration,/course/software-engineer/days/d086,Vreme: 120 min,[]
p1189,Nedelja 13: CS50 Week 0–1: computational thinking + C,,,,f4,w13,d086,lesson_content,/course/software-engineer/days/d086/lessons/d086-learn#study,Uči / pročitaj: CS50x Week 1 lecture/notes prvi deo.,[]
p1190,Nedelja 13: CS50 Week 0–1: computational thinking + C,,,,f4,w13,d086,exercise_section,/course/software-engineer/days/d086/exercises/d086-practice,Uradi:,[]
p1191,Nedelja 13: CS50 Week 0–1: computational thinking + C,,,,f4,w13,d086,exercise_task,/course/software-engineer/days/d086/exercises/d086-practice#d086-task-01,Hello C; compile/run.,[]
p1192,Nedelja 13: CS50 Week 0–1: computational thinking + C,,,,f4,w13,d086,exercise_task,/course/software-engineer/days/d086/exercises/d086-practice#d086-task-02,Napiši male programe za int/float/char/string input/output.,[]
p1193,Nedelja 13: CS50 Week 0–1: computational thinking + C,,,,f4,w13,d086,exercise_task,/course/software-engineer/days/d086/exercises/d086-practice#d086-task-03,Uporedi JS dynamic typing sa C types u notes.,[]
p1194,Nedelja 13: CS50 Week 0–1: computational thinking + C,,,,f4,w13,d086,daily_ai_policy,/course/software-engineer/days/d086#ai-policy,AI režim: AI ne rešava pset; može objasniti compiler error van konkretne solution logike.,[]
p1195,Nedelja 13: CS50 Week 0–1: computational thinking + C,,,,f4,w13,d086,daily_completion_criterion,/course/software-engineer/days/d086#completion,Gotovo kada: Možeš objasniti source→compiler→machine code konceptualno.,[]
p1196,Nedelja 13: CS50 Week 0–1: computational thinking + C,97,1,1,f4,w13,d087,day_heading,/course/software-engineer/days/d087,DAN 87,[]
p1197,Nedelja 13: CS50 Week 0–1: computational thinking + C,97,1,2,f4,w13,d087,day_title,/course/software-engineer/days/d087,25.11.2026 — C conditionals/loops,[]
p1198,Nedelja 13: CS50 Week 0–1: computational thinking + C,,,,f4,w13,d087,day_duration,/course/software-engineer/days/d087,Vreme: 120 min,[]
p1199,Nedelja 13: CS50 Week 0–1: computational thinking + C,,,,f4,w13,d087,lesson_content,/course/software-engineer/days/d087/lessons/d087-learn#study,Uči / pročitaj: CS50 Week 1 nastavak.,[]
p1200,Nedelja 13: CS50 Week 0–1: computational thinking + C,,,,f4,w13,d087,exercise_section,/course/software-engineer/days/d087/exercises/d087-practice,Uradi:,[]
p1201,Nedelja 13: CS50 Week 0–1: computational thinking + C,,,,f4,w13,d087,exercise_task,/course/software-engineer/days/d087/exercises/d087-practice#d087-task-01,Prepiši FizzBuzz u C.,[]
p1202,Nedelja 13: CS50 Week 0–1: computational thinking + C,,,,f4,w13,d087,exercise_task,/course/software-engineer/days/d087/exercises/d087-practice#d087-task-02,Napravi sum 1..n i multiplication table.,[]
p1203,Nedelja 13: CS50 Week 0–1: computational thinking + C,,,,f4,w13,d087,exercise_task,/course/software-engineer/days/d087/exercises/d087-practice#d087-task-03,"Reši 2 CS50 practice zadatka posle Week1 ako su dostupni, bez solutiona.",[]
p1204,Nedelja 13: CS50 Week 0–1: computational thinking + C,,,,f4,w13,d087,daily_ai_policy,/course/software-engineer/days/d087#ai-policy,AI režim: AI hint samo na sintaksu C ako je blokada.,[]
p1205,Nedelja 13: CS50 Week 0–1: computational thinking + C,,,,f4,w13,d087,daily_completion_criterion,/course/software-engineer/days/d087#completion,Gotovo kada: Logika prelazi iz JS u C bez nove “lekcije programiranja”.,[]
p1206,Nedelja 13: CS50 Week 0–1: computational thinking + C,98,1,1,f4,w13,d088,day_heading,/course/software-engineer/days/d088,DAN 88,[]
p1207,Nedelja 13: CS50 Week 0–1: computational thinking + C,98,1,2,f4,w13,d088,day_title,/course/software-engineer/days/d088,26.11.2026 — C functions + pseudocode,[]
p1208,Nedelja 13: CS50 Week 0–1: computational thinking + C,,,,f4,w13,d088,day_duration,/course/software-engineer/days/d088,Vreme: 120 min,[]
p1209,Nedelja 13: CS50 Week 0–1: computational thinking + C,,,,f4,w13,d088,lesson_content,/course/software-engineer/days/d088/lessons/d088-learn#study,Uči / pročitaj: CS50 Week 1 functions/style.,[]
p1210,Nedelja 13: CS50 Week 0–1: computational thinking + C,,,,f4,w13,d088,exercise_section,/course/software-engineer/days/d088/exercises/d088-practice,Uradi:,[]
p1211,Nedelja 13: CS50 Week 0–1: computational thinking + C,,,,f4,w13,d088,exercise_task,/course/software-engineer/days/d088/exercises/d088-practice#d088-task-01,isPrime u C i JS side-by-side.,[]
p1212,Nedelja 13: CS50 Week 0–1: computational thinking + C,,,,f4,w13,d088,exercise_task,/course/software-engineer/days/d088/exercises/d088-practice#d088-task-02,Napiši clean function signatures.,[]
p1213,Nedelja 13: CS50 Week 0–1: computational thinking + C,,,,f4,w13,d088,exercise_task,/course/software-engineer/days/d088/exercises/d088-practice#d088-task-03,Pokreni style/correctness alate koje CS50 predviđa ako radiš u njihovom okruženju.,[]
p1214,Nedelja 13: CS50 Week 0–1: computational thinking + C,,,,f4,w13,d088,daily_ai_policy,/course/software-engineer/days/d088#ai-policy,"AI režim: AI poredi koncept, ne piše answer.",[]
p1215,Nedelja 13: CS50 Week 0–1: computational thinking + C,,,,f4,w13,d088,daily_completion_criterion,/course/software-engineer/days/d088#completion,Gotovo kada: Možeš prepoznati isti algoritam u dva jezika.,[]
p1216,Nedelja 13: CS50 Week 0–1: computational thinking + C,99,1,1,f4,w13,d089,day_heading,/course/software-engineer/days/d089,DAN 89,[]
p1217,Nedelja 13: CS50 Week 0–1: computational thinking + C,99,1,2,f4,w13,d089,day_title,/course/software-engineer/days/d089,27.11.2026 — CS50 Problem Set 1 — pokušaj,[]
p1218,Nedelja 13: CS50 Week 0–1: computational thinking + C,,,,f4,w13,d089,day_duration,/course/software-engineer/days/d089,Vreme: 120 min,[]
p1219,Nedelja 13: CS50 Week 0–1: computational thinking + C,,,,f4,w13,d089,lesson_content,/course/software-engineer/days/d089/lessons/d089-learn#study,Uči / pročitaj: CS50x Pset1. Izaberi problems prema svojim pravilima/kursu.,[]
p1220,Nedelja 13: CS50 Week 0–1: computational thinking + C,,,,f4,w13,d089,exercise_section,/course/software-engineer/days/d089/exercises/d089-practice,Uradi:,[]
p1221,Nedelja 13: CS50 Week 0–1: computational thinking + C,,,,f4,w13,d089,exercise_task,/course/software-engineer/days/d089/exercises/d089-practice#d089-task-01,Prvo requirements → examples → pseudocode.,[]
p1222,Nedelja 13: CS50 Week 0–1: computational thinking + C,,,,f4,w13,d089,exercise_task,/course/software-engineer/days/d089/exercises/d089-practice#d089-task-02,Radi minimum 90 min bez AI/full solution.,[]
p1223,Nedelja 13: CS50 Week 0–1: computational thinking + C,,,,f4,w13,d089,exercise_task,/course/software-engineer/days/d089/exercises/d089-practice#d089-task-03,Zapiši gde si zapao kao precizno pitanje.,[]
p1224,Nedelja 13: CS50 Week 0–1: computational thinking + C,,,,f4,w13,d089,daily_ai_policy,/course/software-engineer/days/d089#ai-policy,AI režim: AI samo dozvoljena konceptualna pomoć u skladu sa trenutnom CS50 politikom; nikada gotov pset solution.,[]
p1225,Nedelja 13: CS50 Week 0–1: computational thinking + C,,,,f4,w13,d089,daily_completion_criterion,/course/software-engineer/days/d089#completion,Gotovo kada: Imaš značajan samostalni pokušaj i precizne beleške.,[]
p1226,Nedelja 13: CS50 Week 0–1: computational thinking + C,100,1,1,f4,w13,d090,day_heading,/course/software-engineer/days/d090,DAN 90,[]
p1227,Nedelja 13: CS50 Week 0–1: computational thinking + C,100,1,2,f4,w13,d090,day_title,/course/software-engineer/days/d090,28.11.2026 — Pset1 završetak + JS transfer,[]
p1228,Nedelja 13: CS50 Week 0–1: computational thinking + C,,,,f4,w13,d090,day_duration,/course/software-engineer/days/d090,Vreme: 180 min,[]
p1229,Nedelja 13: CS50 Week 0–1: computational thinking + C,,,,f4,w13,d090,lesson_content,/course/software-engineer/days/d090/lessons/d090-learn#study,Uči / pročitaj: CS50x Pset1.,[]
p1230,Nedelja 13: CS50 Week 0–1: computational thinking + C,,,,f4,w13,d090,exercise_section,/course/software-engineer/days/d090/exercises/d090-practice,Uradi:,[]
p1231,Nedelja 13: CS50 Week 0–1: computational thinking + C,,,,f4,w13,d090,exercise_task,/course/software-engineer/days/d090/exercises/d090-practice#d090-task-01,Završi svoj pset u skladu s pravilima.,[]
p1232,Nedelja 13: CS50 Week 0–1: computational thinking + C,,,,f4,w13,d090,exercise_task,/course/software-engineer/days/d090/exercises/d090-practice#d090-task-02,Jedan algoritam iz pseta implementiraj ponovo u JS bez gledanja C koda.,[]
p1233,Nedelja 13: CS50 Week 0–1: computational thinking + C,,,,f4,w13,d090,exercise_task,/course/software-engineer/days/d090/exercises/d090-practice#d090-task-03,Uporedi syntax vs reasoning.,[]
p1234,Nedelja 13: CS50 Week 0–1: computational thinking + C,,,,f4,w13,d090,daily_ai_policy,/course/software-engineer/days/d090#ai-policy,AI režim: AI review samo tvog JS transfera.,[]
p1235,Nedelja 13: CS50 Week 0–1: computational thinking + C,,,,f4,w13,d090,daily_completion_criterion,/course/software-engineer/days/d090#completion,"Gotovo kada: Možeš objasniti šta je jezik-specifično, a šta algoritamsko.",[]
p1236,Nedelja 13: CS50 Week 0–1: computational thinking + C,101,1,1,f4,w13,d091,day_heading,/course/software-engineer/days/d091,DAN 91,[]
p1237,Nedelja 13: CS50 Week 0–1: computational thinking + C,101,1,2,f4,w13,d091,day_title,/course/software-engineer/days/d091,29.11.2026 — Checkpoint 13,[]
p1238,Nedelja 13: CS50 Week 0–1: computational thinking + C,,,,f4,w13,d091,day_duration,/course/software-engineer/days/d091,Vreme: 90 min,[]
p1239,Nedelja 13: CS50 Week 0–1: computational thinking + C,,,,f4,w13,d091,lesson_content,/course/software-engineer/days/d091/lessons/d091-learn#study,Uči / pročitaj: CS50 Week0–1 recap.,[]
p1240,Nedelja 13: CS50 Week 0–1: computational thinking + C,,,,f4,w13,d091,exercise_section,/course/software-engineer/days/d091/exercises/d091-practice,Uradi:,[]
p1241,Nedelja 13: CS50 Week 0–1: computational thinking + C,,,,f4,w13,d091,exercise_task,/course/software-engineer/days/d091/exercises/d091-practice#d091-task-01,AI OFF: napiši u C prime checker i u JS isti algoritam.,[]
p1242,Nedelja 13: CS50 Week 0–1: computational thinking + C,,,,f4,w13,d091,exercise_task,/course/software-engineer/days/d091/exercises/d091-practice#d091-task-02,Objasni integer overflow i floating-point imprecision na nivou primera.,[]
p1243,Nedelja 13: CS50 Week 0–1: computational thinking + C,,,,f4,w13,d091,exercise_task,/course/software-engineer/days/d091/exercises/d091-practice#d091-task-03,Retro: šta te C naučio o JS-u.,[]
p1244,Nedelja 13: CS50 Week 0–1: computational thinking + C,,,,f4,w13,d091,daily_ai_policy,/course/software-engineer/days/d091#ai-policy,AI režim: AI kviz na kraju.,[]
p1245,Nedelja 13: CS50 Week 0–1: computational thinking + C,,,,f4,w13,d091,daily_completion_criterion,/course/software-engineer/days/d091#completion,Gotovo kada: 2 implementacije rade i objašnjenje je tvoje.,[]
p1247,"Nedelja 14: CS50 Week 2: arrays, strings, debugging",,,,f4,w14,,week_context,/course/software-engineer/weeks/w14,"Nedelja 14: CS50 Week 2: arrays, strings, debugging",[]
p1248,"Nedelja 14: CS50 Week 2: arrays, strings, debugging",,,,f4,w14,,week_context,/course/software-engineer/weeks/w14,30.11.2026 – 06.12.2026  |  FAZA 4 — Computer Science osnova,[]
p1249,"Nedelja 14: CS50 Week 2: arrays, strings, debugging",,,,f4,w14,,week_context,/course/software-engineer/weeks/w14,Cilj nedelje: Razumeti nizove/stringove ispod JS apstrakcija i ojačati debugging.,[]
p1250,"Nedelja 14: CS50 Week 2: arrays, strings, debugging",,,,f4,w14,,week_context,/course/software-engineer/weeks/w14,"Primarni resursi: CS50x Week 2, CS50 Practice",[]
p1251,"Nedelja 14: CS50 Week 2: arrays, strings, debugging",102,1,1,f4,w14,d092,day_heading,/course/software-engineer/days/d092,DAN 92,[]
p1252,"Nedelja 14: CS50 Week 2: arrays, strings, debugging",102,1,2,f4,w14,d092,day_title,/course/software-engineer/days/d092,30.11.2026 — Compilation pipeline + arrays,[]
p1253,"Nedelja 14: CS50 Week 2: arrays, strings, debugging",,,,f4,w14,d092,day_duration,/course/software-engineer/days/d092,Vreme: 120 min,[]
p1254,"Nedelja 14: CS50 Week 2: arrays, strings, debugging",,,,f4,w14,d092,lesson_content,/course/software-engineer/days/d092/lessons/d092-learn#study,Uči / pročitaj: CS50x Week 2 lecture/notes prvi deo.,[]
p1255,"Nedelja 14: CS50 Week 2: arrays, strings, debugging",,,,f4,w14,d092,exercise_section,/course/software-engineer/days/d092/exercises/d092-practice,Uradi:,[]
p1256,"Nedelja 14: CS50 Week 2: arrays, strings, debugging",,,,f4,w14,d092,exercise_task,/course/software-engineer/days/d092/exercises/d092-practice#d092-task-01,Nacrtaj preprocess→compile→assemble→link.,[]
p1257,"Nedelja 14: CS50 Week 2: arrays, strings, debugging",,,,f4,w14,d092,exercise_task,/course/software-engineer/days/d092/exercises/d092-practice#d092-task-02,C array: sum/average/min/max.,[]
p1258,"Nedelja 14: CS50 Week 2: arrays, strings, debugging",,,,f4,w14,d092,exercise_task,/course/software-engineer/days/d092/exercises/d092-practice#d092-task-03,Uporedi fixed-size C array sa JS dynamic array konceptualno.,[]
p1259,"Nedelja 14: CS50 Week 2: arrays, strings, debugging",,,,f4,w14,d092,daily_ai_policy,/course/software-engineer/days/d092#ai-policy,AI režim: AI proverava diagram.,[]
p1260,"Nedelja 14: CS50 Week 2: arrays, strings, debugging",,,,f4,w14,d092,daily_completion_criterion,/course/software-engineer/days/d092#completion,Gotovo kada: Možeš objasniti pipeline i osnovni array memory layout.,[]
p1261,"Nedelja 14: CS50 Week 2: arrays, strings, debugging",103,1,1,f4,w14,d093,day_heading,/course/software-engineer/days/d093,DAN 93,[]
p1262,"Nedelja 14: CS50 Week 2: arrays, strings, debugging",103,1,2,f4,w14,d093,day_title,/course/software-engineer/days/d093,01.12.2026 — Strings kao niz karaktera,[]
p1263,"Nedelja 14: CS50 Week 2: arrays, strings, debugging",,,,f4,w14,d093,day_duration,/course/software-engineer/days/d093,Vreme: 120 min,[]
p1264,"Nedelja 14: CS50 Week 2: arrays, strings, debugging",,,,f4,w14,d093,lesson_content,/course/software-engineer/days/d093/lessons/d093-learn#study,Uči / pročitaj: CS50 Week 2 strings.,[]
p1265,"Nedelja 14: CS50 Week 2: arrays, strings, debugging",,,,f4,w14,d093,exercise_section,/course/software-engineer/days/d093/exercises/d093-practice,Uradi:,[]
p1266,"Nedelja 14: CS50 Week 2: arrays, strings, debugging",,,,f4,w14,d093,exercise_task,/course/software-engineer/days/d093/exercises/d093-practice#d093-task-01,Napiši strlen-like loop.,[]
p1267,"Nedelja 14: CS50 Week 2: arrays, strings, debugging",,,,f4,w14,d093,exercise_task,/course/software-engineer/days/d093/exercises/d093-practice#d093-task-02,Count letters/digits/spaces.,[]
p1268,"Nedelja 14: CS50 Week 2: arrays, strings, debugging",,,,f4,w14,d093,exercise_task,/course/software-engineer/days/d093/exercises/d093-practice#d093-task-03,JS verzija istih algoritama bez built-in shortcut-a.,[]
p1269,"Nedelja 14: CS50 Week 2: arrays, strings, debugging",,,,f4,w14,d093,daily_ai_policy,/course/software-engineer/days/d093#ai-policy,"AI režim: AI test cases, bez solution.",[]
p1270,"Nedelja 14: CS50 Week 2: arrays, strings, debugging",,,,f4,w14,d093,daily_completion_criterion,/course/software-engineer/days/d093#completion,"Gotovo kada: Vidiš string traversal kao algoritam, ne method memorisanje.",[]
p1271,"Nedelja 14: CS50 Week 2: arrays, strings, debugging",104,1,1,f4,w14,d094,day_heading,/course/software-engineer/days/d094,DAN 94,[]
p1272,"Nedelja 14: CS50 Week 2: arrays, strings, debugging",104,1,2,f4,w14,d094,day_title,/course/software-engineer/days/d094,02.12.2026 — Command-line arguments + crypto thinking,[]
p1273,"Nedelja 14: CS50 Week 2: arrays, strings, debugging",,,,f4,w14,d094,day_duration,/course/software-engineer/days/d094,Vreme: 120 min,[]
p1274,"Nedelja 14: CS50 Week 2: arrays, strings, debugging",,,,f4,w14,d094,lesson_content,/course/software-engineer/days/d094/lessons/d094-learn#study,Uči / pročitaj: CS50 Week 2 relevant sections.,[]
p1275,"Nedelja 14: CS50 Week 2: arrays, strings, debugging",,,,f4,w14,d094,exercise_section,/course/software-engineer/days/d094/exercises/d094-practice,Uradi:,[]
p1276,"Nedelja 14: CS50 Week 2: arrays, strings, debugging",,,,f4,w14,d094,exercise_task,/course/software-engineer/days/d094/exercises/d094-practice#d094-task-01,Mali CLI koji čita argument i transformiše tekst.,[]
p1277,"Nedelja 14: CS50 Week 2: arrays, strings, debugging",,,,f4,w14,d094,exercise_task,/course/software-engineer/days/d094/exercises/d094-practice#d094-task-02,"Implementiraj jednostavan Caesar shift kao vežbu, bez kopiranja CS50 solutiona.",[]
p1278,"Nedelja 14: CS50 Week 2: arrays, strings, debugging",,,,f4,w14,d094,exercise_task,/course/software-engineer/days/d094/exercises/d094-practice#d094-task-03,Test wrap-around i non-letter characters.,[]
p1279,"Nedelja 14: CS50 Week 2: arrays, strings, debugging",,,,f4,w14,d094,daily_ai_policy,/course/software-engineer/days/d094#ai-policy,AI režim: AI sme generisati testove.,[]
p1280,"Nedelja 14: CS50 Week 2: arrays, strings, debugging",,,,f4,w14,d094,daily_completion_criterion,/course/software-engineer/days/d094#completion,Gotovo kada: Algoritam radi u najmanje jednom jeziku i možeš ga prebaciti u drugi.,[]
p1281,"Nedelja 14: CS50 Week 2: arrays, strings, debugging",105,1,1,f4,w14,d095,day_heading,/course/software-engineer/days/d095,DAN 95,[]
p1282,"Nedelja 14: CS50 Week 2: arrays, strings, debugging",105,1,2,f4,w14,d095,day_title,/course/software-engineer/days/d095,03.12.2026 — Debugging u C,[]
p1283,"Nedelja 14: CS50 Week 2: arrays, strings, debugging",,,,f4,w14,d095,day_duration,/course/software-engineer/days/d095,Vreme: 120 min,[]
p1284,"Nedelja 14: CS50 Week 2: arrays, strings, debugging",,,,f4,w14,d095,lesson_content,/course/software-engineer/days/d095/lessons/d095-learn#study,Uči / pročitaj: CS50 Week2 debugging tools/notes.,[]
p1285,"Nedelja 14: CS50 Week 2: arrays, strings, debugging",,,,f4,w14,d095,exercise_section,/course/software-engineer/days/d095/exercises/d095-practice,Uradi:,[]
p1286,"Nedelja 14: CS50 Week 2: arrays, strings, debugging",,,,f4,w14,d095,exercise_task,/course/software-engineer/days/d095/exercises/d095-practice#d095-task-01,"Namerno napravi off-by-one, uninitialized/incorrect index bug.",[]
p1287,"Nedelja 14: CS50 Week 2: arrays, strings, debugging",,,,f4,w14,d095,exercise_task,/course/software-engineer/days/d095/exercises/d095-practice#d095-task-02,Koristi debugger korak-po-korak.,[]
p1288,"Nedelja 14: CS50 Week 2: arrays, strings, debugging",,,,f4,w14,d095,exercise_task,/course/software-engineer/days/d095/exercises/d095-practice#d095-task-03,"Napiši root cause, ne samo fix.",[]
p1289,"Nedelja 14: CS50 Week 2: arrays, strings, debugging",,,,f4,w14,d095,daily_ai_policy,/course/software-engineer/days/d095#ai-policy,AI režim: AI rubber duck.,[]
p1290,"Nedelja 14: CS50 Week 2: arrays, strings, debugging",,,,f4,w14,d095,daily_completion_criterion,/course/software-engineer/days/d095#completion,"Gotovo kada: 3 bugova dijagnostikovana metodom, ne pogađanjem.",[]
p1291,"Nedelja 14: CS50 Week 2: arrays, strings, debugging",106,1,1,f4,w14,d096,day_heading,/course/software-engineer/days/d096,DAN 96,[]
p1292,"Nedelja 14: CS50 Week 2: arrays, strings, debugging",106,1,2,f4,w14,d096,day_title,/course/software-engineer/days/d096,04.12.2026 — Pset2 pokušaj,[]
p1293,"Nedelja 14: CS50 Week 2: arrays, strings, debugging",,,,f4,w14,d096,day_duration,/course/software-engineer/days/d096,Vreme: 120 min,[]
p1294,"Nedelja 14: CS50 Week 2: arrays, strings, debugging",,,,f4,w14,d096,lesson_content,/course/software-engineer/days/d096/lessons/d096-learn#study,Uči / pročitaj: CS50x Problem Set 2.,[]
p1295,"Nedelja 14: CS50 Week 2: arrays, strings, debugging",,,,f4,w14,d096,exercise_section,/course/software-engineer/days/d096/exercises/d096-practice,Uradi:,[]
p1296,"Nedelja 14: CS50 Week 2: arrays, strings, debugging",,,,f4,w14,d096,exercise_task,/course/software-engineer/days/d096/exercises/d096-practice#d096-task-01,Prvo pset samostalno.,[]
p1297,"Nedelja 14: CS50 Week 2: arrays, strings, debugging",,,,f4,w14,d096,exercise_task,/course/software-engineer/days/d096/exercises/d096-practice#d096-task-02,Radi barem 90 min.,[]
p1298,"Nedelja 14: CS50 Week 2: arrays, strings, debugging",,,,f4,w14,d096,exercise_task,/course/software-engineer/days/d096/exercises/d096-practice#d096-task-03,Svaki put kada zapneš napiši konkretno: expected/actual/state.,[]
p1299,"Nedelja 14: CS50 Week 2: arrays, strings, debugging",,,,f4,w14,d096,daily_ai_policy,/course/software-engineer/days/d096#ai-policy,AI režim: Samo policy-compliant help.,[]
p1300,"Nedelja 14: CS50 Week 2: arrays, strings, debugging",,,,f4,w14,d096,daily_completion_criterion,/course/software-engineer/days/d096#completion,Gotovo kada: Značajan pokušaj i jedan deo završen.,[]
p1301,"Nedelja 14: CS50 Week 2: arrays, strings, debugging",107,1,1,f4,w14,d097,day_heading,/course/software-engineer/days/d097,DAN 97,[]
p1302,"Nedelja 14: CS50 Week 2: arrays, strings, debugging",107,1,2,f4,w14,d097,day_title,/course/software-engineer/days/d097,05.12.2026 — Pset2 završetak + JS transfer,[]
p1303,"Nedelja 14: CS50 Week 2: arrays, strings, debugging",,,,f4,w14,d097,day_duration,/course/software-engineer/days/d097,Vreme: 180 min,[]
p1304,"Nedelja 14: CS50 Week 2: arrays, strings, debugging",,,,f4,w14,d097,lesson_content,/course/software-engineer/days/d097/lessons/d097-learn#study,Uči / pročitaj: CS50x Pset2.,[]
p1305,"Nedelja 14: CS50 Week 2: arrays, strings, debugging",,,,f4,w14,d097,exercise_section,/course/software-engineer/days/d097/exercises/d097-practice,Uradi:,[]
p1306,"Nedelja 14: CS50 Week 2: arrays, strings, debugging",,,,f4,w14,d097,exercise_task,/course/software-engineer/days/d097/exercises/d097-practice#d097-task-01,Završi u skladu sa pravilima.,[]
p1307,"Nedelja 14: CS50 Week 2: arrays, strings, debugging",,,,f4,w14,d097,exercise_task,/course/software-engineer/days/d097/exercises/d097-practice#d097-task-02,Izaberi jednu string logiku i napiši od nule u JS.,[]
p1308,"Nedelja 14: CS50 Week 2: arrays, strings, debugging",,,,f4,w14,d097,exercise_task,/course/software-engineer/days/d097/exercises/d097-practice#d097-task-03,Dodaj automated JS tests.,[]
p1309,"Nedelja 14: CS50 Week 2: arrays, strings, debugging",,,,f4,w14,d097,daily_ai_policy,/course/software-engineer/days/d097#ai-policy,AI režim: AI review JS transfera.,[]
p1310,"Nedelja 14: CS50 Week 2: arrays, strings, debugging",,,,f4,w14,d097,daily_completion_criterion,/course/software-engineer/days/d097#completion,Gotovo kada: Pset + JS transfer demonstriraju isti model razmišljanja.,[]
p1311,"Nedelja 14: CS50 Week 2: arrays, strings, debugging",108,1,1,f4,w14,d098,day_heading,/course/software-engineer/days/d098,DAN 98,[]
p1312,"Nedelja 14: CS50 Week 2: arrays, strings, debugging",108,1,2,f4,w14,d098,day_title,/course/software-engineer/days/d098,06.12.2026 — Checkpoint 14,[]
p1313,"Nedelja 14: CS50 Week 2: arrays, strings, debugging",,,,f4,w14,d098,day_duration,/course/software-engineer/days/d098,Vreme: 90 min,[]
p1314,"Nedelja 14: CS50 Week 2: arrays, strings, debugging",,,,f4,w14,d098,lesson_content,/course/software-engineer/days/d098/lessons/d098-learn#study,Uči / pročitaj: Bez nove teorije.,[]
p1315,"Nedelja 14: CS50 Week 2: arrays, strings, debugging",,,,f4,w14,d098,exercise_section,/course/software-engineer/days/d098/exercises/d098-practice,Uradi:,[]
p1316,"Nedelja 14: CS50 Week 2: arrays, strings, debugging",,,,f4,w14,d098,exercise_task,/course/software-engineer/days/d098/exercises/d098-practice#d098-task-01,AI OFF: implementiraj run-length encoding basic za string.,[]
p1317,"Nedelja 14: CS50 Week 2: arrays, strings, debugging",,,,f4,w14,d098,exercise_task,/course/software-engineer/days/d098/exercises/d098-practice#d098-task-02,Napiši complexity.,[]
p1318,"Nedelja 14: CS50 Week 2: arrays, strings, debugging",,,,f4,w14,d098,exercise_task,/course/software-engineer/days/d098/exercises/d098-practice#d098-task-03,Pronađi 3 edge case-a pre pokretanja.,[]
p1319,"Nedelja 14: CS50 Week 2: arrays, strings, debugging",,,,f4,w14,d098,daily_ai_policy,/course/software-engineer/days/d098#ai-policy,AI režim: AI tek posle.,[]
p1320,"Nedelja 14: CS50 Week 2: arrays, strings, debugging",,,,f4,w14,d098,daily_completion_criterion,/course/software-engineer/days/d098#completion,Gotovo kada: Rešenje radi i edge cases su namerni.,[]
p1322,Nedelja 15: CS50 Week 3: algoritmi,,,,f4,w15,,week_context,/course/software-engineer/weeks/w15,Nedelja 15: CS50 Week 3: algoritmi,[]
p1323,Nedelja 15: CS50 Week 3: algoritmi,,,,f4,w15,,week_context,/course/software-engineer/weeks/w15,07.12.2026 – 13.12.2026  |  FAZA 4 — Computer Science osnova,[]
p1324,Nedelja 15: CS50 Week 3: algoritmi,,,,f4,w15,,week_context,/course/software-engineer/weeks/w15,Cilj nedelje: Internalizovati search/sort i razmišljanje o kompleksnosti.,[]
p1325,Nedelja 15: CS50 Week 3: algoritmi,,,,f4,w15,,week_context,/course/software-engineer/weeks/w15,"Primarni resursi: CS50x Week 3, MDN sort",[]
p1326,Nedelja 15: CS50 Week 3: algoritmi,109,1,1,f4,w15,d099,day_heading,/course/software-engineer/days/d099,DAN 99,[]
p1327,Nedelja 15: CS50 Week 3: algoritmi,109,1,2,f4,w15,d099,day_title,/course/software-engineer/days/d099,07.12.2026 — Linear vs binary search,[]
p1328,Nedelja 15: CS50 Week 3: algoritmi,,,,f4,w15,d099,day_duration,/course/software-engineer/days/d099,Vreme: 120 min,[]
p1329,Nedelja 15: CS50 Week 3: algoritmi,,,,f4,w15,d099,lesson_content,/course/software-engineer/days/d099/lessons/d099-learn#study,Uči / pročitaj: CS50x Week 3 search.,[]
p1330,Nedelja 15: CS50 Week 3: algoritmi,,,,f4,w15,d099,exercise_section,/course/software-engineer/days/d099/exercises/d099-practice,Uradi:,[]
p1331,Nedelja 15: CS50 Week 3: algoritmi,,,,f4,w15,d099,exercise_task,/course/software-engineer/days/d099/exercises/d099-practice#d099-task-01,Implementiraj oba u C ili JS.,[]
p1332,Nedelja 15: CS50 Week 3: algoritmi,,,,f4,w15,d099,exercise_task,/course/software-engineer/days/d099/exercises/d099-practice#d099-task-02,Ručni trace za 16 elemenata.,[]
p1333,Nedelja 15: CS50 Week 3: algoritmi,,,,f4,w15,d099,exercise_task,/course/software-engineer/days/d099/exercises/d099-practice#d099-task-03,Napiši precondition binary search-a.,[]
p1334,Nedelja 15: CS50 Week 3: algoritmi,,,,f4,w15,d099,daily_ai_policy,/course/software-engineer/days/d099#ai-policy,AI režim: AI daje samo trace pitanja.,[]
p1335,Nedelja 15: CS50 Week 3: algoritmi,,,,f4,w15,d099,daily_completion_criterion,/course/software-engineer/days/d099#completion,Gotovo kada: Možeš objasniti O(n) vs O(log n) intuitivno.,[]
p1336,Nedelja 15: CS50 Week 3: algoritmi,110,1,1,f4,w15,d100,day_heading,/course/software-engineer/days/d100,DAN 100,[]
p1337,Nedelja 15: CS50 Week 3: algoritmi,110,1,2,f4,w15,d100,day_title,/course/software-engineer/days/d100,08.12.2026 — Selection/bubble sort,[]
p1338,Nedelja 15: CS50 Week 3: algoritmi,,,,f4,w15,d100,day_duration,/course/software-engineer/days/d100,Vreme: 120 min,[]
p1339,Nedelja 15: CS50 Week 3: algoritmi,,,,f4,w15,d100,lesson_content,/course/software-engineer/days/d100/lessons/d100-learn#study,Uči / pročitaj: CS50 Week3 sorting.,[]
p1340,Nedelja 15: CS50 Week 3: algoritmi,,,,f4,w15,d100,exercise_section,/course/software-engineer/days/d100/exercises/d100-practice,Uradi:,[]
p1341,Nedelja 15: CS50 Week 3: algoritmi,,,,f4,w15,d100,exercise_task,/course/software-engineer/days/d100/exercises/d100-practice#d100-task-01,Implementiraj selection i bubble u JS.,[]
p1342,Nedelja 15: CS50 Week 3: algoritmi,,,,f4,w15,d100,exercise_task,/course/software-engineer/days/d100/exercises/d100-practice#d100-task-02,Broj comparisons/swaps na malom inputu.,[]
p1343,Nedelja 15: CS50 Week 3: algoritmi,,,,f4,w15,d100,exercise_task,/course/software-engineer/days/d100/exercises/d100-practice#d100-task-03,Napiši kada je svaki loš izbor.,[]
p1344,Nedelja 15: CS50 Week 3: algoritmi,,,,f4,w15,d100,daily_ai_policy,/course/software-engineer/days/d100#ai-policy,AI režim: AI proverava complexity.,[]
p1345,Nedelja 15: CS50 Week 3: algoritmi,,,,f4,w15,d100,daily_completion_criterion,/course/software-engineer/days/d100#completion,Gotovo kada: Možeš ručno odigrati oba algoritma.,[]
p1346,Nedelja 15: CS50 Week 3: algoritmi,111,1,1,f4,w15,d101,day_heading,/course/software-engineer/days/d101,DAN 101,[]
p1347,Nedelja 15: CS50 Week 3: algoritmi,111,1,2,f4,w15,d101,day_title,/course/software-engineer/days/d101,09.12.2026 — Merge sort + recursion,[]
p1348,Nedelja 15: CS50 Week 3: algoritmi,,,,f4,w15,d101,day_duration,/course/software-engineer/days/d101,Vreme: 120 min,[]
p1349,Nedelja 15: CS50 Week 3: algoritmi,,,,f4,w15,d101,lesson_content,/course/software-engineer/days/d101/lessons/d101-learn#study,Uči / pročitaj: CS50 Week3 merge sort + Odin recursion recap.,[]
p1350,Nedelja 15: CS50 Week 3: algoritmi,,,,f4,w15,d101,exercise_section,/course/software-engineer/days/d101/exercises/d101-practice,Uradi:,[]
p1351,Nedelja 15: CS50 Week 3: algoritmi,,,,f4,w15,d101,exercise_task,/course/software-engineer/days/d101/exercises/d101-practice#d101-task-01,Implementiraj merge + mergeSort u JS od nule.,[]
p1352,Nedelja 15: CS50 Week 3: algoritmi,,,,f4,w15,d101,exercise_task,/course/software-engineer/days/d101/exercises/d101-practice#d101-task-02,"Trace [5,2,4,1].",[]
p1353,Nedelja 15: CS50 Week 3: algoritmi,,,,f4,w15,d101,exercise_task,/course/software-engineer/days/d101/exercises/d101-practice#d101-task-03,Napiši O(n log n) intuiciju.,[]
p1354,Nedelja 15: CS50 Week 3: algoritmi,,,,f4,w15,d101,daily_ai_policy,/course/software-engineer/days/d101#ai-policy,AI režim: AI ne daje code; samo proverava trace.,[]
p1355,Nedelja 15: CS50 Week 3: algoritmi,,,,f4,w15,d101,daily_completion_criterion,/course/software-engineer/days/d101#completion,Gotovo kada: Merge sort radi i umeš da objasniš split/merge.,[]
p1356,Nedelja 15: CS50 Week 3: algoritmi,112,1,1,f4,w15,d102,day_heading,/course/software-engineer/days/d102,DAN 102,[]
p1357,Nedelja 15: CS50 Week 3: algoritmi,112,1,2,f4,w15,d102,day_title,/course/software-engineer/days/d102,10.12.2026 — Custom comparator i trade-offs,[]
p1358,Nedelja 15: CS50 Week 3: algoritmi,,,,f4,w15,d102,day_duration,/course/software-engineer/days/d102,Vreme: 120 min,[]
p1359,Nedelja 15: CS50 Week 3: algoritmi,,,,f4,w15,d102,lesson_content,/course/software-engineer/days/d102/lessons/d102-learn#study,Uči / pročitaj: MDN Array.sort reference samo za comparator behavior.,[]
p1360,Nedelja 15: CS50 Week 3: algoritmi,,,,f4,w15,d102,exercise_section,/course/software-engineer/days/d102/exercises/d102-practice,Uradi:,[]
p1361,Nedelja 15: CS50 Week 3: algoritmi,,,,f4,w15,d102,exercise_task,/course/software-engineer/days/d102/exercises/d102-practice#d102-task-01,Sort objects po 2 kriterijuma.,[]
p1362,Nedelja 15: CS50 Week 3: algoritmi,,,,f4,w15,d102,exercise_task,/course/software-engineer/days/d102/exercises/d102-practice#d102-task-02,Uporedi built-in sort sa sopstvenim algoritmom: zašto u produkciji ne pišeš sort iz hobija.,[]
p1363,Nedelja 15: CS50 Week 3: algoritmi,,,,f4,w15,d102,exercise_task,/course/software-engineer/days/d102/exercises/d102-practice#d102-task-03,Napiši 5 pitanja koja postavljaš pre izbora algoritma.,[]
p1364,Nedelja 15: CS50 Week 3: algoritmi,,,,f4,w15,d102,daily_ai_policy,/course/software-engineer/days/d102#ai-policy,AI režim: AI senior discussion.,[]
p1365,Nedelja 15: CS50 Week 3: algoritmi,,,,f4,w15,d102,daily_completion_criterion,/course/software-engineer/days/d102#completion,Gotovo kada: Razlikuješ učenje algoritma od produkcionog izbora.,[]
p1366,Nedelja 15: CS50 Week 3: algoritmi,113,1,1,f4,w15,d103,day_heading,/course/software-engineer/days/d103,DAN 103,[]
p1367,Nedelja 15: CS50 Week 3: algoritmi,113,1,2,f4,w15,d103,day_title,/course/software-engineer/days/d103,11.12.2026 — Pset3 pokušaj,[]
p1368,Nedelja 15: CS50 Week 3: algoritmi,,,,f4,w15,d103,day_duration,/course/software-engineer/days/d103,Vreme: 120 min,[]
p1369,Nedelja 15: CS50 Week 3: algoritmi,,,,f4,w15,d103,lesson_content,/course/software-engineer/days/d103/lessons/d103-learn#study,Uči / pročitaj: CS50x Problem Set 3.,[]
p1370,Nedelja 15: CS50 Week 3: algoritmi,,,,f4,w15,d103,exercise_section,/course/software-engineer/days/d103/exercises/d103-practice,Uradi:,[]
p1371,Nedelja 15: CS50 Week 3: algoritmi,,,,f4,w15,d103,exercise_task,/course/software-engineer/days/d103/exercises/d103-practice#d103-task-01,Radi samostalno.,[]
p1372,Nedelja 15: CS50 Week 3: algoritmi,,,,f4,w15,d103,exercise_task,/course/software-engineer/days/d103/exercises/d103-practice#d103-task-02,Nacrtaj data flow/problem structure pre koda.,[]
p1373,Nedelja 15: CS50 Week 3: algoritmi,,,,f4,w15,d103,exercise_task,/course/software-engineer/days/d103/exercises/d103-practice#d103-task-03,"Ako postoji plurality/runoff/tideman izbor, prati zvanične instrukcije i policy.",[]
p1374,Nedelja 15: CS50 Week 3: algoritmi,,,,f4,w15,d103,daily_ai_policy,/course/software-engineer/days/d103#ai-policy,AI režim: Samo dozvoljena pomoć.,[]
p1375,Nedelja 15: CS50 Week 3: algoritmi,,,,f4,w15,d103,daily_completion_criterion,/course/software-engineer/days/d103#completion,Gotovo kada: Najmanje 90 min kvalitetnog pokušaja.,[]
p1376,Nedelja 15: CS50 Week 3: algoritmi,114,1,1,f4,w15,d104,day_heading,/course/software-engineer/days/d104,DAN 104,[]
p1377,Nedelja 15: CS50 Week 3: algoritmi,114,1,2,f4,w15,d104,day_title,/course/software-engineer/days/d104,12.12.2026 — Pset3 završetak + algorithm notebook,[]
p1378,Nedelja 15: CS50 Week 3: algoritmi,,,,f4,w15,d104,day_duration,/course/software-engineer/days/d104,Vreme: 180 min,[]
p1379,Nedelja 15: CS50 Week 3: algoritmi,,,,f4,w15,d104,lesson_content,/course/software-engineer/days/d104/lessons/d104-learn#study,Uči / pročitaj: CS50x Pset3.,[]
p1380,Nedelja 15: CS50 Week 3: algoritmi,,,,f4,w15,d104,exercise_section,/course/software-engineer/days/d104/exercises/d104-practice,Uradi:,[]
p1381,Nedelja 15: CS50 Week 3: algoritmi,,,,f4,w15,d104,exercise_task,/course/software-engineer/days/d104/exercises/d104-practice#d104-task-01,Završi koliko je realno.,[]
p1382,Nedelja 15: CS50 Week 3: algoritmi,,,,f4,w15,d104,exercise_task,/course/software-engineer/days/d104/exercises/d104-practice#d104-task-02,Napravi algorithms.md: search/sort + complexity + invariant.,[]
p1383,Nedelja 15: CS50 Week 3: algoritmi,,,,f4,w15,d104,exercise_task,/course/software-engineer/days/d104/exercises/d104-practice#d104-task-03,Reimplement one algorithm iz memorije.,[]
p1384,Nedelja 15: CS50 Week 3: algoritmi,,,,f4,w15,d104,daily_ai_policy,/course/software-engineer/days/d104#ai-policy,AI režim: AI proverava notebook na tačnost.,[]
p1385,Nedelja 15: CS50 Week 3: algoritmi,,,,f4,w15,d104,daily_completion_criterion,/course/software-engineer/days/d104#completion,Gotovo kada: Algorithm notebook ima 5 osnovnih algoritama.,[]
p1386,Nedelja 15: CS50 Week 3: algoritmi,115,1,1,f4,w15,d105,day_heading,/course/software-engineer/days/d105,DAN 105,[]
p1387,Nedelja 15: CS50 Week 3: algoritmi,115,1,2,f4,w15,d105,day_title,/course/software-engineer/days/d105,13.12.2026 — Checkpoint 15 — algorithm interview,[]
p1388,Nedelja 15: CS50 Week 3: algoritmi,,,,f4,w15,d105,day_duration,/course/software-engineer/days/d105,Vreme: 90 min,[]
p1389,Nedelja 15: CS50 Week 3: algoritmi,,,,f4,w15,d105,lesson_content,/course/software-engineer/days/d105/lessons/d105-learn#study,Uči / pročitaj: Bez novih resursa.,[]
p1390,Nedelja 15: CS50 Week 3: algoritmi,,,,f4,w15,d105,exercise_section,/course/software-engineer/days/d105/exercises/d105-practice,Uradi:,[]
p1391,Nedelja 15: CS50 Week 3: algoritmi,,,,f4,w15,d105,exercise_task,/course/software-engineer/days/d105/exercises/d105-practice#d105-task-01,"AI OFF: “Given sorted array, find first occurrence of target”.",[]
p1392,Nedelja 15: CS50 Week 3: algoritmi,,,,f4,w15,d105,exercise_task,/course/software-engineer/days/d105/exercises/d105-practice#d105-task-02,"Brute/optimal, pseudocode, code, tests, complexity.",[]
p1393,Nedelja 15: CS50 Week 3: algoritmi,,,,f4,w15,d105,exercise_task,/course/software-engineer/days/d105/exercises/d105-practice#d105-task-03,Objasni loop invariant ili bar zašto ne preskačeš odgovor.,[]
p1394,Nedelja 15: CS50 Week 3: algoritmi,,,,f4,w15,d105,daily_ai_policy,/course/software-engineer/days/d105#ai-policy,AI režim: AI interviewer posle 60 min.,[]
p1395,Nedelja 15: CS50 Week 3: algoritmi,,,,f4,w15,d105,daily_completion_criterion,/course/software-engineer/days/d105#completion,Gotovo kada: Kompletan problem-solving proces bez pomoći.,[]
p1397,Nedelja 16: CS50 Week 4: memory i pointers,,,,f4,w16,,week_context,/course/software-engineer/weeks/w16,Nedelja 16: CS50 Week 4: memory i pointers,[]
p1398,Nedelja 16: CS50 Week 4: memory i pointers,,,,f4,w16,,week_context,/course/software-engineer/weeks/w16,14.12.2026 – 20.12.2026  |  FAZA 4 — Computer Science osnova,[]
p1399,Nedelja 16: CS50 Week 4: memory i pointers,,,,f4,w16,,week_context,/course/software-engineer/weeks/w16,Cilj nedelje: Razumeti reference i memoriju dovoljno da JS ponašanje više nije misteriozno.,[]
p1400,Nedelja 16: CS50 Week 4: memory i pointers,,,,f4,w16,,week_context,/course/software-engineer/weeks/w16,"Primarni resursi: CS50x Week 4, javascript.info References/GC",[]
p1401,Nedelja 16: CS50 Week 4: memory i pointers,116,1,1,f4,w16,d106,day_heading,/course/software-engineer/days/d106,DAN 106,[]
p1402,Nedelja 16: CS50 Week 4: memory i pointers,116,1,2,f4,w16,d106,day_title,/course/software-engineer/days/d106,"14.12.2026 — Hex, addresses, pointers",[]
p1403,Nedelja 16: CS50 Week 4: memory i pointers,,,,f4,w16,d106,day_duration,/course/software-engineer/days/d106,Vreme: 120 min,[]
p1404,Nedelja 16: CS50 Week 4: memory i pointers,,,,f4,w16,d106,lesson_content,/course/software-engineer/days/d106/lessons/d106-learn#study,Uči / pročitaj: CS50x Week 4 lecture/notes prvi deo.,[]
p1405,Nedelja 16: CS50 Week 4: memory i pointers,,,,f4,w16,d106,exercise_section,/course/software-engineer/days/d106/exercises/d106-practice,Uradi:,[]
p1406,Nedelja 16: CS50 Week 4: memory i pointers,,,,f4,w16,d106,exercise_task,/course/software-engineer/days/d106/exercises/d106-practice#d106-task-01,Nacrtaj memory boxes i pointer arrows.,[]
p1407,Nedelja 16: CS50 Week 4: memory i pointers,,,,f4,w16,d106,exercise_task,/course/software-engineer/days/d106/exercises/d106-practice#d106-task-02,Mali C program sa & i *.,[]
p1408,Nedelja 16: CS50 Week 4: memory i pointers,,,,f4,w16,d106,exercise_task,/course/software-engineer/days/d106/exercises/d106-practice#d106-task-03,Objasni razliku value vs address.,[]
p1409,Nedelja 16: CS50 Week 4: memory i pointers,,,,f4,w16,d106,daily_ai_policy,/course/software-engineer/days/d106#ai-policy,AI režim: AI proverava crtež verbalno.,[]
p1410,Nedelja 16: CS50 Week 4: memory i pointers,,,,f4,w16,d106,daily_completion_criterion,/course/software-engineer/days/d106#completion,Gotovo kada: Možeš objasniti pointer bez “strašna magija”.,[]
p1411,Nedelja 16: CS50 Week 4: memory i pointers,117,1,1,f4,w16,d107,day_heading,/course/software-engineer/days/d107,DAN 107,[]
p1412,Nedelja 16: CS50 Week 4: memory i pointers,117,1,2,f4,w16,d107,day_title,/course/software-engineer/days/d107,15.12.2026 — Strings/pointers,[]
p1413,Nedelja 16: CS50 Week 4: memory i pointers,,,,f4,w16,d107,day_duration,/course/software-engineer/days/d107,Vreme: 120 min,[]
p1414,Nedelja 16: CS50 Week 4: memory i pointers,,,,f4,w16,d107,lesson_content,/course/software-engineer/days/d107/lessons/d107-learn#study,Uči / pročitaj: CS50 Week4 strings/pointers.,[]
p1415,Nedelja 16: CS50 Week 4: memory i pointers,,,,f4,w16,d107,exercise_section,/course/software-engineer/days/d107/exercises/d107-practice,Uradi:,[]
p1416,Nedelja 16: CS50 Week 4: memory i pointers,,,,f4,w16,d107,exercise_task,/course/software-engineer/days/d107/exercises/d107-practice#d107-task-01,Uporedi char* i char array konceptualno.,[]
p1417,Nedelja 16: CS50 Week 4: memory i pointers,,,,f4,w16,d107,exercise_task,/course/software-engineer/days/d107/exercises/d107-practice#d107-task-02,Objasni zašto assignment reference tipova u JS deli objekat.,[]
p1418,Nedelja 16: CS50 Week 4: memory i pointers,,,,f4,w16,d107,exercise_task,/course/software-engineer/days/d107/exercises/d107-practice#d107-task-03,Napravi 5 JS reference/copy predikcija.,[]
p1419,Nedelja 16: CS50 Week 4: memory i pointers,,,,f4,w16,d107,daily_ai_policy,/course/software-engineer/days/d107#ai-policy,AI režim: AI daje predict-output pitanja.,[]
p1420,Nedelja 16: CS50 Week 4: memory i pointers,,,,f4,w16,d107,daily_completion_criterion,/course/software-engineer/days/d107#completion,Gotovo kada: ≥4/5 reference pitanja tačno.,[]
p1421,Nedelja 16: CS50 Week 4: memory i pointers,118,1,1,f4,w16,d108,day_heading,/course/software-engineer/days/d108,DAN 108,[]
p1422,Nedelja 16: CS50 Week 4: memory i pointers,118,1,2,f4,w16,d108,day_title,/course/software-engineer/days/d108,16.12.2026 — malloc/free i memory leaks,[]
p1423,Nedelja 16: CS50 Week 4: memory i pointers,,,,f4,w16,d108,day_duration,/course/software-engineer/days/d108,Vreme: 120 min,[]
p1424,Nedelja 16: CS50 Week 4: memory i pointers,,,,f4,w16,d108,lesson_content,/course/software-engineer/days/d108/lessons/d108-learn#study,Uči / pročitaj: CS50 Week4 dynamic memory.,[]
p1425,Nedelja 16: CS50 Week 4: memory i pointers,,,,f4,w16,d108,exercise_section,/course/software-engineer/days/d108/exercises/d108-practice,Uradi:,[]
p1426,Nedelja 16: CS50 Week 4: memory i pointers,,,,f4,w16,d108,exercise_task,/course/software-engineer/days/d108/exercises/d108-practice#d108-task-01,Napiši mali malloc/free primer prema kursu.,[]
p1427,Nedelja 16: CS50 Week 4: memory i pointers,,,,f4,w16,d108,exercise_task,/course/software-engineer/days/d108/exercises/d108-practice#d108-task-02,Pokreni memory checker ako je dostupan.,[]
p1428,Nedelja 16: CS50 Week 4: memory i pointers,,,,f4,w16,d108,exercise_task,/course/software-engineer/days/d108/exercises/d108-practice#d108-task-03,"Napiši analogiju sa GC u JS: šta JS rešava, šta ne rešava (logical leaks).",[]
p1429,Nedelja 16: CS50 Week 4: memory i pointers,,,,f4,w16,d108,daily_ai_policy,/course/software-engineer/days/d108#ai-policy,AI režim: AI objašnjava samo konceptualno.,[]
p1430,Nedelja 16: CS50 Week 4: memory i pointers,,,,f4,w16,d108,daily_completion_criterion,/course/software-engineer/days/d108#completion,Gotovo kada: Razumeš ownership ideju i GC ograničenje na visokom nivou.,[]
p1431,Nedelja 16: CS50 Week 4: memory i pointers,119,1,1,f4,w16,d109,day_heading,/course/software-engineer/days/d109,DAN 109,[]
p1432,Nedelja 16: CS50 Week 4: memory i pointers,119,1,2,f4,w16,d109,day_title,/course/software-engineer/days/d109,17.12.2026 — Buffer/array bounds + security intuition,[]
p1433,Nedelja 16: CS50 Week 4: memory i pointers,,,,f4,w16,d109,day_duration,/course/software-engineer/days/d109,Vreme: 120 min,[]
p1434,Nedelja 16: CS50 Week 4: memory i pointers,,,,f4,w16,d109,lesson_content,/course/software-engineer/days/d109/lessons/d109-learn#study,Uči / pročitaj: CS50 Week4 relevant memory safety section.,[]
p1435,Nedelja 16: CS50 Week 4: memory i pointers,,,,f4,w16,d109,exercise_section,/course/software-engineer/days/d109/exercises/d109-practice,Uradi:,[]
p1436,Nedelja 16: CS50 Week 4: memory i pointers,,,,f4,w16,d109,exercise_task,/course/software-engineer/days/d109/exercises/d109-practice#d109-task-01,Demonstriraj zašto out-of-bounds u C može biti opasan u kontrolisanom course primeru.,[]
p1437,Nedelja 16: CS50 Week 4: memory i pointers,,,,f4,w16,d109,exercise_task,/course/software-engineer/days/d109/exercises/d109-practice#d109-task-02,Napiši JS validaciju index-a za sopstveni API.,[]
p1438,Nedelja 16: CS50 Week 4: memory i pointers,,,,f4,w16,d109,exercise_task,/course/software-engineer/days/d109/exercises/d109-practice#d109-task-03,Notes: memory safety vs type/runtime protections.,[]
p1439,Nedelja 16: CS50 Week 4: memory i pointers,,,,f4,w16,d109,daily_ai_policy,/course/software-engineer/days/d109#ai-policy,AI režim: AI bez exploit detalja; fokus na defensive programming.,[]
p1440,Nedelja 16: CS50 Week 4: memory i pointers,,,,f4,w16,d109,daily_completion_criterion,/course/software-engineer/days/d109#completion,Gotovo kada: Možeš objasniti zašto granice i validacija postoje.,[]
p1441,Nedelja 16: CS50 Week 4: memory i pointers,120,1,1,f4,w16,d110,day_heading,/course/software-engineer/days/d110,DAN 110,[]
p1442,Nedelja 16: CS50 Week 4: memory i pointers,120,1,2,f4,w16,d110,day_title,/course/software-engineer/days/d110,18.12.2026 — Pset4 pokušaj,[]
p1443,Nedelja 16: CS50 Week 4: memory i pointers,,,,f4,w16,d110,day_duration,/course/software-engineer/days/d110,Vreme: 120 min,[]
p1444,Nedelja 16: CS50 Week 4: memory i pointers,,,,f4,w16,d110,lesson_content,/course/software-engineer/days/d110/lessons/d110-learn#study,Uči / pročitaj: CS50x Problem Set 4.,[]
p1445,Nedelja 16: CS50 Week 4: memory i pointers,,,,f4,w16,d110,exercise_section,/course/software-engineer/days/d110/exercises/d110-practice,Uradi:,[]
p1446,Nedelja 16: CS50 Week 4: memory i pointers,,,,f4,w16,d110,exercise_task,/course/software-engineer/days/d110/exercises/d110-practice#d110-task-01,Pset samostalno u skladu sa course policy.,[]
p1447,Nedelja 16: CS50 Week 4: memory i pointers,,,,f4,w16,d110,exercise_task,/course/software-engineer/days/d110/exercises/d110-practice#d110-task-02,Prvo prouči file/data format u zvaničnom walkthrough-u ako je dozvoljeno.,[]
p1448,Nedelja 16: CS50 Week 4: memory i pointers,,,,f4,w16,d110,exercise_task,/course/software-engineer/days/d110/exercises/d110-practice#d110-task-03,Vodi debugging log.,[]
p1449,Nedelja 16: CS50 Week 4: memory i pointers,,,,f4,w16,d110,daily_ai_policy,/course/software-engineer/days/d110#ai-policy,AI režim: Policy-compliant conceptual help only.,[]
p1450,Nedelja 16: CS50 Week 4: memory i pointers,,,,f4,w16,d110,daily_completion_criterion,/course/software-engineer/days/d110#completion,Gotovo kada: 90+ min samostalnog rada i debugging log.,[]
p1451,Nedelja 16: CS50 Week 4: memory i pointers,121,1,1,f4,w16,d111,day_heading,/course/software-engineer/days/d111,DAN 111,[]
p1452,Nedelja 16: CS50 Week 4: memory i pointers,121,1,2,f4,w16,d111,day_title,/course/software-engineer/days/d111,19.12.2026 — Memory model transfer to JS,[]
p1453,Nedelja 16: CS50 Week 4: memory i pointers,,,,f4,w16,d111,day_duration,/course/software-engineer/days/d111,Vreme: 180 min,[]
p1454,Nedelja 16: CS50 Week 4: memory i pointers,,,,f4,w16,d111,lesson_content,/course/software-engineer/days/d111/lessons/d111-learn#study,Uči / pročitaj: javascript.info object references + garbage collection recap.,[]
p1455,Nedelja 16: CS50 Week 4: memory i pointers,,,,f4,w16,d111,exercise_section,/course/software-engineer/days/d111/exercises/d111-practice,Uradi:,[]
p1456,Nedelja 16: CS50 Week 4: memory i pointers,,,,f4,w16,d111,exercise_task,/course/software-engineer/days/d111/exercises/d111-practice#d111-task-01,Nacrtaj object graph za nested JS objects.,[]
p1457,Nedelja 16: CS50 Week 4: memory i pointers,,,,f4,w16,d111,exercise_task,/course/software-engineer/days/d111/exercises/d111-practice#d111-task-02,Demonstriraj shallow copy bug i deep-copy strategiju.,[]
p1458,Nedelja 16: CS50 Week 4: memory i pointers,,,,f4,w16,d111,exercise_task,/course/software-engineer/days/d111/exercises/d111-practice#d111-task-03,Napravi memory-leak-like scenario sa event listenerom/timerom i objasni cleanup konceptualno.,[]
p1459,Nedelja 16: CS50 Week 4: memory i pointers,,,,f4,w16,d111,daily_ai_policy,/course/software-engineer/days/d111#ai-policy,AI režim: AI code reviewer.,[]
p1460,Nedelja 16: CS50 Week 4: memory i pointers,,,,f4,w16,d111,daily_completion_criterion,/course/software-engineer/days/d111#completion,Gotovo kada: Povezao si C memory sa JS references/GC bez mešanja modela.,[]
p1461,Nedelja 16: CS50 Week 4: memory i pointers,122,1,1,f4,w16,d112,day_heading,/course/software-engineer/days/d112,DAN 112,[]
p1462,Nedelja 16: CS50 Week 4: memory i pointers,122,1,2,f4,w16,d112,day_title,/course/software-engineer/days/d112,20.12.2026 — Checkpoint 16,[]
p1463,Nedelja 16: CS50 Week 4: memory i pointers,,,,f4,w16,d112,day_duration,/course/software-engineer/days/d112,Vreme: 90 min,[]
p1464,Nedelja 16: CS50 Week 4: memory i pointers,,,,f4,w16,d112,lesson_content,/course/software-engineer/days/d112/lessons/d112-learn#study,Uči / pročitaj: Bez novih resursa.,[]
p1465,Nedelja 16: CS50 Week 4: memory i pointers,,,,f4,w16,d112,exercise_section,/course/software-engineer/days/d112/exercises/d112-practice,Uradi:,[]
p1466,Nedelja 16: CS50 Week 4: memory i pointers,,,,f4,w16,d112,exercise_task,/course/software-engineer/days/d112/exercises/d112-practice#d112-task-01,AI OFF: 10 pointer/reference prediction pitanja iz svojih notes.,[]
p1467,Nedelja 16: CS50 Week 4: memory i pointers,,,,f4,w16,d112,exercise_task,/course/software-engineer/days/d112/exercises/d112-practice#d112-task-02,Napiši objašnjenje “šta se dešava kada const b = a za object”.,[]
p1468,Nedelja 16: CS50 Week 4: memory i pointers,,,,f4,w16,d112,exercise_task,/course/software-engineer/days/d112/exercises/d112-practice#d112-task-03,Jedan C pointer mini program od nule.,[]
p1469,Nedelja 16: CS50 Week 4: memory i pointers,,,,f4,w16,d112,daily_ai_policy,/course/software-engineer/days/d112#ai-policy,AI režim: AI tek na kraju.,[]
p1470,Nedelja 16: CS50 Week 4: memory i pointers,,,,f4,w16,d112,daily_completion_criterion,/course/software-engineer/days/d112#completion,Gotovo kada: ≥8/10 + working mini program.,[]
p1472,Nedelja 17: CS50 Week 5: data structures,,,,f4,w17,,week_context,/course/software-engineer/weeks/w17,Nedelja 17: CS50 Week 5: data structures,[]
p1473,Nedelja 17: CS50 Week 5: data structures,,,,f4,w17,,week_context,/course/software-engineer/weeks/w17,21.12.2026 – 27.12.2026  |  FAZA 4 — Computer Science osnova,[]
p1474,Nedelja 17: CS50 Week 5: data structures,,,,f4,w17,,week_context,/course/software-engineer/weeks/w17,"Cilj nedelje: Razumeti zašto postoje linked list, hash table i tree i njihove trade-offe.",[]
p1475,Nedelja 17: CS50 Week 5: data structures,,,,f4,w17,,week_context,/course/software-engineer/weeks/w17,"Primarni resursi: CS50x Week 5, TOP Data Structures optional",[]
p1476,Nedelja 17: CS50 Week 5: data structures,123,1,1,f4,w17,d113,day_heading,/course/software-engineer/days/d113,DAN 113,[]
p1477,Nedelja 17: CS50 Week 5: data structures,123,1,2,f4,w17,d113,day_title,/course/software-engineer/days/d113,21.12.2026 — Linked lists,[]
p1478,Nedelja 17: CS50 Week 5: data structures,,,,f4,w17,d113,day_duration,/course/software-engineer/days/d113,Vreme: 120 min,[]
p1479,Nedelja 17: CS50 Week 5: data structures,,,,f4,w17,d113,lesson_content,/course/software-engineer/days/d113/lessons/d113-learn#study,Uči / pročitaj: CS50x Week 5 linked lists + TOP Linked Lists optional.,[]
p1480,Nedelja 17: CS50 Week 5: data structures,,,,f4,w17,d113,exercise_section,/course/software-engineer/days/d113/exercises/d113-practice,Uradi:,[]
p1481,Nedelja 17: CS50 Week 5: data structures,,,,f4,w17,d113,exercise_task,/course/software-engineer/days/d113/exercises/d113-practice#d113-task-01,Nacrtaj node chain.,[]
p1482,Nedelja 17: CS50 Week 5: data structures,,,,f4,w17,d113,exercise_task,/course/software-engineer/days/d113/exercises/d113-practice#d113-task-02,"Implementiraj JS LinkedList: append, prepend, at, pop, contains, find.",[]
p1483,Nedelja 17: CS50 Week 5: data structures,,,,f4,w17,d113,exercise_task,/course/software-engineer/days/d113/exercises/d113-practice#d113-task-03,Napiši complexity po operaciji.,[]
p1484,Nedelja 17: CS50 Week 5: data structures,,,,f4,w17,d113,daily_ai_policy,/course/software-engineer/days/d113#ai-policy,AI režim: AI reviewer complexity.,[]
p1485,Nedelja 17: CS50 Week 5: data structures,,,,f4,w17,d113,daily_completion_criterion,/course/software-engineer/days/d113#completion,Gotovo kada: Linked list radi i znaš zašto random access nije O(1).,[]
p1486,Nedelja 17: CS50 Week 5: data structures,124,1,1,f4,w17,d114,day_heading,/course/software-engineer/days/d114,DAN 114,[]
p1487,Nedelja 17: CS50 Week 5: data structures,124,1,2,f4,w17,d114,day_title,/course/software-engineer/days/d114,22.12.2026 — Stacks/queues,[]
p1488,Nedelja 17: CS50 Week 5: data structures,,,,f4,w17,d114,day_duration,/course/software-engineer/days/d114,Vreme: 120 min,[]
p1489,Nedelja 17: CS50 Week 5: data structures,,,,f4,w17,d114,lesson_content,/course/software-engineer/days/d114/lessons/d114-learn#study,Uči / pročitaj: CS50 Week5 / sopstvene beleške.,[]
p1490,Nedelja 17: CS50 Week 5: data structures,,,,f4,w17,d114,exercise_section,/course/software-engineer/days/d114/exercises/d114-practice,Uradi:,[]
p1491,Nedelja 17: CS50 Week 5: data structures,,,,f4,w17,d114,exercise_task,/course/software-engineer/days/d114/exercises/d114-practice#d114-task-01,Implementiraj Stack i Queue API.,[]
p1492,Nedelja 17: CS50 Week 5: data structures,,,,f4,w17,d114,exercise_task,/course/software-engineer/days/d114/exercises/d114-practice#d114-task-02,Valid parentheses sa stack.,[]
p1493,Nedelja 17: CS50 Week 5: data structures,,,,f4,w17,d114,exercise_task,/course/software-engineer/days/d114/exercises/d114-practice#d114-task-03,BFS queue intuition na malom graph-u.,[]
p1494,Nedelja 17: CS50 Week 5: data structures,,,,f4,w17,d114,daily_ai_policy,/course/software-engineer/days/d114#ai-policy,AI režim: AI daje samo graph trace.,[]
p1495,Nedelja 17: CS50 Week 5: data structures,,,,f4,w17,d114,daily_completion_criterion,/course/software-engineer/days/d114#completion,Gotovo kada: Možeš izabrati stack vs queue iz problema.,[]
p1496,Nedelja 17: CS50 Week 5: data structures,125,1,1,f4,w17,d115,day_heading,/course/software-engineer/days/d115,DAN 115,[]
p1497,Nedelja 17: CS50 Week 5: data structures,125,1,2,f4,w17,d115,day_title,/course/software-engineer/days/d115,23.12.2026 — Hash tables,[]
p1498,Nedelja 17: CS50 Week 5: data structures,,,,f4,w17,d115,day_duration,/course/software-engineer/days/d115,Vreme: 120 min,[]
p1499,Nedelja 17: CS50 Week 5: data structures,,,,f4,w17,d115,lesson_content,/course/software-engineer/days/d115/lessons/d115-learn#study,Uči / pročitaj: CS50 Week5 hash tables + TOP HashMap preview.,[]
p1500,Nedelja 17: CS50 Week 5: data structures,,,,f4,w17,d115,exercise_section,/course/software-engineer/days/d115/exercises/d115-practice,Uradi:,[]
p1501,Nedelja 17: CS50 Week 5: data structures,,,,f4,w17,d115,exercise_task,/course/software-engineer/days/d115/exercises/d115-practice#d115-task-01,Implementiraj simple hash function za string edukativno.,[]
p1502,Nedelja 17: CS50 Week 5: data structures,,,,f4,w17,d115,exercise_task,/course/software-engineer/days/d115/exercises/d115-practice#d115-task-02,Napravi basic HashMap buckets/chaining u JS ili prati Odin kasnije.,[]
p1503,Nedelja 17: CS50 Week 5: data structures,,,,f4,w17,d115,exercise_task,/course/software-engineer/days/d115/exercises/d115-practice#d115-task-03,Objasni collision.,[]
p1504,Nedelja 17: CS50 Week 5: data structures,,,,f4,w17,d115,daily_ai_policy,/course/software-engineer/days/d115#ai-policy,AI režim: AI proverava trade-offs.,[]
p1505,Nedelja 17: CS50 Week 5: data structures,,,,f4,w17,d115,daily_completion_criterion,/course/software-engineer/days/d115#completion,Gotovo kada: Razumeš expected O(1) ideju i collisions.,[]
p1506,Nedelja 17: CS50 Week 5: data structures,126,1,1,f4,w17,d116,day_heading,/course/software-engineer/days/d116,DAN 116,[]
p1507,Nedelja 17: CS50 Week 5: data structures,126,1,2,f4,w17,d116,day_title,/course/software-engineer/days/d116,24.12.2026 — Trees,[]
p1508,Nedelja 17: CS50 Week 5: data structures,,,,f4,w17,d116,day_duration,/course/software-engineer/days/d116,Vreme: 120 min,[]
p1509,Nedelja 17: CS50 Week 5: data structures,,,,f4,w17,d116,lesson_content,/course/software-engineer/days/d116/lessons/d116-learn#study,Uči / pročitaj: CS50 Week5 trees + TOP BST preview.,[]
p1510,Nedelja 17: CS50 Week 5: data structures,,,,f4,w17,d116,exercise_section,/course/software-engineer/days/d116/exercises/d116-practice,Uradi:,[]
p1511,Nedelja 17: CS50 Week 5: data structures,,,,f4,w17,d116,exercise_task,/course/software-engineer/days/d116/exercises/d116-practice#d116-task-01,Nacrtaj BST insert/search.,[]
p1512,Nedelja 17: CS50 Week 5: data structures,,,,f4,w17,d116,exercise_task,/course/software-engineer/days/d116/exercises/d116-practice#d116-task-02,Implementiraj minimal BST insert/find.,[]
p1513,Nedelja 17: CS50 Week 5: data structures,,,,f4,w17,d116,exercise_task,/course/software-engineer/days/d116/exercises/d116-practice#d116-task-03,Traverse inorder/preorder/postorder.,[]
p1514,Nedelja 17: CS50 Week 5: data structures,,,,f4,w17,d116,daily_ai_policy,/course/software-engineer/days/d116#ai-policy,AI režim: AI trace questions.,[]
p1515,Nedelja 17: CS50 Week 5: data structures,,,,f4,w17,d116,daily_completion_criterion,/course/software-engineer/days/d116#completion,Gotovo kada: Možeš objasniti balanced vs degenerate tree intuitivno.,[]
p1516,Nedelja 17: CS50 Week 5: data structures,127,1,1,f4,w17,d117,day_heading,/course/software-engineer/days/d117,DAN 117,[]
p1517,Nedelja 17: CS50 Week 5: data structures,127,1,2,f4,w17,d117,day_title,/course/software-engineer/days/d117,25.12.2026 — Pset5 pokušaj,[]
p1518,Nedelja 17: CS50 Week 5: data structures,,,,f4,w17,d117,day_duration,/course/software-engineer/days/d117,Vreme: 120 min,[]
p1519,Nedelja 17: CS50 Week 5: data structures,,,,f4,w17,d117,lesson_content,/course/software-engineer/days/d117/lessons/d117-learn#study,Uči / pročitaj: CS50x Problem Set 5.,[]
p1520,Nedelja 17: CS50 Week 5: data structures,,,,f4,w17,d117,exercise_section,/course/software-engineer/days/d117/exercises/d117-practice,Uradi:,[]
p1521,Nedelja 17: CS50 Week 5: data structures,,,,f4,w17,d117,exercise_task,/course/software-engineer/days/d117/exercises/d117-practice#d117-task-01,Samostalan pokušaj.,[]
p1522,Nedelja 17: CS50 Week 5: data structures,,,,f4,w17,d117,exercise_task,/course/software-engineer/days/d117/exercises/d117-practice#d117-task-02,Pre koda definiši data structure i operations.,[]
p1523,Nedelja 17: CS50 Week 5: data structures,,,,f4,w17,d117,exercise_task,/course/software-engineer/days/d117/exercises/d117-practice#d117-task-03,Vodi complexity beleške.,[]
p1524,Nedelja 17: CS50 Week 5: data structures,,,,f4,w17,d117,daily_ai_policy,/course/software-engineer/days/d117#ai-policy,AI režim: Policy-compliant help only.,[]
p1525,Nedelja 17: CS50 Week 5: data structures,,,,f4,w17,d117,daily_completion_criterion,/course/software-engineer/days/d117#completion,Gotovo kada: 90+ min kvalitetnog rada.,[]
p1526,Nedelja 17: CS50 Week 5: data structures,128,1,1,f4,w17,d118,day_heading,/course/software-engineer/days/d118,DAN 118,[]
p1527,Nedelja 17: CS50 Week 5: data structures,128,1,2,f4,w17,d118,day_title,/course/software-engineer/days/d118,26.12.2026 — DS synthesis,[]
p1528,Nedelja 17: CS50 Week 5: data structures,,,,f4,w17,d118,day_duration,/course/software-engineer/days/d118,Vreme: 180 min,[]
p1529,Nedelja 17: CS50 Week 5: data structures,,,,f4,w17,d118,lesson_content,/course/software-engineer/days/d118/lessons/d118-learn#study,Uči / pročitaj: Bez nove teorije.,[]
p1530,Nedelja 17: CS50 Week 5: data structures,,,,f4,w17,d118,exercise_section,/course/software-engineer/days/d118/exercises/d118-practice,Uradi:,[]
p1531,Nedelja 17: CS50 Week 5: data structures,,,,f4,w17,d118,exercise_task,/course/software-engineer/days/d118/exercises/d118-practice#d118-task-01,Tabela: Array/LinkedList/Stack/Queue/HashMap/BST — access/search/insert/delete/use case.,[]
p1532,Nedelja 17: CS50 Week 5: data structures,,,,f4,w17,d118,exercise_task,/course/software-engineer/days/d118/exercises/d118-practice#d118-task-02,Reši 3 “koju strukturu biraš i zašto?” scenarija.,[]
p1533,Nedelja 17: CS50 Week 5: data structures,,,,f4,w17,d118,exercise_task,/course/software-engineer/days/d118/exercises/d118-practice#d118-task-03,Implementiraj jednu strukturu iz memorije.,[]
p1534,Nedelja 17: CS50 Week 5: data structures,,,,f4,w17,d118,daily_ai_policy,/course/software-engineer/days/d118#ai-policy,AI režim: AI interview pitanja.,[]
p1535,Nedelja 17: CS50 Week 5: data structures,,,,f4,w17,d118,daily_completion_criterion,/course/software-engineer/days/d118#completion,Gotovo kada: Tabela i working implementation.,[]
p1536,Nedelja 17: CS50 Week 5: data structures,129,1,1,f4,w17,d119,day_heading,/course/software-engineer/days/d119,DAN 119,[]
p1537,Nedelja 17: CS50 Week 5: data structures,129,1,2,f4,w17,d119,day_title,/course/software-engineer/days/d119,27.12.2026 — Checkpoint 17,[]
p1538,Nedelja 17: CS50 Week 5: data structures,,,,f4,w17,d119,day_duration,/course/software-engineer/days/d119,Vreme: 90 min,[]
p1539,Nedelja 17: CS50 Week 5: data structures,,,,f4,w17,d119,lesson_content,/course/software-engineer/days/d119/lessons/d119-learn#study,Uči / pročitaj: Bez novih resursa.,[]
p1540,Nedelja 17: CS50 Week 5: data structures,,,,f4,w17,d119,exercise_section,/course/software-engineer/days/d119/exercises/d119-practice,Uradi:,[]
p1541,Nedelja 17: CS50 Week 5: data structures,,,,f4,w17,d119,exercise_task,/course/software-engineer/days/d119/exercises/d119-practice#d119-task-01,"AI OFF: design URL history (back/forward), print queue, username lookup — izaberi DS za svaki.",[]
p1542,Nedelja 17: CS50 Week 5: data structures,,,,f4,w17,d119,exercise_task,/course/software-engineer/days/d119/exercises/d119-practice#d119-task-02,Implementiraj jedan.,[]
p1543,Nedelja 17: CS50 Week 5: data structures,,,,f4,w17,d119,exercise_task,/course/software-engineer/days/d119/exercises/d119-practice#d119-task-03,Objasni complexity.,[]
p1544,Nedelja 17: CS50 Week 5: data structures,,,,f4,w17,d119,daily_ai_policy,/course/software-engineer/days/d119#ai-policy,AI režim: AI tek na kraju.,[]
p1545,Nedelja 17: CS50 Week 5: data structures,,,,f4,w17,d119,daily_completion_criterion,/course/software-engineer/days/d119#completion,Gotovo kada: Izbori struktura imaju smisla i možeš ih braniti.,[]
p1547,Nedelja 18: CS50 Week 6: drugi jezik kao test znanja,,,,f4,w18,,week_context,/course/software-engineer/weeks/w18,Nedelja 18: CS50 Week 6: drugi jezik kao test znanja,[]
p1548,Nedelja 18: CS50 Week 6: drugi jezik kao test znanja,,,,f4,w18,,week_context,/course/software-engineer/weeks/w18,28.12.2026 – 03.01.2027  |  FAZA 4 — Computer Science osnova,[]
p1549,Nedelja 18: CS50 Week 6: drugi jezik kao test znanja,,,,f4,w18,,week_context,/course/software-engineer/weeks/w18,"Cilj nedelje: Dokazati da znaš koncepte, a ne samo JavaScript sintaksu.",[]
p1550,Nedelja 18: CS50 Week 6: drugi jezik kao test znanja,,,,f4,w18,,week_context,/course/software-engineer/weeks/w18,Primarni resursi: CS50x Week 6,[]
p1551,Nedelja 18: CS50 Week 6: drugi jezik kao test znanja,130,1,1,f4,w18,d120,day_heading,/course/software-engineer/days/d120,DAN 120,[]
p1552,Nedelja 18: CS50 Week 6: drugi jezik kao test znanja,130,1,2,f4,w18,d120,day_title,/course/software-engineer/days/d120,28.12.2026 — Python syntax transfer,[]
p1553,Nedelja 18: CS50 Week 6: drugi jezik kao test znanja,,,,f4,w18,d120,day_duration,/course/software-engineer/days/d120,Vreme: 120 min,[]
p1554,Nedelja 18: CS50 Week 6: drugi jezik kao test znanja,,,,f4,w18,d120,lesson_content,/course/software-engineer/days/d120/lessons/d120-learn#study,Uči / pročitaj: CS50x Week 6 lecture/notes.,[]
p1555,Nedelja 18: CS50 Week 6: drugi jezik kao test znanja,,,,f4,w18,d120,exercise_section,/course/software-engineer/days/d120/exercises/d120-practice,Uradi:,[]
p1556,Nedelja 18: CS50 Week 6: drugi jezik kao test znanja,,,,f4,w18,d120,exercise_task,/course/software-engineer/days/d120/exercises/d120-practice#d120-task-01,"Bez Python “mega kursa”: nauči variables, if, loops, functions, lists, dicts iz CS50.",[]
p1557,Nedelja 18: CS50 Week 6: drugi jezik kao test znanja,,,,f4,w18,d120,exercise_task,/course/software-engineer/days/d120/exercises/d120-practice#d120-task-02,Prepiši 3 JS funkcije u Python.,[]
p1558,Nedelja 18: CS50 Week 6: drugi jezik kao test znanja,,,,f4,w18,d120,exercise_task,/course/software-engineer/days/d120/exercises/d120-practice#d120-task-03,Napravi mapu JS ↔ Python syntax.,[]
p1559,Nedelja 18: CS50 Week 6: drugi jezik kao test znanja,,,,f4,w18,d120,daily_ai_policy,/course/software-engineer/days/d120#ai-policy,"AI režim: AI je prevodilac pojmova, ne generator final solutions.",[]
p1560,Nedelja 18: CS50 Week 6: drugi jezik kao test znanja,,,,f4,w18,d120,daily_completion_criterion,/course/software-engineer/days/d120#completion,Gotovo kada: 3 ista algoritma rade u oba jezika.,[]
p1561,Nedelja 18: CS50 Week 6: drugi jezik kao test znanja,131,1,1,f4,w18,d121,day_heading,/course/software-engineer/days/d121,DAN 121,[]
p1562,Nedelja 18: CS50 Week 6: drugi jezik kao test znanja,131,1,2,f4,w18,d121,day_title,/course/software-engineer/days/d121,29.12.2026 — Python data structures,[]
p1563,Nedelja 18: CS50 Week 6: drugi jezik kao test znanja,,,,f4,w18,d121,day_duration,/course/software-engineer/days/d121,Vreme: 120 min,[]
p1564,Nedelja 18: CS50 Week 6: drugi jezik kao test znanja,,,,f4,w18,d121,lesson_content,/course/software-engineer/days/d121/lessons/d121-learn#study,Uči / pročitaj: CS50 Week6 relevant sections.,[]
p1565,Nedelja 18: CS50 Week 6: drugi jezik kao test znanja,,,,f4,w18,d121,exercise_section,/course/software-engineer/days/d121/exercises/d121-practice,Uradi:,[]
p1566,Nedelja 18: CS50 Week 6: drugi jezik kao test znanja,,,,f4,w18,d121,exercise_task,/course/software-engineer/days/d121/exercises/d121-practice#d121-task-01,List/dict/set vežbe.,[]
p1567,Nedelja 18: CS50 Week 6: drugi jezik kao test znanja,,,,f4,w18,d121,exercise_task,/course/software-engineer/days/d121/exercises/d121-practice#d121-task-02,wordFrequency u Python.,[]
p1568,Nedelja 18: CS50 Week 6: drugi jezik kao test znanja,,,,f4,w18,d121,exercise_task,/course/software-engineer/days/d121/exercises/d121-practice#d121-task-03,Expense summary iz nedelje 3 u Python.,[]
p1569,Nedelja 18: CS50 Week 6: drugi jezik kao test znanja,,,,f4,w18,d121,daily_ai_policy,/course/software-engineer/days/d121#ai-policy,AI režim: AI proverava idiomatičnost tek posle working verzije.,[]
p1570,Nedelja 18: CS50 Week 6: drugi jezik kao test znanja,,,,f4,w18,d121,daily_completion_criterion,/course/software-engineer/days/d121#completion,Gotovo kada: Možeš koristiti dokumentaciju umesto kursa od 40h.,[]
p1571,Nedelja 18: CS50 Week 6: drugi jezik kao test znanja,132,1,1,f4,w18,d122,day_heading,/course/software-engineer/days/d122,DAN 122,[]
p1572,Nedelja 18: CS50 Week 6: drugi jezik kao test znanja,132,1,2,f4,w18,d122,day_title,/course/software-engineer/days/d122,30.12.2026 — Python exceptions/files,[]
p1573,Nedelja 18: CS50 Week 6: drugi jezik kao test znanja,,,,f4,w18,d122,day_duration,/course/software-engineer/days/d122,Vreme: 120 min,[]
p1574,Nedelja 18: CS50 Week 6: drugi jezik kao test znanja,,,,f4,w18,d122,lesson_content,/course/software-engineer/days/d122/lessons/d122-learn#study,Uči / pročitaj: CS50 Week6 relevant sections.,[]
p1575,Nedelja 18: CS50 Week 6: drugi jezik kao test znanja,,,,f4,w18,d122,exercise_section,/course/software-engineer/days/d122/exercises/d122-practice,Uradi:,[]
p1576,Nedelja 18: CS50 Week 6: drugi jezik kao test znanja,,,,f4,w18,d122,exercise_task,/course/software-engineer/days/d122/exercises/d122-practice#d122-task-01,Read/write simple file.,[]
p1577,Nedelja 18: CS50 Week 6: drugi jezik kao test znanja,,,,f4,w18,d122,exercise_task,/course/software-engineer/days/d122/exercises/d122-practice#d122-task-02,Parse CSV/JSON basic.,[]
p1578,Nedelja 18: CS50 Week 6: drugi jezik kao test znanja,,,,f4,w18,d122,exercise_task,/course/software-engineer/days/d122/exercises/d122-practice#d122-task-03,Handle invalid input.,[]
p1579,Nedelja 18: CS50 Week 6: drugi jezik kao test znanja,,,,f4,w18,d122,daily_ai_policy,/course/software-engineer/days/d122#ai-policy,AI režim: AI code review.,[]
p1580,Nedelja 18: CS50 Week 6: drugi jezik kao test znanja,,,,f4,w18,d122,daily_completion_criterion,/course/software-engineer/days/d122#completion,Gotovo kada: Mali CLI radi i ima exception handling.,[]
p1581,Nedelja 18: CS50 Week 6: drugi jezik kao test znanja,133,1,1,f4,w18,d123,day_heading,/course/software-engineer/days/d123,DAN 123,[]
p1582,Nedelja 18: CS50 Week 6: drugi jezik kao test znanja,133,1,2,f4,w18,d123,day_title,/course/software-engineer/days/d123,31.12.2026 — Pset6 pokušaj,[]
p1583,Nedelja 18: CS50 Week 6: drugi jezik kao test znanja,,,,f4,w18,d123,day_duration,/course/software-engineer/days/d123,Vreme: 120 min,[]
p1584,Nedelja 18: CS50 Week 6: drugi jezik kao test znanja,,,,f4,w18,d123,lesson_content,/course/software-engineer/days/d123/lessons/d123-learn#study,Uči / pročitaj: CS50x Problem Set 6.,[]
p1585,Nedelja 18: CS50 Week 6: drugi jezik kao test znanja,,,,f4,w18,d123,exercise_section,/course/software-engineer/days/d123/exercises/d123-practice,Uradi:,[]
p1586,Nedelja 18: CS50 Week 6: drugi jezik kao test znanja,,,,f4,w18,d123,exercise_task,/course/software-engineer/days/d123/exercises/d123-practice#d123-task-01,Uradi samostalno prema pravilima.,[]
p1587,Nedelja 18: CS50 Week 6: drugi jezik kao test znanja,,,,f4,w18,d123,exercise_task,/course/software-engineer/days/d123/exercises/d123-practice#d123-task-02,"Pre nego što kodiraš, reci sebi algoritam jezik-nezavisno.",[]
p1588,Nedelja 18: CS50 Week 6: drugi jezik kao test znanja,,,,f4,w18,d123,exercise_task,/course/software-engineer/days/d123/exercises/d123-practice#d123-task-03,Tek onda Python syntax.,[]
p1589,Nedelja 18: CS50 Week 6: drugi jezik kao test znanja,,,,f4,w18,d123,daily_ai_policy,/course/software-engineer/days/d123#ai-policy,AI režim: Policy-compliant help only.,[]
p1590,Nedelja 18: CS50 Week 6: drugi jezik kao test znanja,,,,f4,w18,d123,daily_completion_criterion,/course/software-engineer/days/d123#completion,Gotovo kada: Pset rad pokazuje transfer.,[]
p1591,Nedelja 18: CS50 Week 6: drugi jezik kao test znanja,134,1,1,f4,w18,d124,day_heading,/course/software-engineer/days/d124,DAN 124,[]
p1592,Nedelja 18: CS50 Week 6: drugi jezik kao test znanja,134,1,2,f4,w18,d124,day_title,/course/software-engineer/days/d124,01.01.2027 — Rebuild challenge,[]
p1593,Nedelja 18: CS50 Week 6: drugi jezik kao test znanja,,,,f4,w18,d124,day_duration,/course/software-engineer/days/d124,Vreme: 120 min,[]
p1594,Nedelja 18: CS50 Week 6: drugi jezik kao test znanja,,,,f4,w18,d124,lesson_content,/course/software-engineer/days/d124/lessons/d124-learn#study,Uči / pročitaj: Bez nove teorije.,[]
p1595,Nedelja 18: CS50 Week 6: drugi jezik kao test znanja,,,,f4,w18,d124,exercise_section,/course/software-engineer/days/d124/exercises/d124-practice,Uradi:,[]
p1596,Nedelja 18: CS50 Week 6: drugi jezik kao test znanja,,,,f4,w18,d124,exercise_task,/course/software-engineer/days/d124/exercises/d124-practice#d124-task-01,Izaberi Number Toolkit ili Text Analyzer.,[]
p1597,Nedelja 18: CS50 Week 6: drugi jezik kao test znanja,,,,f4,w18,d124,exercise_task,/course/software-engineer/days/d124/exercises/d124-practice#d124-task-02,Napravi ga u Pythonu bez gledanja JS implementacije.,[]
p1598,Nedelja 18: CS50 Week 6: drugi jezik kao test znanja,,,,f4,w18,d124,exercise_task,/course/software-engineer/days/d124/exercises/d124-practice#d124-task-03,Posle uporedi arhitekturu.,[]
p1599,Nedelja 18: CS50 Week 6: drugi jezik kao test znanja,,,,f4,w18,d124,daily_ai_policy,/course/software-engineer/days/d124#ai-policy,"AI režim: AI na kraju poredi, ne vodi.",[]
p1600,Nedelja 18: CS50 Week 6: drugi jezik kao test znanja,,,,f4,w18,d124,daily_completion_criterion,/course/software-engineer/days/d124#completion,Gotovo kada: Working Python verzija iz praznog fajla.,[]
p1601,Nedelja 18: CS50 Week 6: drugi jezik kao test znanja,135,1,1,f4,w18,d125,day_heading,/course/software-engineer/days/d125,DAN 125,[]
p1602,Nedelja 18: CS50 Week 6: drugi jezik kao test znanja,135,1,2,f4,w18,d125,day_title,/course/software-engineer/days/d125,02.01.2027 — Language independence day,[]
p1603,Nedelja 18: CS50 Week 6: drugi jezik kao test znanja,,,,f4,w18,d125,day_duration,/course/software-engineer/days/d125,Vreme: 180 min,[]
p1604,Nedelja 18: CS50 Week 6: drugi jezik kao test znanja,,,,f4,w18,d125,lesson_content,/course/software-engineer/days/d125/lessons/d125-learn#study,Uči / pročitaj: Dokumentacija kao primarni alat.,[]
p1605,Nedelja 18: CS50 Week 6: drugi jezik kao test znanja,,,,f4,w18,d125,exercise_section,/course/software-engineer/days/d125/exercises/d125-practice,Uradi:,[]
p1606,Nedelja 18: CS50 Week 6: drugi jezik kao test znanja,,,,f4,w18,d125,exercise_task,/course/software-engineer/days/d125/exercises/d125-practice#d125-task-01,Nauči dovoljno Go ili Java sintakse za Hello/loop/function/array samo 60 min (opciono).,[]
p1607,Nedelja 18: CS50 Week 6: drugi jezik kao test znanja,,,,f4,w18,d125,exercise_task,/course/software-engineer/days/d125/exercises/d125-practice#d125-task-02,Implementiraj FizzBuzz i binary search.,[]
p1608,Nedelja 18: CS50 Week 6: drugi jezik kao test znanja,,,,f4,w18,d125,exercise_task,/course/software-engineer/days/d125/exercises/d125-practice#d125-task-03,Ne nastavljaj taj jezik — cilj je dokaz transfera.,[]
p1609,Nedelja 18: CS50 Week 6: drugi jezik kao test znanja,,,,f4,w18,d125,daily_ai_policy,/course/software-engineer/days/d125#ai-policy,"AI režim: AI može dati syntax cheat sheet, ali ti pišeš kod.",[]
p1610,Nedelja 18: CS50 Week 6: drugi jezik kao test znanja,,,,f4,w18,d125,daily_completion_criterion,/course/software-engineer/days/d125#completion,Gotovo kada: Bar jedan treći jezik ti više ne deluje kao “početak od nule”.,[]
p1611,Nedelja 18: CS50 Week 6: drugi jezik kao test znanja,136,1,1,f4,w18,d126,day_heading,/course/software-engineer/days/d126,DAN 126,[]
p1612,Nedelja 18: CS50 Week 6: drugi jezik kao test znanja,136,1,2,f4,w18,d126,day_title,/course/software-engineer/days/d126,03.01.2027 — Checkpoint 18,[]
p1613,Nedelja 18: CS50 Week 6: drugi jezik kao test znanja,,,,f4,w18,d126,day_duration,/course/software-engineer/days/d126,Vreme: 90 min,[]
p1614,Nedelja 18: CS50 Week 6: drugi jezik kao test znanja,,,,f4,w18,d126,lesson_content,/course/software-engineer/days/d126/lessons/d126-learn#study,Uči / pročitaj: Bez novih resursa.,[]
p1615,Nedelja 18: CS50 Week 6: drugi jezik kao test znanja,,,,f4,w18,d126,exercise_section,/course/software-engineer/days/d126/exercises/d126-practice,Uradi:,[]
p1616,Nedelja 18: CS50 Week 6: drugi jezik kao test znanja,,,,f4,w18,d126,exercise_task,/course/software-engineer/days/d126/exercises/d126-practice#d126-task-01,AI OFF: dobiješ problem “group transactions by category and sum totals”.,[]
p1617,Nedelja 18: CS50 Week 6: drugi jezik kao test znanja,,,,f4,w18,d126,exercise_task,/course/software-engineer/days/d126/exercises/d126-practice#d126-task-02,"Reši u JS, zatim Python.",[]
p1618,Nedelja 18: CS50 Week 6: drugi jezik kao test znanja,,,,f4,w18,d126,exercise_task,/course/software-engineer/days/d126/exercises/d126-practice#d126-task-03,Objasni algoritam pre obe implementacije.,[]
p1619,Nedelja 18: CS50 Week 6: drugi jezik kao test znanja,,,,f4,w18,d126,daily_ai_policy,/course/software-engineer/days/d126#ai-policy,AI režim: AI evaluira samo algoritamsku konzistentnost.,[]
p1620,Nedelja 18: CS50 Week 6: drugi jezik kao test znanja,,,,f4,w18,d126,daily_completion_criterion,/course/software-engineer/days/d126#completion,Gotovo kada: Isti mentalni plan → dva jezika.,[]
p1622,Nedelja 19: CS50 Week 7: SQL i data modeling,,,,f4,w19,,week_context,/course/software-engineer/weeks/w19,Nedelja 19: CS50 Week 7: SQL i data modeling,[]
p1623,Nedelja 19: CS50 Week 7: SQL i data modeling,,,,f4,w19,,week_context,/course/software-engineer/weeks/w19,04.01.2027 – 10.01.2027  |  FAZA 4 — Computer Science osnova,[]
p1624,Nedelja 19: CS50 Week 7: SQL i data modeling,,,,f4,w19,,week_context,/course/software-engineer/weeks/w19,"Cilj nedelje: Naučiti da podatke modeluješ i pitaš bazu, ne da sve rešavaš array metodama.",[]
p1625,Nedelja 19: CS50 Week 7: SQL i data modeling,,,,f4,w19,,week_context,/course/software-engineer/weeks/w19,"Primarni resursi: CS50x Week 7, SQL docs",[]
p1626,Nedelja 19: CS50 Week 7: SQL i data modeling,137,1,1,f4,w19,d127,day_heading,/course/software-engineer/days/d127,DAN 127,[]
p1627,Nedelja 19: CS50 Week 7: SQL i data modeling,137,1,2,f4,w19,d127,day_title,/course/software-engineer/days/d127,04.01.2027 — Relational model + SELECT,[]
p1628,Nedelja 19: CS50 Week 7: SQL i data modeling,,,,f4,w19,d127,day_duration,/course/software-engineer/days/d127,Vreme: 120 min,[]
p1629,Nedelja 19: CS50 Week 7: SQL i data modeling,,,,f4,w19,d127,lesson_content,/course/software-engineer/days/d127/lessons/d127-learn#study,Uči / pročitaj: CS50x Week 7 lecture/notes; PostgreSQL/SQLite docs po potrebi.,[]
p1630,Nedelja 19: CS50 Week 7: SQL i data modeling,,,,f4,w19,d127,exercise_section,/course/software-engineer/days/d127/exercises/d127-practice,Uradi:,[]
p1631,Nedelja 19: CS50 Week 7: SQL i data modeling,,,,f4,w19,d127,exercise_task,/course/software-engineer/days/d127/exercises/d127-practice#d127-task-01,Napravi users/orders schema na papiru.,[]
p1632,Nedelja 19: CS50 Week 7: SQL i data modeling,,,,f4,w19,d127,exercise_task,/course/software-engineer/days/d127/exercises/d127-practice#d127-task-02,SELECT/WHERE/ORDER BY/LIMIT vežbe.,[]
p1633,Nedelja 19: CS50 Week 7: SQL i data modeling,,,,f4,w19,d127,exercise_task,/course/software-engineer/days/d127/exercises/d127-practice#d127-task-03,10 query-ja nad malim datasetom.,[]
p1634,Nedelja 19: CS50 Week 7: SQL i data modeling,,,,f4,w19,d127,daily_ai_policy,/course/software-engineer/days/d127#ai-policy,"AI režim: AI generiše pitanja na postojeću šemu, ne odgovore.",[]
p1635,Nedelja 19: CS50 Week 7: SQL i data modeling,,,,f4,w19,d127,daily_completion_criterion,/course/software-engineer/days/d127#completion,Gotovo kada: 10 query-ja radi.,[]
p1636,Nedelja 19: CS50 Week 7: SQL i data modeling,138,1,1,f4,w19,d128,day_heading,/course/software-engineer/days/d128,DAN 128,[]
p1637,Nedelja 19: CS50 Week 7: SQL i data modeling,138,1,2,f4,w19,d128,day_title,/course/software-engineer/days/d128,05.01.2027 — Aggregations,[]
p1638,Nedelja 19: CS50 Week 7: SQL i data modeling,,,,f4,w19,d128,day_duration,/course/software-engineer/days/d128,Vreme: 120 min,[]
p1639,Nedelja 19: CS50 Week 7: SQL i data modeling,,,,f4,w19,d128,lesson_content,/course/software-engineer/days/d128/lessons/d128-learn#study,Uči / pročitaj: CS50 Week7 aggregate functions.,[]
p1640,Nedelja 19: CS50 Week 7: SQL i data modeling,,,,f4,w19,d128,exercise_section,/course/software-engineer/days/d128/exercises/d128-practice,Uradi:,[]
p1641,Nedelja 19: CS50 Week 7: SQL i data modeling,,,,f4,w19,d128,exercise_task,/course/software-engineer/days/d128/exercises/d128-practice#d128-task-01,COUNT/SUM/AVG/MIN/MAX/GROUP BY/HAVING.,[]
p1642,Nedelja 19: CS50 Week 7: SQL i data modeling,,,,f4,w19,d128,exercise_task,/course/software-engineer/days/d128/exercises/d128-practice#d128-task-02,Revenue po customer/category/month.,[]
p1643,Nedelja 19: CS50 Week 7: SQL i data modeling,,,,f4,w19,d128,exercise_task,/course/software-engineer/days/d128/exercises/d128-practice#d128-task-03,Predvidi output pre izvršavanja.,[]
p1644,Nedelja 19: CS50 Week 7: SQL i data modeling,,,,f4,w19,d128,daily_ai_policy,/course/software-engineer/days/d128#ai-policy,AI režim: AI proverava results reasoning.,[]
p1645,Nedelja 19: CS50 Week 7: SQL i data modeling,,,,f4,w19,d128,daily_completion_criterion,/course/software-engineer/days/d128#completion,Gotovo kada: Možeš razlikovati WHERE vs HAVING.,[]
p1646,Nedelja 19: CS50 Week 7: SQL i data modeling,139,1,1,f4,w19,d129,day_heading,/course/software-engineer/days/d129,DAN 129,[]
p1647,Nedelja 19: CS50 Week 7: SQL i data modeling,139,1,2,f4,w19,d129,day_title,/course/software-engineer/days/d129,06.01.2027 — JOINs,[]
p1648,Nedelja 19: CS50 Week 7: SQL i data modeling,,,,f4,w19,d129,day_duration,/course/software-engineer/days/d129,Vreme: 120 min,[]
p1649,Nedelja 19: CS50 Week 7: SQL i data modeling,,,,f4,w19,d129,lesson_content,/course/software-engineer/days/d129/lessons/d129-learn#study,Uči / pročitaj: CS50 Week7 joins.,[]
p1650,Nedelja 19: CS50 Week 7: SQL i data modeling,,,,f4,w19,d129,exercise_section,/course/software-engineer/days/d129/exercises/d129-practice,Uradi:,[]
p1651,Nedelja 19: CS50 Week 7: SQL i data modeling,,,,f4,w19,d129,exercise_task,/course/software-engineer/days/d129/exercises/d129-practice#d129-task-01,INNER/LEFT JOIN vežbe na users/orders/products.,[]
p1652,Nedelja 19: CS50 Week 7: SQL i data modeling,,,,f4,w19,d129,exercise_task,/course/software-engineer/days/d129/exercises/d129-practice#d129-task-02,Nacrtaj redove pre query-ja.,[]
p1653,Nedelja 19: CS50 Week 7: SQL i data modeling,,,,f4,w19,d129,exercise_task,/course/software-engineer/days/d129/exercises/d129-practice#d129-task-03,5 join query-ja.,[]
p1654,Nedelja 19: CS50 Week 7: SQL i data modeling,,,,f4,w19,d129,daily_ai_policy,/course/software-engineer/days/d129#ai-policy,AI režim: AI samo daje fixture data i očekivani rezultat tek posle tvog pokušaja.,[]
p1655,Nedelja 19: CS50 Week 7: SQL i data modeling,,,,f4,w19,d129,daily_completion_criterion,/course/software-engineer/days/d129#completion,Gotovo kada: Razumeš multiplicity i zašto nastaju duplicate-looking rows.,[]
p1656,Nedelja 19: CS50 Week 7: SQL i data modeling,140,1,1,f4,w19,d130,day_heading,/course/software-engineer/days/d130,DAN 130,[]
p1657,Nedelja 19: CS50 Week 7: SQL i data modeling,140,1,2,f4,w19,d130,day_title,/course/software-engineer/days/d130,07.01.2027 — Schema design,[]
p1658,Nedelja 19: CS50 Week 7: SQL i data modeling,,,,f4,w19,d130,day_duration,/course/software-engineer/days/d130,Vreme: 120 min,[]
p1659,Nedelja 19: CS50 Week 7: SQL i data modeling,,,,f4,w19,d130,lesson_content,/course/software-engineer/days/d130/lessons/d130-learn#study,Uči / pročitaj: CS50 Week7 + normalizacija osnovno.,[]
p1660,Nedelja 19: CS50 Week 7: SQL i data modeling,,,,f4,w19,d130,exercise_section,/course/software-engineer/days/d130/exercises/d130-practice,Uradi:,[]
p1661,Nedelja 19: CS50 Week 7: SQL i data modeling,,,,f4,w19,d130,exercise_task,/course/software-engineer/days/d130/exercises/d130-practice#d130-task-01,"Modeluj Study Planner: users,courses,tasks,tags.",[]
p1662,Nedelja 19: CS50 Week 7: SQL i data modeling,,,,f4,w19,d130,exercise_task,/course/software-engineer/days/d130/exercises/d130-practice#d130-task-02,"Primary/foreign keys, NOT NULL, UNIQUE.",[]
p1663,Nedelja 19: CS50 Week 7: SQL i data modeling,,,,f4,w19,d130,exercise_task,/course/software-engineer/days/d130/exercises/d130-practice#d130-task-03,Objasni zašto ne čuvaš comma-separated tags u jednom polju.,[]
p1664,Nedelja 19: CS50 Week 7: SQL i data modeling,,,,f4,w19,d130,daily_ai_policy,/course/software-engineer/days/d130#ai-policy,AI režim: AI database reviewer.,[]
p1665,Nedelja 19: CS50 Week 7: SQL i data modeling,,,,f4,w19,d130,daily_completion_criterion,/course/software-engineer/days/d130#completion,Gotovo kada: Šema ima smislene odnose i constraints.,[]
p1666,Nedelja 19: CS50 Week 7: SQL i data modeling,141,1,1,f4,w19,d131,day_heading,/course/software-engineer/days/d131,DAN 131,[]
p1667,Nedelja 19: CS50 Week 7: SQL i data modeling,141,1,2,f4,w19,d131,day_title,/course/software-engineer/days/d131,08.01.2027 — Pset7 pokušaj,[]
p1668,Nedelja 19: CS50 Week 7: SQL i data modeling,,,,f4,w19,d131,day_duration,/course/software-engineer/days/d131,Vreme: 120 min,[]
p1669,Nedelja 19: CS50 Week 7: SQL i data modeling,,,,f4,w19,d131,lesson_content,/course/software-engineer/days/d131/lessons/d131-learn#study,Uči / pročitaj: CS50x Problem Set 7.,[]
p1670,Nedelja 19: CS50 Week 7: SQL i data modeling,,,,f4,w19,d131,exercise_section,/course/software-engineer/days/d131/exercises/d131-practice,Uradi:,[]
p1671,Nedelja 19: CS50 Week 7: SQL i data modeling,,,,f4,w19,d131,exercise_task,/course/software-engineer/days/d131/exercises/d131-practice#d131-task-01,Radi samostalno po pravilima.,[]
p1672,Nedelja 19: CS50 Week 7: SQL i data modeling,,,,f4,w19,d131,exercise_task,/course/software-engineer/days/d131/exercises/d131-practice#d131-task-02,Za svaki query napiši šta očekuješ pre run-a.,[]
p1673,Nedelja 19: CS50 Week 7: SQL i data modeling,,,,f4,w19,d131,exercise_task,/course/software-engineer/days/d131/exercises/d131-practice#d131-task-03,Koristi EXPLAIN samo kao stretch.,[]
p1674,Nedelja 19: CS50 Week 7: SQL i data modeling,,,,f4,w19,d131,daily_ai_policy,/course/software-engineer/days/d131#ai-policy,AI režim: Policy-compliant help.,[]
p1675,Nedelja 19: CS50 Week 7: SQL i data modeling,,,,f4,w19,d131,daily_completion_criterion,/course/software-engineer/days/d131#completion,Gotovo kada: Značajan samostalan rad.,[]
p1676,Nedelja 19: CS50 Week 7: SQL i data modeling,142,1,1,f4,w19,d132,day_heading,/course/software-engineer/days/d132,DAN 132,[]
p1677,Nedelja 19: CS50 Week 7: SQL i data modeling,142,1,2,f4,w19,d132,day_title,/course/software-engineer/days/d132,09.01.2027 — Node + SQL mini integration,[]
p1678,Nedelja 19: CS50 Week 7: SQL i data modeling,,,,f4,w19,d132,day_duration,/course/software-engineer/days/d132,Vreme: 180 min,[]
p1679,Nedelja 19: CS50 Week 7: SQL i data modeling,,,,f4,w19,d132,lesson_content,/course/software-engineer/days/d132/lessons/d132-learn#study,Uči / pročitaj: Node pg/sqlite library docs; fokus na konceptu parameterized queries.,[]
p1680,Nedelja 19: CS50 Week 7: SQL i data modeling,,,,f4,w19,d132,exercise_section,/course/software-engineer/days/d132/exercises/d132-practice,Uradi:,[]
p1681,Nedelja 19: CS50 Week 7: SQL i data modeling,,,,f4,w19,d132,exercise_task,/course/software-engineer/days/d132/exercises/d132-practice#d132-task-01,Mali Node script: insert/list tasks iz baze.,[]
p1682,Nedelja 19: CS50 Week 7: SQL i data modeling,,,,f4,w19,d132,exercise_task,/course/software-engineer/days/d132/exercises/d132-practice#d132-task-02,Koristi parameters umesto string concatenation.,[]
p1683,Nedelja 19: CS50 Week 7: SQL i data modeling,,,,f4,w19,d132,exercise_task,/course/software-engineer/days/d132/exercises/d132-practice#d132-task-03,Service function getTasksByStatus(status).,[]
p1684,Nedelja 19: CS50 Week 7: SQL i data modeling,,,,f4,w19,d132,daily_ai_policy,/course/software-engineer/days/d132#ai-policy,AI režim: AI security reviewer za injection rizik.,[]
p1685,Nedelja 19: CS50 Week 7: SQL i data modeling,,,,f4,w19,d132,daily_completion_criterion,/course/software-engineer/days/d132#completion,Gotovo kada: Node čita/piše bazu i query je parameterized.,[]
p1686,Nedelja 19: CS50 Week 7: SQL i data modeling,143,1,1,f4,w19,d133,day_heading,/course/software-engineer/days/d133,DAN 133,[]
p1687,Nedelja 19: CS50 Week 7: SQL i data modeling,143,1,2,f4,w19,d133,day_title,/course/software-engineer/days/d133,10.01.2027 — Checkpoint 19 — CS foundation gate,[]
p1688,Nedelja 19: CS50 Week 7: SQL i data modeling,,,,f4,w19,d133,day_duration,/course/software-engineer/days/d133,Vreme: 90 min,[]
p1689,Nedelja 19: CS50 Week 7: SQL i data modeling,,,,f4,w19,d133,lesson_content,/course/software-engineer/days/d133/lessons/d133-learn#study,Uči / pročitaj: CS50 Weeks 0–7 recap.,[]
p1690,Nedelja 19: CS50 Week 7: SQL i data modeling,,,,f4,w19,d133,exercise_section,/course/software-engineer/days/d133/exercises/d133-practice,Uradi:,[]
p1691,Nedelja 19: CS50 Week 7: SQL i data modeling,,,,f4,w19,d133,exercise_task,/course/software-engineer/days/d133/exercises/d133-practice#d133-task-01,AI OFF: dizajniraj mini schema za booking system i napiši 5 query-ja.,[]
p1692,Nedelja 19: CS50 Week 7: SQL i data modeling,,,,f4,w19,d133,exercise_task,/course/software-engineer/days/d133/exercises/d133-practice#d133-task-02,Objasni algoritam vs data structure vs database.,[]
p1693,Nedelja 19: CS50 Week 7: SQL i data modeling,,,,f4,w19,d133,exercise_task,/course/software-engineer/days/d133/exercises/d133-practice#d133-task-03,Napravi listu 10 CS stvari koje sada razumeš bolje.,[]
p1694,Nedelja 19: CS50 Week 7: SQL i data modeling,,,,f4,w19,d133,daily_ai_policy,/course/software-engineer/days/d133#ai-policy,AI režim: AI tek na kraju daje 10 interview pitanja.,[]
p1695,Nedelja 19: CS50 Week 7: SQL i data modeling,,,,f4,w19,d133,daily_completion_criterion,/course/software-engineer/days/d133#completion,"Gotovo kada: Spreman si za Full Stack Open: programiranje, Git, web basics i SQL su funkcionalni.",[]
p1697,Nedelja 20: Full Stack Open Part 0 + React početak,,,,f5,w20,,week_context,/course/software-engineer/weeks/w20,Nedelja 20: Full Stack Open Part 0 + React početak,[]
p1698,Nedelja 20: Full Stack Open Part 0 + React početak,,,,f5,w20,,week_context,/course/software-engineer/weeks/w20,11.01.2027 – 17.01.2027  |  FAZA 5 — Moderni full stack,[]
p1699,Nedelja 20: Full Stack Open Part 0 + React početak,,,,f5,w20,,week_context,/course/software-engineer/weeks/w20,Cilj nedelje: Ući u React tek kada običan JavaScript više nije problem.,[]
p1700,Nedelja 20: Full Stack Open Part 0 + React početak,,,,f5,w20,,week_context,/course/software-engineer/weeks/w20,"Primarni resursi: Full Stack Open Part 0, Full Stack Open Part 1",[]
p1701,Nedelja 20: Full Stack Open Part 0 + React početak,144,1,1,f5,w20,,week_context,/course/software-engineer/weeks/w20,"Faza signal
Full Stack Open počinje tek sada namerno: zvanični kurs očekuje dobre programerske veštine, Git i samostalno rešavanje problema.",[]
p1703,Nedelja 20: Full Stack Open Part 0 + React početak,145,1,1,f5,w20,d134,day_heading,/course/software-engineer/days/d134,DAN 134,[]
p1704,Nedelja 20: Full Stack Open Part 0 + React početak,145,1,2,f5,w20,d134,day_title,/course/software-engineer/days/d134,11.01.2027 — FSO Part 0: kako web radi,[]
p1705,Nedelja 20: Full Stack Open Part 0 + React početak,,,,f5,w20,d134,day_duration,/course/software-engineer/days/d134,Vreme: 120 min,[]
p1706,Nedelja 20: Full Stack Open Part 0 + React početak,,,,f5,w20,d134,lesson_content,/course/software-engineer/days/d134/lessons/d134-learn#study,Uči / pročitaj: Full Stack Open Part 0: General info + Fundamentals of Web apps.,[]
p1707,Nedelja 20: Full Stack Open Part 0 + React početak,,,,f5,w20,d134,exercise_section,/course/software-engineer/days/d134/exercises/d134-practice,Uradi:,[]
p1708,Nedelja 20: Full Stack Open Part 0 + React početak,,,,f5,w20,d134,exercise_task,/course/software-engineer/days/d134/exercises/d134-practice#d134-task-01,Uradi sequence diagrams exercises 0.4–0.6 ako su i dalje u aktuelnom materijalu.,[]
p1709,Nedelja 20: Full Stack Open Part 0 + React početak,,,,f5,w20,d134,exercise_task,/course/software-engineer/days/d134/exercises/d134-practice#d134-task-02,Objasni browser→HTTP→server→response→DOM.,[]
p1710,Nedelja 20: Full Stack Open Part 0 + React početak,,,,f5,w20,d134,exercise_task,/course/software-engineer/days/d134/exercises/d134-practice#d134-task-03,Nacrtaj SPA flow.,[]
p1711,Nedelja 20: Full Stack Open Part 0 + React početak,,,,f5,w20,d134,daily_ai_policy,/course/software-engineer/days/d134#ai-policy,"AI režim: AI proverava diagram, ne daje gotov exercise answer.",[]
p1712,Nedelja 20: Full Stack Open Part 0 + React početak,,,,f5,w20,d134,daily_completion_criterion,/course/software-engineer/days/d134#completion,Gotovo kada: Možeš objasniti network flow bez framework reči.,[]
p1713,Nedelja 20: Full Stack Open Part 0 + React početak,146,1,1,f5,w20,d135,day_heading,/course/software-engineer/days/d135,DAN 135,[]
p1714,Nedelja 20: Full Stack Open Part 0 + React početak,146,1,2,f5,w20,d135,day_title,/course/software-engineer/days/d135,12.01.2027 — React basics,[]
p1715,Nedelja 20: Full Stack Open Part 0 + React početak,,,,f5,w20,d135,day_duration,/course/software-engineer/days/d135,Vreme: 120 min,[]
p1716,Nedelja 20: Full Stack Open Part 0 + React početak,,,,f5,w20,d135,lesson_content,/course/software-engineer/days/d135/lessons/d135-learn#study,Uči / pročitaj: FSO Part 1: Introduction to React.,[]
p1717,Nedelja 20: Full Stack Open Part 0 + React početak,,,,f5,w20,d135,exercise_section,/course/software-engineer/days/d135/exercises/d135-practice,Uradi:,[]
p1718,Nedelja 20: Full Stack Open Part 0 + React početak,,,,f5,w20,d135,exercise_task,/course/software-engineer/days/d135/exercises/d135-practice#d135-task-01,Napravi minimal React app prema aktuelnim FSO instrukcijama.,[]
p1719,Nedelja 20: Full Stack Open Part 0 + React početak,,,,f5,w20,d135,exercise_task,/course/software-engineer/days/d135/exercises/d135-practice#d135-task-02,Components + props.,[]
p1720,Nedelja 20: Full Stack Open Part 0 + React početak,,,,f5,w20,d135,exercise_task,/course/software-engineer/days/d135/exercises/d135-practice#d135-task-03,Reši prve FSO Part1 exercises do granice teme.,[]
p1721,Nedelja 20: Full Stack Open Part 0 + React početak,,,,f5,w20,d135,daily_ai_policy,/course/software-engineer/days/d135#ai-policy,AI režim: AI syntax helper samo kad zapneš na React API.,[]
p1722,Nedelja 20: Full Stack Open Part 0 + React početak,,,,f5,w20,d135,daily_completion_criterion,/course/software-engineer/days/d135#completion,Gotovo kada: Komponente rade i razumeš props kao input.,[]
p1723,Nedelja 20: Full Stack Open Part 0 + React početak,147,1,1,f5,w20,d136,day_heading,/course/software-engineer/days/d136,DAN 136,[]
p1724,Nedelja 20: Full Stack Open Part 0 + React početak,147,1,2,f5,w20,d136,day_title,/course/software-engineer/days/d136,13.01.2027 — Component decomposition,[]
p1725,Nedelja 20: Full Stack Open Part 0 + React početak,,,,f5,w20,d136,day_duration,/course/software-engineer/days/d136,Vreme: 120 min,[]
p1726,Nedelja 20: Full Stack Open Part 0 + React početak,,,,f5,w20,d136,lesson_content,/course/software-engineer/days/d136/lessons/d136-learn#study,Uči / pročitaj: FSO Part1: JavaScript + component basics.,[]
p1727,Nedelja 20: Full Stack Open Part 0 + React početak,,,,f5,w20,d136,exercise_section,/course/software-engineer/days/d136/exercises/d136-practice,Uradi:,[]
p1728,Nedelja 20: Full Stack Open Part 0 + React početak,,,,f5,w20,d136,exercise_task,/course/software-engineer/days/d136/exercises/d136-practice#d136-task-01,Razbij Course info UI na 4 komponente.,[]
p1729,Nedelja 20: Full Stack Open Part 0 + React početak,,,,f5,w20,d136,exercise_task,/course/software-engineer/days/d136/exercises/d136-practice#d136-task-02,Izbegni premature generic abstractions.,[]
p1730,Nedelja 20: Full Stack Open Part 0 + React početak,,,,f5,w20,d136,exercise_task,/course/software-engineer/days/d136/exercises/d136-practice#d136-task-03,Objasni data flow parent→child.,[]
p1731,Nedelja 20: Full Stack Open Part 0 + React početak,,,,f5,w20,d136,daily_ai_policy,/course/software-engineer/days/d136#ai-policy,AI režim: AI reviewer component boundaries.,[]
p1732,Nedelja 20: Full Stack Open Part 0 + React početak,,,,f5,w20,d136,daily_completion_criterion,/course/software-engineer/days/d136#completion,Gotovo kada: Komponente imaju jasne odgovornosti.,[]
p1733,Nedelja 20: Full Stack Open Part 0 + React početak,148,1,1,f5,w20,d137,day_heading,/course/software-engineer/days/d137,DAN 137,[]
p1734,Nedelja 20: Full Stack Open Part 0 + React početak,148,1,2,f5,w20,d137,day_title,/course/software-engineer/days/d137,14.01.2027 — State,[]
p1735,Nedelja 20: Full Stack Open Part 0 + React početak,,,,f5,w20,d137,day_duration,/course/software-engineer/days/d137,Vreme: 120 min,[]
p1736,Nedelja 20: Full Stack Open Part 0 + React početak,,,,f5,w20,d137,lesson_content,/course/software-engineer/days/d137/lessons/d137-learn#study,"Uči / pročitaj: FSO Part1: component state, event handlers.",[]
p1737,Nedelja 20: Full Stack Open Part 0 + React početak,,,,f5,w20,d137,exercise_section,/course/software-engineer/days/d137/exercises/d137-practice,Uradi:,[]
p1738,Nedelja 20: Full Stack Open Part 0 + React početak,,,,f5,w20,d137,exercise_task,/course/software-engineer/days/d137/exercises/d137-practice#d137-task-01,useState counter sa više akcija.,[]
p1739,Nedelja 20: Full Stack Open Part 0 + React početak,,,,f5,w20,d137,exercise_task,/course/software-engineer/days/d137/exercises/d137-practice#d137-task-02,Feedback app prema FSO exercises.,[]
p1740,Nedelja 20: Full Stack Open Part 0 + React početak,,,,f5,w20,d137,exercise_task,/course/software-engineer/days/d137/exercises/d137-practice#d137-task-03,Predvidi state posle niza događaja.,[]
p1741,Nedelja 20: Full Stack Open Part 0 + React početak,,,,f5,w20,d137,daily_ai_policy,/course/software-engineer/days/d137#ai-policy,AI režim: AI daje state trace pitanja.,[]
p1742,Nedelja 20: Full Stack Open Part 0 + React početak,,,,f5,w20,d137,daily_completion_criterion,/course/software-engineer/days/d137#completion,Gotovo kada: Ne mutiraš state direktno.,[]
p1743,Nedelja 20: Full Stack Open Part 0 + React početak,149,1,1,f5,w20,d138,day_heading,/course/software-engineer/days/d138,DAN 138,[]
p1744,Nedelja 20: Full Stack Open Part 0 + React početak,149,1,2,f5,w20,d138,day_title,/course/software-engineer/days/d138,15.01.2027 — Complex state + immutability,[]
p1745,Nedelja 20: Full Stack Open Part 0 + React početak,,,,f5,w20,d138,day_duration,/course/software-engineer/days/d138,Vreme: 120 min,[]
p1746,Nedelja 20: Full Stack Open Part 0 + React početak,,,,f5,w20,d138,lesson_content,/course/software-engineer/days/d138/lessons/d138-learn#study,Uči / pročitaj: FSO Part1 relevant sections.,[]
p1747,Nedelja 20: Full Stack Open Part 0 + React početak,,,,f5,w20,d138,exercise_section,/course/software-engineer/days/d138/exercises/d138-practice,Uradi:,[]
p1748,Nedelja 20: Full Stack Open Part 0 + React početak,,,,f5,w20,d138,exercise_task,/course/software-engineer/days/d138/exercises/d138-practice#d138-task-01,Update object/array state immutably.,[]
p1749,Nedelja 20: Full Stack Open Part 0 + React početak,,,,f5,w20,d138,exercise_task,/course/software-engineer/days/d138/exercises/d138-practice#d138-task-02,Anegdotes exercise ili trenutni ekvivalent.,[]
p1750,Nedelja 20: Full Stack Open Part 0 + React početak,,,,f5,w20,d138,exercise_task,/course/software-engineer/days/d138/exercises/d138-practice#d138-task-03,Objasni stale state i functional update ako se pojavi u materijalu.,[]
p1751,Nedelja 20: Full Stack Open Part 0 + React početak,,,,f5,w20,d138,daily_ai_policy,/course/software-engineer/days/d138#ai-policy,AI režim: AI review state mutation bugs.,[]
p1752,Nedelja 20: Full Stack Open Part 0 + React početak,,,,f5,w20,d138,daily_completion_criterion,/course/software-engineer/days/d138#completion,Gotovo kada: Možeš pronaći mutation bug sam.,[]
p1753,Nedelja 20: Full Stack Open Part 0 + React početak,150,1,1,f5,w20,d139,day_heading,/course/software-engineer/days/d139,DAN 139,[]
p1754,Nedelja 20: Full Stack Open Part 0 + React početak,150,1,2,f5,w20,d139,day_title,/course/software-engineer/days/d139,16.01.2027 — FSO Part1 catch-up,[]
p1755,Nedelja 20: Full Stack Open Part 0 + React početak,,,,f5,w20,d139,day_duration,/course/software-engineer/days/d139,Vreme: 180 min,[]
p1756,Nedelja 20: Full Stack Open Part 0 + React početak,,,,f5,w20,d139,lesson_content,/course/software-engineer/days/d139/lessons/d139-learn#study,Uči / pročitaj: Završi Part1 exercises koje si započeo.,[]
p1757,Nedelja 20: Full Stack Open Part 0 + React početak,,,,f5,w20,d139,exercise_section,/course/software-engineer/days/d139/exercises/d139-practice,Uradi:,[]
p1758,Nedelja 20: Full Stack Open Part 0 + React početak,,,,f5,w20,d139,exercise_task,/course/software-engineer/days/d139/exercises/d139-practice#d139-task-01,Ne prelazi dalje sa neurađenim core exercises.,[]
p1759,Nedelja 20: Full Stack Open Part 0 + React početak,,,,f5,w20,d139,exercise_task,/course/software-engineer/days/d139/exercises/d139-practice#d139-task-02,Refactor tek nakon working solutiona.,[]
p1760,Nedelja 20: Full Stack Open Part 0 + React početak,,,,f5,w20,d139,exercise_task,/course/software-engineer/days/d139/exercises/d139-practice#d139-task-03,README “šta mi je React sakrio u odnosu na DOM”.,[]
p1761,Nedelja 20: Full Stack Open Part 0 + React početak,,,,f5,w20,d139,daily_ai_policy,/course/software-engineer/days/d139#ai-policy,AI režim: AI final review.,[]
p1762,Nedelja 20: Full Stack Open Part 0 + React početak,,,,f5,w20,d139,daily_completion_criterion,/course/software-engineer/days/d139#completion,Gotovo kada: Part1 core set završen u razumnoj meri i možeš objasniti svaki solution.,[]
p1763,Nedelja 20: Full Stack Open Part 0 + React početak,151,1,1,f5,w20,d140,day_heading,/course/software-engineer/days/d140,DAN 140,[]
p1764,Nedelja 20: Full Stack Open Part 0 + React početak,151,1,2,f5,w20,d140,day_title,/course/software-engineer/days/d140,17.01.2027 — Checkpoint 20,[]
p1765,Nedelja 20: Full Stack Open Part 0 + React početak,,,,f5,w20,d140,day_duration,/course/software-engineer/days/d140,Vreme: 90 min,[]
p1766,Nedelja 20: Full Stack Open Part 0 + React početak,,,,f5,w20,d140,lesson_content,/course/software-engineer/days/d140/lessons/d140-learn#study,Uči / pročitaj: Bez novih resursa.,[]
p1767,Nedelja 20: Full Stack Open Part 0 + React početak,,,,f5,w20,d140,exercise_section,/course/software-engineer/days/d140/exercises/d140-practice,Uradi:,[]
p1768,Nedelja 20: Full Stack Open Part 0 + React početak,,,,f5,w20,d140,exercise_task,/course/software-engineer/days/d140/exercises/d140-practice#d140-task-01,AI OFF: napravi React mini counter/list app iz praznog projekta.,[]
p1769,Nedelja 20: Full Stack Open Part 0 + React početak,,,,f5,w20,d140,exercise_task,/course/software-engineer/days/d140/exercises/d140-practice#d140-task-02,Props + state + event.,[]
p1770,Nedelja 20: Full Stack Open Part 0 + React početak,,,,f5,w20,d140,exercise_task,/course/software-engineer/days/d140/exercises/d140-practice#d140-task-03,Objasni render ciklus jednostavno.,[]
p1771,Nedelja 20: Full Stack Open Part 0 + React početak,,,,f5,w20,d140,daily_ai_policy,/course/software-engineer/days/d140#ai-policy,AI režim: AI tek posle.,[]
p1772,Nedelja 20: Full Stack Open Part 0 + React početak,,,,f5,w20,d140,daily_completion_criterion,/course/software-engineer/days/d140#completion,Gotovo kada: Working mini app za 60 min.,[]
p1774,"Nedelja 21: React: state, forms, lifting state, mental model",,,,f5,w21,,week_context,/course/software-engineer/weeks/w21,"Nedelja 21: React: state, forms, lifting state, mental model",[]
p1775,"Nedelja 21: React: state, forms, lifting state, mental model",,,,f5,w21,,week_context,/course/software-engineer/weeks/w21,18.01.2027 – 24.01.2027  |  FAZA 5 — Moderni full stack,[]
p1776,"Nedelja 21: React: state, forms, lifting state, mental model",,,,f5,w21,,week_context,/course/software-engineer/weeks/w21,Cilj nedelje: Postati sposoban da praviš React UI bez copy-paste komponenti.,[]
p1777,"Nedelja 21: React: state, forms, lifting state, mental model",,,,f5,w21,,week_context,/course/software-engineer/weeks/w21,"Primarni resursi: Full Stack Open Part 2, React docs as reference",[]
p1778,"Nedelja 21: React: state, forms, lifting state, mental model",152,1,1,f5,w21,d141,day_heading,/course/software-engineer/days/d141,DAN 141,[]
p1779,"Nedelja 21: React: state, forms, lifting state, mental model",152,1,2,f5,w21,d141,day_title,/course/software-engineer/days/d141,18.01.2027 — Controlled forms,[]
p1780,"Nedelja 21: React: state, forms, lifting state, mental model",,,,f5,w21,d141,day_duration,/course/software-engineer/days/d141,Vreme: 120 min,[]
p1781,"Nedelja 21: React: state, forms, lifting state, mental model",,,,f5,w21,d141,lesson_content,/course/software-engineer/days/d141/lessons/d141-learn#study,Uči / pročitaj: FSO Part2 beginning / React forms sections relevant to course.,[]
p1782,"Nedelja 21: React: state, forms, lifting state, mental model",,,,f5,w21,d141,exercise_section,/course/software-engineer/days/d141/exercises/d141-practice,Uradi:,[]
p1783,"Nedelja 21: React: state, forms, lifting state, mental model",,,,f5,w21,d141,exercise_task,/course/software-engineer/days/d141/exercises/d141-practice#d141-task-01,Form input state.,[]
p1784,"Nedelja 21: React: state, forms, lifting state, mental model",,,,f5,w21,d141,exercise_task,/course/software-engineer/days/d141/exercises/d141-practice#d141-task-02,Add item list; prevent duplicate.,[]
p1785,"Nedelja 21: React: state, forms, lifting state, mental model",,,,f5,w21,d141,exercise_task,/course/software-engineer/days/d141/exercises/d141-practice#d141-task-03,Validation message.,[]
p1786,"Nedelja 21: React: state, forms, lifting state, mental model",,,,f5,w21,d141,daily_ai_policy,/course/software-engineer/days/d141#ai-policy,AI režim: AI test scenarios.,[]
p1787,"Nedelja 21: React: state, forms, lifting state, mental model",,,,f5,w21,d141,daily_completion_criterion,/course/software-engineer/days/d141#completion,Gotovo kada: Form behavior je predvidljiv i controlled.,[]
p1788,"Nedelja 21: React: state, forms, lifting state, mental model",153,1,1,f5,w21,d142,day_heading,/course/software-engineer/days/d142,DAN 142,[]
p1789,"Nedelja 21: React: state, forms, lifting state, mental model",153,1,2,f5,w21,d142,day_title,/course/software-engineer/days/d142,19.01.2027 — Collections rendering,[]
p1790,"Nedelja 21: React: state, forms, lifting state, mental model",,,,f5,w21,d142,day_duration,/course/software-engineer/days/d142,Vreme: 120 min,[]
p1791,"Nedelja 21: React: state, forms, lifting state, mental model",,,,f5,w21,d142,lesson_content,/course/software-engineer/days/d142/lessons/d142-learn#study,"Uči / pročitaj: FSO Part2: Rendering a collection, modules.",[]
p1792,"Nedelja 21: React: state, forms, lifting state, mental model",,,,f5,w21,d142,exercise_section,/course/software-engineer/days/d142/exercises/d142-practice,Uradi:,[]
p1793,"Nedelja 21: React: state, forms, lifting state, mental model",,,,f5,w21,d142,exercise_task,/course/software-engineer/days/d142/exercises/d142-practice#d142-task-01,Render lists sa stabilnim key.,[]
p1794,"Nedelja 21: React: state, forms, lifting state, mental model",,,,f5,w21,d142,exercise_task,/course/software-engineer/days/d142/exercises/d142-practice#d142-task-02,Filter/search list.,[]
p1795,"Nedelja 21: React: state, forms, lifting state, mental model",,,,f5,w21,d142,exercise_task,/course/software-engineer/days/d142/exercises/d142-practice#d142-task-03,Napravi module za component.,[]
p1796,"Nedelja 21: React: state, forms, lifting state, mental model",,,,f5,w21,d142,daily_ai_policy,/course/software-engineer/days/d142#ai-policy,AI režim: AI reviewer key/data flow.,[]
p1797,"Nedelja 21: React: state, forms, lifting state, mental model",,,,f5,w21,d142,daily_completion_criterion,/course/software-engineer/days/d142#completion,Gotovo kada: Nema index-key bez razloga.,[]
p1798,"Nedelja 21: React: state, forms, lifting state, mental model",154,1,1,f5,w21,d143,day_heading,/course/software-engineer/days/d143,DAN 143,[]
p1799,"Nedelja 21: React: state, forms, lifting state, mental model",154,1,2,f5,w21,d143,day_title,/course/software-engineer/days/d143,20.01.2027 — Lifting state,[]
p1800,"Nedelja 21: React: state, forms, lifting state, mental model",,,,f5,w21,d143,day_duration,/course/software-engineer/days/d143,Vreme: 120 min,[]
p1801,"Nedelja 21: React: state, forms, lifting state, mental model",,,,f5,w21,d143,lesson_content,/course/software-engineer/days/d143/lessons/d143-learn#study,Uči / pročitaj: FSO relevant React state patterns.,[]
p1802,"Nedelja 21: React: state, forms, lifting state, mental model",,,,f5,w21,d143,exercise_section,/course/software-engineer/days/d143/exercises/d143-practice,Uradi:,[]
p1803,"Nedelja 21: React: state, forms, lifting state, mental model",,,,f5,w21,d143,exercise_task,/course/software-engineer/days/d143/exercises/d143-practice#d143-task-01,Dve sibling komponente dele state preko parent-a.,[]
p1804,"Nedelja 21: React: state, forms, lifting state, mental model",,,,f5,w21,d143,exercise_task,/course/software-engineer/days/d143/exercises/d143-practice#d143-task-02,Napiši diagram state ownership.,[]
p1805,"Nedelja 21: React: state, forms, lifting state, mental model",,,,f5,w21,d143,exercise_task,/course/software-engineer/days/d143/exercises/d143-practice#d143-task-03,Prepoznaj duplicate state i ukloni ga.,[]
p1806,"Nedelja 21: React: state, forms, lifting state, mental model",,,,f5,w21,d143,daily_ai_policy,/course/software-engineer/days/d143#ai-policy,AI režim: AI pita “ko je owner ovog state-a?”.,[]
p1807,"Nedelja 21: React: state, forms, lifting state, mental model",,,,f5,w21,d143,daily_completion_criterion,/course/software-engineer/days/d143#completion,Gotovo kada: Single source of truth za shared data.,[]
p1808,"Nedelja 21: React: state, forms, lifting state, mental model",155,1,1,f5,w21,d144,day_heading,/course/software-engineer/days/d144,DAN 144,[]
p1809,"Nedelja 21: React: state, forms, lifting state, mental model",155,1,2,f5,w21,d144,day_title,/course/software-engineer/days/d144,21.01.2027 — React debugging,[]
p1810,"Nedelja 21: React: state, forms, lifting state, mental model",,,,f5,w21,d144,day_duration,/course/software-engineer/days/d144,Vreme: 120 min,[]
p1811,"Nedelja 21: React: state, forms, lifting state, mental model",,,,f5,w21,d144,lesson_content,/course/software-engineer/days/d144/lessons/d144-learn#study,Uči / pročitaj: React DevTools + FSO debugging guidance.,[]
p1812,"Nedelja 21: React: state, forms, lifting state, mental model",,,,f5,w21,d144,exercise_section,/course/software-engineer/days/d144/exercises/d144-practice,Uradi:,[]
p1813,"Nedelja 21: React: state, forms, lifting state, mental model",,,,f5,w21,d144,exercise_task,/course/software-engineer/days/d144/exercises/d144-practice#d144-task-01,Namerno napravi prop/state bug.,[]
p1814,"Nedelja 21: React: state, forms, lifting state, mental model",,,,f5,w21,d144,exercise_task,/course/software-engineer/days/d144/exercises/d144-practice#d144-task-02,Koristi DevTools i console ciljano.,[]
p1815,"Nedelja 21: React: state, forms, lifting state, mental model",,,,f5,w21,d144,exercise_task,/course/software-engineer/days/d144/exercises/d144-practice#d144-task-03,Napiši root cause.,[]
p1816,"Nedelja 21: React: state, forms, lifting state, mental model",,,,f5,w21,d144,daily_ai_policy,/course/software-engineer/days/d144#ai-policy,AI režim: AI rubber duck.,[]
p1817,"Nedelja 21: React: state, forms, lifting state, mental model",,,,f5,w21,d144,daily_completion_criterion,/course/software-engineer/days/d144#completion,Gotovo kada: 3 bugova rešena metodski.,[]
p1818,"Nedelja 21: React: state, forms, lifting state, mental model",156,1,1,f5,w21,d145,day_heading,/course/software-engineer/days/d145,DAN 145,[]
p1819,"Nedelja 21: React: state, forms, lifting state, mental model",156,1,2,f5,w21,d145,day_title,/course/software-engineer/days/d145,22.01.2027 — Mini React project: Expense UI,[]
p1820,"Nedelja 21: React: state, forms, lifting state, mental model",,,,f5,w21,d145,day_duration,/course/software-engineer/days/d145,Vreme: 120 min,[]
p1821,"Nedelja 21: React: state, forms, lifting state, mental model",,,,f5,w21,d145,lesson_content,/course/software-engineer/days/d145/lessons/d145-learn#study,"Uči / pročitaj: Bez backend-a. Koristi postojeći Expense Tracker model kao inspiraciju, ne copy-paste.",[]
p1822,"Nedelja 21: React: state, forms, lifting state, mental model",,,,f5,w21,d145,exercise_section,/course/software-engineer/days/d145/exercises/d145-practice,Uradi:,[]
p1823,"Nedelja 21: React: state, forms, lifting state, mental model",,,,f5,w21,d145,exercise_task,/course/software-engineer/days/d145/exercises/d145-practice#d145-task-01,"Add expense form, list, filter, summary.",[]
p1824,"Nedelja 21: React: state, forms, lifting state, mental model",,,,f5,w21,d145,exercise_task,/course/software-engineer/days/d145/exercises/d145-practice#d145-task-02,State decomposition.,[]
p1825,"Nedelja 21: React: state, forms, lifting state, mental model",,,,f5,w21,d145,exercise_task,/course/software-engineer/days/d145/exercises/d145-practice#d145-task-03,"Derived values računaj, ne skladišti duplo.",[]
p1826,"Nedelja 21: React: state, forms, lifting state, mental model",,,,f5,w21,d145,daily_ai_policy,/course/software-engineer/days/d145#ai-policy,AI režim: AI architecture review.,[]
p1827,"Nedelja 21: React: state, forms, lifting state, mental model",,,,f5,w21,d145,daily_completion_criterion,/course/software-engineer/days/d145#completion,Gotovo kada: UI radi i nema redundant state-a.,[]
p1828,"Nedelja 21: React: state, forms, lifting state, mental model",157,1,1,f5,w21,d146,day_heading,/course/software-engineer/days/d146,DAN 146,[]
p1829,"Nedelja 21: React: state, forms, lifting state, mental model",157,1,2,f5,w21,d146,day_title,/course/software-engineer/days/d146,23.01.2027 — Refactor + test thinking,[]
p1830,"Nedelja 21: React: state, forms, lifting state, mental model",,,,f5,w21,d146,day_duration,/course/software-engineer/days/d146,Vreme: 180 min,[]
p1831,"Nedelja 21: React: state, forms, lifting state, mental model",,,,f5,w21,d146,lesson_content,/course/software-engineer/days/d146/lessons/d146-learn#study,Uči / pročitaj: React docs/FSO samo za teme koje koristiš.,[]
p1832,"Nedelja 21: React: state, forms, lifting state, mental model",,,,f5,w21,d146,exercise_section,/course/software-engineer/days/d146/exercises/d146-practice,Uradi:,[]
p1833,"Nedelja 21: React: state, forms, lifting state, mental model",,,,f5,w21,d146,exercise_task,/course/software-engineer/days/d146/exercises/d146-practice#d146-task-01,Razdvoji components.,[]
p1834,"Nedelja 21: React: state, forms, lifting state, mental model",,,,f5,w21,d146,exercise_task,/course/software-engineer/days/d146/exercises/d146-practice#d146-task-02,Napiši 10 manual UI test scenarios.,[]
p1835,"Nedelja 21: React: state, forms, lifting state, mental model",,,,f5,w21,d146,exercise_task,/course/software-engineer/days/d146/exercises/d146-practice#d146-task-03,Profiling nije potrebno; fokus readability.,[]
p1836,"Nedelja 21: React: state, forms, lifting state, mental model",,,,f5,w21,d146,daily_ai_policy,/course/software-engineer/days/d146#ai-policy,AI režim: AI QA reviewer.,[]
p1837,"Nedelja 21: React: state, forms, lifting state, mental model",,,,f5,w21,d146,daily_completion_criterion,/course/software-engineer/days/d146#completion,Gotovo kada: Projekat je čitljiv i stabilan.,[]
p1838,"Nedelja 21: React: state, forms, lifting state, mental model",158,1,1,f5,w21,d147,day_heading,/course/software-engineer/days/d147,DAN 147,[]
p1839,"Nedelja 21: React: state, forms, lifting state, mental model",158,1,2,f5,w21,d147,day_title,/course/software-engineer/days/d147,24.01.2027 — Checkpoint 21,[]
p1840,"Nedelja 21: React: state, forms, lifting state, mental model",,,,f5,w21,d147,day_duration,/course/software-engineer/days/d147,Vreme: 90 min,[]
p1841,"Nedelja 21: React: state, forms, lifting state, mental model",,,,f5,w21,d147,lesson_content,/course/software-engineer/days/d147/lessons/d147-learn#study,Uči / pročitaj: Bez novih resursa.,[]
p1842,"Nedelja 21: React: state, forms, lifting state, mental model",,,,f5,w21,d147,exercise_section,/course/software-engineer/days/d147/exercises/d147-practice,Uradi:,[]
p1843,"Nedelja 21: React: state, forms, lifting state, mental model",,,,f5,w21,d147,exercise_task,/course/software-engineer/days/d147/exercises/d147-practice#d147-task-01,AI OFF: mini “contacts filter” React app.,[]
p1844,"Nedelja 21: React: state, forms, lifting state, mental model",,,,f5,w21,d147,exercise_task,/course/software-engineer/days/d147/exercises/d147-practice#d147-task-02,Add/search/delete u local state.,[]
p1845,"Nedelja 21: React: state, forms, lifting state, mental model",,,,f5,w21,d147,exercise_task,/course/software-engineer/days/d147/exercises/d147-practice#d147-task-03,Objasni gde je state i zašto.,[]
p1846,"Nedelja 21: React: state, forms, lifting state, mental model",,,,f5,w21,d147,daily_ai_policy,/course/software-engineer/days/d147#ai-policy,AI režim: AI tek na kraju.,[]
p1847,"Nedelja 21: React: state, forms, lifting state, mental model",,,,f5,w21,d147,daily_completion_criterion,/course/software-engineer/days/d147#completion,Gotovo kada: Working za 60 min i jasno objašnjenje.,[]
p1849,"Nedelja 22: FSO Part 2: server communication, effects, services",,,,f5,w22,,week_context,/course/software-engineer/weeks/w22,"Nedelja 22: FSO Part 2: server communication, effects, services",[]
p1850,"Nedelja 22: FSO Part 2: server communication, effects, services",,,,f5,w22,,week_context,/course/software-engineer/weeks/w22,25.01.2027 – 31.01.2027  |  FAZA 5 — Moderni full stack,[]
p1851,"Nedelja 22: FSO Part 2: server communication, effects, services",,,,f5,w22,,week_context,/course/software-engineer/weeks/w22,Cilj nedelje: Povezati React sa REST podacima bez haotičnog fetch koda.,[]
p1852,"Nedelja 22: FSO Part 2: server communication, effects, services",,,,f5,w22,,week_context,/course/software-engineer/weeks/w22,Primarni resursi: Full Stack Open Part 2,[]
p1853,"Nedelja 22: FSO Part 2: server communication, effects, services",159,1,1,f5,w22,d148,day_heading,/course/software-engineer/days/d148,DAN 148,[]
p1854,"Nedelja 22: FSO Part 2: server communication, effects, services",159,1,2,f5,w22,d148,day_title,/course/software-engineer/days/d148,25.01.2027 — JSON server / HTTP client,[]
p1855,"Nedelja 22: FSO Part 2: server communication, effects, services",,,,f5,w22,d148,day_duration,/course/software-engineer/days/d148,Vreme: 120 min,[]
p1856,"Nedelja 22: FSO Part 2: server communication, effects, services",,,,f5,w22,d148,lesson_content,/course/software-engineer/days/d148/lessons/d148-learn#study,Uči / pročitaj: FSO Part2: Getting data from server.,[]
p1857,"Nedelja 22: FSO Part 2: server communication, effects, services",,,,f5,w22,d148,exercise_section,/course/software-engineer/days/d148/exercises/d148-practice,Uradi:,[]
p1858,"Nedelja 22: FSO Part 2: server communication, effects, services",,,,f5,w22,d148,exercise_task,/course/software-engineer/days/d148/exercises/d148-practice#d148-task-01,Pokreni course backend/json-server po aktuelnim uputstvima.,[]
p1859,"Nedelja 22: FSO Part 2: server communication, effects, services",,,,f5,w22,d148,exercise_task,/course/software-engineer/days/d148/exercises/d148-practice#d148-task-02,GET data u React app.,[]
p1860,"Nedelja 22: FSO Part 2: server communication, effects, services",,,,f5,w22,d148,exercise_task,/course/software-engineer/days/d148/exercises/d148-practice#d148-task-03,Log network request u browser DevTools.,[]
p1861,"Nedelja 22: FSO Part 2: server communication, effects, services",,,,f5,w22,d148,daily_ai_policy,/course/software-engineer/days/d148#ai-policy,"AI režim: AI objašnjava network tab, ne piše solution.",[]
p1862,"Nedelja 22: FSO Part 2: server communication, effects, services",,,,f5,w22,d148,daily_completion_criterion,/course/software-engineer/days/d148#completion,Gotovo kada: Možeš pratiti request/response do UI-a.,[]
p1863,"Nedelja 22: FSO Part 2: server communication, effects, services",160,1,1,f5,w22,d149,day_heading,/course/software-engineer/days/d149,DAN 149,[]
p1864,"Nedelja 22: FSO Part 2: server communication, effects, services",160,1,2,f5,w22,d149,day_title,/course/software-engineer/days/d149,26.01.2027 — useEffect mental model,[]
p1865,"Nedelja 22: FSO Part 2: server communication, effects, services",,,,f5,w22,d149,day_duration,/course/software-engineer/days/d149,Vreme: 120 min,[]
p1866,"Nedelja 22: FSO Part 2: server communication, effects, services",,,,f5,w22,d149,lesson_content,/course/software-engineer/days/d149/lessons/d149-learn#study,Uči / pročitaj: FSO Part2 effects section + React docs reference.,[]
p1867,"Nedelja 22: FSO Part 2: server communication, effects, services",,,,f5,w22,d149,exercise_section,/course/software-engineer/days/d149/exercises/d149-practice,Uradi:,[]
p1868,"Nedelja 22: FSO Part 2: server communication, effects, services",,,,f5,w22,d149,exercise_task,/course/software-engineer/days/d149/exercises/d149-practice#d149-task-01,Fetch pri mount-u.,[]
p1869,"Nedelja 22: FSO Part 2: server communication, effects, services",,,,f5,w22,d149,exercise_task,/course/software-engineer/days/d149/exercises/d149-practice#d149-task-02,Nacrtaj kada effect radi i dependency array.,[]
p1870,"Nedelja 22: FSO Part 2: server communication, effects, services",,,,f5,w22,d149,exercise_task,/course/software-engineer/days/d149/exercises/d149-practice#d149-task-03,Namerno napravi infinite-loop scenario u kontrolisanom mini primeru i popravi ga.,[]
p1871,"Nedelja 22: FSO Part 2: server communication, effects, services",,,,f5,w22,d149,daily_ai_policy,/course/software-engineer/days/d149#ai-policy,AI režim: AI postavlja effect trace pitanja.,[]
p1872,"Nedelja 22: FSO Part 2: server communication, effects, services",,,,f5,w22,d149,daily_completion_criterion,/course/software-engineer/days/d149#completion,Gotovo kada: Ne tretiraš useEffect kao “random mesto za kod”.,[]
p1873,"Nedelja 22: FSO Part 2: server communication, effects, services",161,1,1,f5,w22,d150,day_heading,/course/software-engineer/days/d150,DAN 150,[]
p1874,"Nedelja 22: FSO Part 2: server communication, effects, services",161,1,2,f5,w22,d150,day_title,/course/software-engineer/days/d150,27.01.2027 — Service modules,[]
p1875,"Nedelja 22: FSO Part 2: server communication, effects, services",,,,f5,w22,d150,day_duration,/course/software-engineer/days/d150,Vreme: 120 min,[]
p1876,"Nedelja 22: FSO Part 2: server communication, effects, services",,,,f5,w22,d150,lesson_content,/course/software-engineer/days/d150/lessons/d150-learn#study,Uči / pročitaj: FSO Part2: Altering data in server / extracting communication.,[]
p1877,"Nedelja 22: FSO Part 2: server communication, effects, services",,,,f5,w22,d150,exercise_section,/course/software-engineer/days/d150/exercises/d150-practice,Uradi:,[]
p1878,"Nedelja 22: FSO Part 2: server communication, effects, services",,,,f5,w22,d150,exercise_task,/course/software-engineer/days/d150/exercises/d150-practice#d150-task-01,Izvuci API calls u service module.,[]
p1879,"Nedelja 22: FSO Part 2: server communication, effects, services",,,,f5,w22,d150,exercise_task,/course/software-engineer/days/d150/exercises/d150-practice#d150-task-02,create/update/delete server data.,[]
p1880,"Nedelja 22: FSO Part 2: server communication, effects, services",,,,f5,w22,d150,exercise_task,/course/software-engineer/days/d150/exercises/d150-practice#d150-task-03,UI ne zna URL detalje.,[]
p1881,"Nedelja 22: FSO Part 2: server communication, effects, services",,,,f5,w22,d150,daily_ai_policy,/course/software-engineer/days/d150#ai-policy,AI režim: AI reviewer boundary.,[]
p1882,"Nedelja 22: FSO Part 2: server communication, effects, services",,,,f5,w22,d150,daily_completion_criterion,/course/software-engineer/days/d150#completion,Gotovo kada: API layer je odvojena.,[]
p1883,"Nedelja 22: FSO Part 2: server communication, effects, services",162,1,1,f5,w22,d151,day_heading,/course/software-engineer/days/d151,DAN 151,[]
p1884,"Nedelja 22: FSO Part 2: server communication, effects, services",162,1,2,f5,w22,d151,day_title,/course/software-engineer/days/d151,28.01.2027 — Error handling + notifications,[]
p1885,"Nedelja 22: FSO Part 2: server communication, effects, services",,,,f5,w22,d151,day_duration,/course/software-engineer/days/d151,Vreme: 120 min,[]
p1886,"Nedelja 22: FSO Part 2: server communication, effects, services",,,,f5,w22,d151,lesson_content,/course/software-engineer/days/d151/lessons/d151-learn#study,Uči / pročitaj: FSO Part2 styling/error sections.,[]
p1887,"Nedelja 22: FSO Part 2: server communication, effects, services",,,,f5,w22,d151,exercise_section,/course/software-engineer/days/d151/exercises/d151-practice,Uradi:,[]
p1888,"Nedelja 22: FSO Part 2: server communication, effects, services",,,,f5,w22,d151,exercise_task,/course/software-engineer/days/d151/exercises/d151-practice#d151-task-01,Success/error notification.,[]
p1889,"Nedelja 22: FSO Part 2: server communication, effects, services",,,,f5,w22,d151,exercise_task,/course/software-engineer/days/d151/exercises/d151-practice#d151-task-02,Rollback/refresh strategy kada update fail.,[]
p1890,"Nedelja 22: FSO Part 2: server communication, effects, services",,,,f5,w22,d151,exercise_task,/course/software-engineer/days/d151/exercises/d151-practice#d151-task-03,Obradi 404 za deleted item scenario.,[]
p1891,"Nedelja 22: FSO Part 2: server communication, effects, services",,,,f5,w22,d151,daily_ai_policy,/course/software-engineer/days/d151#ai-policy,AI režim: AI QA simulates failures.,[]
p1892,"Nedelja 22: FSO Part 2: server communication, effects, services",,,,f5,w22,d151,daily_completion_criterion,/course/software-engineer/days/d151#completion,Gotovo kada: App ne pretpostavlja da svaki request uspe.,[]
p1893,"Nedelja 22: FSO Part 2: server communication, effects, services",163,1,1,f5,w22,d152,day_heading,/course/software-engineer/days/d152,DAN 152,[]
p1894,"Nedelja 22: FSO Part 2: server communication, effects, services",163,1,2,f5,w22,d152,day_title,/course/software-engineer/days/d152,29.01.2027 — Countries/phonebook exercises,[]
p1895,"Nedelja 22: FSO Part 2: server communication, effects, services",,,,f5,w22,d152,day_duration,/course/software-engineer/days/d152,Vreme: 120 min,[]
p1896,"Nedelja 22: FSO Part 2: server communication, effects, services",,,,f5,w22,d152,lesson_content,/course/software-engineer/days/d152/lessons/d152-learn#study,Uči / pročitaj: FSO Part2 exercises — radi aktuelne core exercise setove.,[]
p1897,"Nedelja 22: FSO Part 2: server communication, effects, services",,,,f5,w22,d152,exercise_section,/course/software-engineer/days/d152/exercises/d152-practice,Uradi:,[]
p1898,"Nedelja 22: FSO Part 2: server communication, effects, services",,,,f5,w22,d152,exercise_task,/course/software-engineer/days/d152/exercises/d152-practice#d152-task-01,Radi bez gledanja model solutions.,[]
p1899,"Nedelja 22: FSO Part 2: server communication, effects, services",,,,f5,w22,d152,exercise_task,/course/software-engineer/days/d152/exercises/d152-practice#d152-task-02,Za svaki exercise napiši problem decomposition pre code.,[]
p1900,"Nedelja 22: FSO Part 2: server communication, effects, services",,,,f5,w22,d152,exercise_task,/course/software-engineer/days/d152/exercises/d152-practice#d152-task-03,Commit po exercise group.,[]
p1901,"Nedelja 22: FSO Part 2: server communication, effects, services",,,,f5,w22,d152,daily_ai_policy,/course/software-engineer/days/d152#ai-policy,AI režim: AI hint ladder.,[]
p1902,"Nedelja 22: FSO Part 2: server communication, effects, services",,,,f5,w22,d152,daily_completion_criterion,/course/software-engineer/days/d152#completion,Gotovo kada: Core Part2 exercises napreduju i razumeš ih.,[]
p1903,"Nedelja 22: FSO Part 2: server communication, effects, services",164,1,1,f5,w22,d153,day_heading,/course/software-engineer/days/d153,DAN 153,[]
p1904,"Nedelja 22: FSO Part 2: server communication, effects, services",164,1,2,f5,w22,d153,day_title,/course/software-engineer/days/d153,30.01.2027 — Part2 finish + synthesis,[]
p1905,"Nedelja 22: FSO Part 2: server communication, effects, services",,,,f5,w22,d153,day_duration,/course/software-engineer/days/d153,Vreme: 180 min,[]
p1906,"Nedelja 22: FSO Part 2: server communication, effects, services",,,,f5,w22,d153,lesson_content,/course/software-engineer/days/d153/lessons/d153-learn#study,Uči / pročitaj: Završi preostale core exercises.,[]
p1907,"Nedelja 22: FSO Part 2: server communication, effects, services",,,,f5,w22,d153,exercise_section,/course/software-engineer/days/d153/exercises/d153-practice,Uradi:,[]
p1908,"Nedelja 22: FSO Part 2: server communication, effects, services",,,,f5,w22,d153,exercise_task,/course/software-engineer/days/d153/exercises/d153-practice#d153-task-01,Refactor service/components.,[]
p1909,"Nedelja 22: FSO Part 2: server communication, effects, services",,,,f5,w22,d153,exercise_task,/course/software-engineer/days/d153/exercises/d153-practice#d153-task-02,Napiši data-flow diagram: server→service→state→render.,[]
p1910,"Nedelja 22: FSO Part 2: server communication, effects, services",,,,f5,w22,d153,exercise_task,/course/software-engineer/days/d153/exercises/d153-practice#d153-task-03,README lessons learned.,[]
p1911,"Nedelja 22: FSO Part 2: server communication, effects, services",,,,f5,w22,d153,daily_ai_policy,/course/software-engineer/days/d153#ai-policy,AI režim: AI final review.,[]
p1912,"Nedelja 22: FSO Part 2: server communication, effects, services",,,,f5,w22,d153,daily_completion_criterion,/course/software-engineer/days/d153#completion,Gotovo kada: Part2 core završen u ciljnom opsegu.,[]
p1913,"Nedelja 22: FSO Part 2: server communication, effects, services",165,1,1,f5,w22,d154,day_heading,/course/software-engineer/days/d154,DAN 154,[]
p1914,"Nedelja 22: FSO Part 2: server communication, effects, services",165,1,2,f5,w22,d154,day_title,/course/software-engineer/days/d154,31.01.2027 — Checkpoint 22,[]
p1915,"Nedelja 22: FSO Part 2: server communication, effects, services",,,,f5,w22,d154,day_duration,/course/software-engineer/days/d154,Vreme: 90 min,[]
p1916,"Nedelja 22: FSO Part 2: server communication, effects, services",,,,f5,w22,d154,lesson_content,/course/software-engineer/days/d154/lessons/d154-learn#study,Uči / pročitaj: Bez novih resursa.,[]
p1917,"Nedelja 22: FSO Part 2: server communication, effects, services",,,,f5,w22,d154,exercise_section,/course/software-engineer/days/d154/exercises/d154-practice,Uradi:,[]
p1918,"Nedelja 22: FSO Part 2: server communication, effects, services",,,,f5,w22,d154,exercise_task,/course/software-engineer/days/d154/exercises/d154-practice#d154-task-01,AI OFF: React app fetchuje listu i ima add/delete sa fake REST endpointom/course setupom.,[]
p1919,"Nedelja 22: FSO Part 2: server communication, effects, services",,,,f5,w22,d154,exercise_task,/course/software-engineer/days/d154/exercises/d154-practice#d154-task-02,Dodaj error state.,[]
p1920,"Nedelja 22: FSO Part 2: server communication, effects, services",,,,f5,w22,d154,exercise_task,/course/software-engineer/days/d154/exercises/d154-practice#d154-task-03,Objasni effect i service layer.,[]
p1921,"Nedelja 22: FSO Part 2: server communication, effects, services",,,,f5,w22,d154,daily_ai_policy,/course/software-engineer/days/d154#ai-policy,AI režim: AI tek posle.,[]
p1922,"Nedelja 22: FSO Part 2: server communication, effects, services",,,,f5,w22,d154,daily_completion_criterion,/course/software-engineer/days/d154#completion,Gotovo kada: Working data flow bez tutoriala.,[]
p1924,"Nedelja 23: FSO Part 3: Node, Express, REST API",,,,f5,w23,,week_context,/course/software-engineer/weeks/w23,"Nedelja 23: FSO Part 3: Node, Express, REST API",[]
p1925,"Nedelja 23: FSO Part 3: Node, Express, REST API",,,,f5,w23,,week_context,/course/software-engineer/weeks/w23,01.02.2027 – 07.02.2027  |  FAZA 5 — Moderni full stack,[]
p1926,"Nedelja 23: FSO Part 3: Node, Express, REST API",,,,f5,w23,,week_context,/course/software-engineer/weeks/w23,Cilj nedelje: Napraviti backend koji razumeš od requesta do persistence-a.,[]
p1927,"Nedelja 23: FSO Part 3: Node, Express, REST API",,,,f5,w23,,week_context,/course/software-engineer/weeks/w23,"Primarni resursi: Full Stack Open Part 3, Node/Express docs as reference",[]
p1928,"Nedelja 23: FSO Part 3: Node, Express, REST API",166,1,1,f5,w23,d155,day_heading,/course/software-engineer/days/d155,DAN 155,[]
p1929,"Nedelja 23: FSO Part 3: Node, Express, REST API",166,1,2,f5,w23,d155,day_title,/course/software-engineer/days/d155,01.02.2027 — Node/Express server,[]
p1930,"Nedelja 23: FSO Part 3: Node, Express, REST API",,,,f5,w23,d155,day_duration,/course/software-engineer/days/d155,Vreme: 120 min,[]
p1931,"Nedelja 23: FSO Part 3: Node, Express, REST API",,,,f5,w23,d155,lesson_content,/course/software-engineer/days/d155/lessons/d155-learn#study,Uči / pročitaj: FSO Part3: Node.js and Express.,[]
p1932,"Nedelja 23: FSO Part 3: Node, Express, REST API",,,,f5,w23,d155,exercise_section,/course/software-engineer/days/d155/exercises/d155-practice,Uradi:,[]
p1933,"Nedelja 23: FSO Part 3: Node, Express, REST API",,,,f5,w23,d155,exercise_task,/course/software-engineer/days/d155/exercises/d155-practice#d155-task-01,Minimal Express app.,[]
p1934,"Nedelja 23: FSO Part 3: Node, Express, REST API",,,,f5,w23,d155,exercise_task,/course/software-engineer/days/d155/exercises/d155-practice#d155-task-02,GET collection/item endpoints.,[]
p1935,"Nedelja 23: FSO Part 3: Node, Express, REST API",,,,f5,w23,d155,exercise_task,/course/software-engineer/days/d155/exercises/d155-practice#d155-task-03,Test ručno curl/Postman/REST client.,[]
p1936,"Nedelja 23: FSO Part 3: Node, Express, REST API",,,,f5,w23,d155,daily_ai_policy,/course/software-engineer/days/d155#ai-policy,AI režim: AI syntax helper only.,[]
p1937,"Nedelja 23: FSO Part 3: Node, Express, REST API",,,,f5,w23,d155,daily_completion_criterion,/course/software-engineer/days/d155#completion,Gotovo kada: Možeš objasniti request→route→handler→response.,[]
p1938,"Nedelja 23: FSO Part 3: Node, Express, REST API",167,1,1,f5,w23,d156,day_heading,/course/software-engineer/days/d156,DAN 156,[]
p1939,"Nedelja 23: FSO Part 3: Node, Express, REST API",167,1,2,f5,w23,d156,day_title,/course/software-engineer/days/d156,02.02.2027 — REST CRUD,[]
p1940,"Nedelja 23: FSO Part 3: Node, Express, REST API",,,,f5,w23,d156,day_duration,/course/software-engineer/days/d156,Vreme: 120 min,[]
p1941,"Nedelja 23: FSO Part 3: Node, Express, REST API",,,,f5,w23,d156,lesson_content,/course/software-engineer/days/d156/lessons/d156-learn#study,Uči / pročitaj: FSO Part3 REST sections.,[]
p1942,"Nedelja 23: FSO Part 3: Node, Express, REST API",,,,f5,w23,d156,exercise_section,/course/software-engineer/days/d156/exercises/d156-practice,Uradi:,[]
p1943,"Nedelja 23: FSO Part 3: Node, Express, REST API",,,,f5,w23,d156,exercise_task,/course/software-engineer/days/d156/exercises/d156-practice#d156-task-01,POST/DELETE/PUT ili PATCH.,[]
p1944,"Nedelja 23: FSO Part 3: Node, Express, REST API",,,,f5,w23,d156,exercise_task,/course/software-engineer/days/d156/exercises/d156-practice#d156-task-02,Status codes smisleno.,[]
p1945,"Nedelja 23: FSO Part 3: Node, Express, REST API",,,,f5,w23,d156,exercise_task,/course/software-engineer/days/d156/exercises/d156-practice#d156-task-03,Validation basic.,[]
p1946,"Nedelja 23: FSO Part 3: Node, Express, REST API",,,,f5,w23,d156,daily_ai_policy,/course/software-engineer/days/d156#ai-policy,AI režim: AI API reviewer.,[]
p1947,"Nedelja 23: FSO Part 3: Node, Express, REST API",,,,f5,w23,d156,daily_completion_criterion,/course/software-engineer/days/d156#completion,Gotovo kada: CRUD endpoints rade i koriste dosledan JSON shape.,[]
p1948,"Nedelja 23: FSO Part 3: Node, Express, REST API",168,1,1,f5,w23,d157,day_heading,/course/software-engineer/days/d157,DAN 157,[]
p1949,"Nedelja 23: FSO Part 3: Node, Express, REST API",168,1,2,f5,w23,d157,day_title,/course/software-engineer/days/d157,03.02.2027 — Middleware + logging,[]
p1950,"Nedelja 23: FSO Part 3: Node, Express, REST API",,,,f5,w23,d157,day_duration,/course/software-engineer/days/d157,Vreme: 120 min,[]
p1951,"Nedelja 23: FSO Part 3: Node, Express, REST API",,,,f5,w23,d157,lesson_content,/course/software-engineer/days/d157/lessons/d157-learn#study,Uči / pročitaj: FSO Part3 middleware/error handling.,[]
p1952,"Nedelja 23: FSO Part 3: Node, Express, REST API",,,,f5,w23,d157,exercise_section,/course/software-engineer/days/d157/exercises/d157-practice,Uradi:,[]
p1953,"Nedelja 23: FSO Part 3: Node, Express, REST API",,,,f5,w23,d157,exercise_task,/course/software-engineer/days/d157/exercises/d157-practice#d157-task-01,Request logger.,[]
p1954,"Nedelja 23: FSO Part 3: Node, Express, REST API",,,,f5,w23,d157,exercise_task,/course/software-engineer/days/d157/exercises/d157-practice#d157-task-02,Unknown endpoint handler.,[]
p1955,"Nedelja 23: FSO Part 3: Node, Express, REST API",,,,f5,w23,d157,exercise_task,/course/software-engineer/days/d157/exercises/d157-practice#d157-task-03,Central error handler.,[]
p1956,"Nedelja 23: FSO Part 3: Node, Express, REST API",,,,f5,w23,d157,daily_ai_policy,/course/software-engineer/days/d157#ai-policy,AI režim: AI daje failure scenarios.,[]
p1957,"Nedelja 23: FSO Part 3: Node, Express, REST API",,,,f5,w23,d157,daily_completion_criterion,/course/software-engineer/days/d157#completion,Gotovo kada: Error flow nije copy-paste try/catch svuda.,[]
p1958,"Nedelja 23: FSO Part 3: Node, Express, REST API",169,1,1,f5,w23,d158,day_heading,/course/software-engineer/days/d158,DAN 158,[]
p1959,"Nedelja 23: FSO Part 3: Node, Express, REST API",169,1,2,f5,w23,d158,day_title,/course/software-engineer/days/d158,04.02.2027 — Database integration,[]
p1960,"Nedelja 23: FSO Part 3: Node, Express, REST API",,,,f5,w23,d158,day_duration,/course/software-engineer/days/d158,Vreme: 120 min,[]
p1961,"Nedelja 23: FSO Part 3: Node, Express, REST API",,,,f5,w23,d158,lesson_content,/course/software-engineer/days/d158/lessons/d158-learn#study,Uči / pročitaj: FSO Part3 database section (MongoDB prema aktuelnom kursu).,[]
p1962,"Nedelja 23: FSO Part 3: Node, Express, REST API",,,,f5,w23,d158,exercise_section,/course/software-engineer/days/d158/exercises/d158-practice,Uradi:,[]
p1963,"Nedelja 23: FSO Part 3: Node, Express, REST API",,,,f5,w23,d158,exercise_task,/course/software-engineer/days/d158/exercises/d158-practice#d158-task-01,Poveži DB prema course setup-u.,[]
p1964,"Nedelja 23: FSO Part 3: Node, Express, REST API",,,,f5,w23,d158,exercise_task,/course/software-engineer/days/d158/exercises/d158-practice#d158-task-02,"Model/schema, save/find/update/delete.",[]
p1965,"Nedelja 23: FSO Part 3: Node, Express, REST API",,,,f5,w23,d158,exercise_task,/course/software-engineer/days/d158/exercises/d158-practice#d158-task-03,Environment variables; tajne ne commituj.,[]
p1966,"Nedelja 23: FSO Part 3: Node, Express, REST API",,,,f5,w23,d158,daily_ai_policy,/course/software-engineer/days/d158#ai-policy,AI režim: AI security/config review.,[]
p1967,"Nedelja 23: FSO Part 3: Node, Express, REST API",,,,f5,w23,d158,daily_completion_criterion,/course/software-engineer/days/d158#completion,Gotovo kada: Backend koristi persistence i .env nije u Git-u.,[]
p1968,"Nedelja 23: FSO Part 3: Node, Express, REST API",170,1,1,f5,w23,d159,day_heading,/course/software-engineer/days/d159,DAN 159,[]
p1969,"Nedelja 23: FSO Part 3: Node, Express, REST API",170,1,2,f5,w23,d159,day_title,/course/software-engineer/days/d159,05.02.2027 — Validation + lint/deploy,[]
p1970,"Nedelja 23: FSO Part 3: Node, Express, REST API",,,,f5,w23,d159,day_duration,/course/software-engineer/days/d159,Vreme: 120 min,[]
p1971,"Nedelja 23: FSO Part 3: Node, Express, REST API",,,,f5,w23,d159,lesson_content,/course/software-engineer/days/d159/lessons/d159-learn#study,Uči / pročitaj: FSO Part3 relevant sections.,[]
p1972,"Nedelja 23: FSO Part 3: Node, Express, REST API",,,,f5,w23,d159,exercise_section,/course/software-engineer/days/d159/exercises/d159-practice,Uradi:,[]
p1973,"Nedelja 23: FSO Part 3: Node, Express, REST API",,,,f5,w23,d159,exercise_task,/course/software-engineer/days/d159/exercises/d159-practice#d159-task-01,Schema/app validation.,[]
p1974,"Nedelja 23: FSO Part 3: Node, Express, REST API",,,,f5,w23,d159,exercise_task,/course/software-engineer/days/d159/exercises/d159-practice#d159-task-02,Lint backend.,[]
p1975,"Nedelja 23: FSO Part 3: Node, Express, REST API",,,,f5,w23,d159,exercise_task,/course/software-engineer/days/d159/exercises/d159-practice#d159-task-03,Deployment po aktuelnim course opcijama samo ako ne troši disproporcionalno vreme.,[]
p1976,"Nedelja 23: FSO Part 3: Node, Express, REST API",,,,f5,w23,d159,daily_ai_policy,/course/software-engineer/days/d159#ai-policy,AI režim: AI deployment troubleshooting tek nakon logova.,[]
p1977,"Nedelja 23: FSO Part 3: Node, Express, REST API",,,,f5,w23,d159,daily_completion_criterion,/course/software-engineer/days/d159#completion,Gotovo kada: API je robustniji i konfiguracija razdvojena.,[]
p1978,"Nedelja 23: FSO Part 3: Node, Express, REST API",171,1,1,f5,w23,d160,day_heading,/course/software-engineer/days/d160,DAN 160,[]
p1979,"Nedelja 23: FSO Part 3: Node, Express, REST API",171,1,2,f5,w23,d160,day_title,/course/software-engineer/days/d160,06.02.2027 — Part3 core exercises finish,[]
p1980,"Nedelja 23: FSO Part 3: Node, Express, REST API",,,,f5,w23,d160,day_duration,/course/software-engineer/days/d160,Vreme: 180 min,[]
p1981,"Nedelja 23: FSO Part 3: Node, Express, REST API",,,,f5,w23,d160,lesson_content,/course/software-engineer/days/d160/lessons/d160-learn#study,Uči / pročitaj: FSO Part3 exercises.,[]
p1982,"Nedelja 23: FSO Part 3: Node, Express, REST API",,,,f5,w23,d160,exercise_section,/course/software-engineer/days/d160/exercises/d160-practice,Uradi:,[]
p1983,"Nedelja 23: FSO Part 3: Node, Express, REST API",,,,f5,w23,d160,exercise_task,/course/software-engineer/days/d160/exercises/d160-practice#d160-task-01,Završi phonebook backend/core set.,[]
p1984,"Nedelja 23: FSO Part 3: Node, Express, REST API",,,,f5,w23,d160,exercise_task,/course/software-engineer/days/d160/exercises/d160-practice#d160-task-02,Test endpoints.,[]
p1985,"Nedelja 23: FSO Part 3: Node, Express, REST API",,,,f5,w23,d160,exercise_task,/course/software-engineer/days/d160/exercises/d160-practice#d160-task-03,Napiši API.md sa endpointima i examples svojim rečima.,[]
p1986,"Nedelja 23: FSO Part 3: Node, Express, REST API",,,,f5,w23,d160,daily_ai_policy,/course/software-engineer/days/d160#ai-policy,AI režim: AI final API review.,[]
p1987,"Nedelja 23: FSO Part 3: Node, Express, REST API",,,,f5,w23,d160,daily_completion_criterion,/course/software-engineer/days/d160#completion,Gotovo kada: API radi end-to-end.,[]
p1988,"Nedelja 23: FSO Part 3: Node, Express, REST API",172,1,1,f5,w23,d161,day_heading,/course/software-engineer/days/d161,DAN 161,[]
p1989,"Nedelja 23: FSO Part 3: Node, Express, REST API",172,1,2,f5,w23,d161,day_title,/course/software-engineer/days/d161,07.02.2027 — Checkpoint 23,[]
p1990,"Nedelja 23: FSO Part 3: Node, Express, REST API",,,,f5,w23,d161,day_duration,/course/software-engineer/days/d161,Vreme: 90 min,[]
p1991,"Nedelja 23: FSO Part 3: Node, Express, REST API",,,,f5,w23,d161,lesson_content,/course/software-engineer/days/d161/lessons/d161-learn#study,Uči / pročitaj: Bez novih resursa.,[]
p1992,"Nedelja 23: FSO Part 3: Node, Express, REST API",,,,f5,w23,d161,exercise_section,/course/software-engineer/days/d161/exercises/d161-practice,Uradi:,[]
p1993,"Nedelja 23: FSO Part 3: Node, Express, REST API",,,,f5,w23,d161,exercise_task,/course/software-engineer/days/d161/exercises/d161-practice#d161-task-01,AI OFF: napravi Express in-memory notes API CRUD za 75 min.,[]
p1994,"Nedelja 23: FSO Part 3: Node, Express, REST API",,,,f5,w23,d161,exercise_task,/course/software-engineer/days/d161/exercises/d161-practice#d161-task-02,Central error handler.,[]
p1995,"Nedelja 23: FSO Part 3: Node, Express, REST API",,,,f5,w23,d161,exercise_task,/course/software-engineer/days/d161/exercises/d161-practice#d161-task-03,Objasni 400/404/500 razliku.,[]
p1996,"Nedelja 23: FSO Part 3: Node, Express, REST API",,,,f5,w23,d161,daily_ai_policy,/course/software-engineer/days/d161#ai-policy,AI režim: AI tek posle.,[]
p1997,"Nedelja 23: FSO Part 3: Node, Express, REST API",,,,f5,w23,d161,daily_completion_criterion,/course/software-engineer/days/d161#completion,Gotovo kada: Working API iz praznog projekta.,[]
p1999,"Nedelja 24: FSO Part 4: backend structure, testing, auth",,,,f5,w24,,week_context,/course/software-engineer/weeks/w24,"Nedelja 24: FSO Part 4: backend structure, testing, auth",[]
p2000,"Nedelja 24: FSO Part 4: backend structure, testing, auth",,,,f5,w24,,week_context,/course/software-engineer/weeks/w24,08.02.2027 – 14.02.2027  |  FAZA 5 — Moderni full stack,[]
p2001,"Nedelja 24: FSO Part 4: backend structure, testing, auth",,,,f5,w24,,week_context,/course/software-engineer/weeks/w24,Cilj nedelje: Preći sa “radi mi API” na testabilan i bezbedniji backend.,[]
p2002,"Nedelja 24: FSO Part 4: backend structure, testing, auth",,,,f5,w24,,week_context,/course/software-engineer/weeks/w24,Primarni resursi: Full Stack Open Part 4,[]
p2003,"Nedelja 24: FSO Part 4: backend structure, testing, auth",173,1,1,f5,w24,d162,day_heading,/course/software-engineer/days/d162,DAN 162,[]
p2004,"Nedelja 24: FSO Part 4: backend structure, testing, auth",173,1,2,f5,w24,d162,day_title,/course/software-engineer/days/d162,08.02.2027 — Backend structure,[]
p2005,"Nedelja 24: FSO Part 4: backend structure, testing, auth",,,,f5,w24,d162,day_duration,/course/software-engineer/days/d162,Vreme: 120 min,[]
p2006,"Nedelja 24: FSO Part 4: backend structure, testing, auth",,,,f5,w24,d162,lesson_content,/course/software-engineer/days/d162/lessons/d162-learn#study,Uči / pročitaj: FSO Part4: Structure of backend application.,[]
p2007,"Nedelja 24: FSO Part 4: backend structure, testing, auth",,,,f5,w24,d162,exercise_section,/course/software-engineer/days/d162/exercises/d162-practice,Uradi:,[]
p2008,"Nedelja 24: FSO Part 4: backend structure, testing, auth",,,,f5,w24,d162,exercise_task,/course/software-engineer/days/d162/exercises/d162-practice#d162-task-01,Razdvoji app/server/controllers/models/utils.,[]
p2009,"Nedelja 24: FSO Part 4: backend structure, testing, auth",,,,f5,w24,d162,exercise_task,/course/software-engineer/days/d162/exercises/d162-practice#d162-task-02,Objasni zašto test importuje app bez listen.,[]
p2010,"Nedelja 24: FSO Part 4: backend structure, testing, auth",,,,f5,w24,d162,exercise_task,/course/software-engineer/days/d162/exercises/d162-practice#d162-task-03,Refactor postojeći backend.,[]
p2011,"Nedelja 24: FSO Part 4: backend structure, testing, auth",,,,f5,w24,d162,daily_ai_policy,/course/software-engineer/days/d162#ai-policy,AI režim: AI architecture reviewer.,[]
p2012,"Nedelja 24: FSO Part 4: backend structure, testing, auth",,,,f5,w24,d162,daily_completion_criterion,/course/software-engineer/days/d162#completion,"Gotovo kada: Folder structure ima razlog, ne ceremonial complexity.",[]
p2013,"Nedelja 24: FSO Part 4: backend structure, testing, auth",174,1,1,f5,w24,d163,day_heading,/course/software-engineer/days/d163,DAN 163,[]
p2014,"Nedelja 24: FSO Part 4: backend structure, testing, auth",174,1,2,f5,w24,d163,day_title,/course/software-engineer/days/d163,09.02.2027 — Backend unit/integration tests,[]
p2015,"Nedelja 24: FSO Part 4: backend structure, testing, auth",,,,f5,w24,d163,day_duration,/course/software-engineer/days/d163,Vreme: 120 min,[]
p2016,"Nedelja 24: FSO Part 4: backend structure, testing, auth",,,,f5,w24,d163,lesson_content,/course/software-engineer/days/d163/lessons/d163-learn#study,Uči / pročitaj: FSO Part4 testing sections.,[]
p2017,"Nedelja 24: FSO Part 4: backend structure, testing, auth",,,,f5,w24,d163,exercise_section,/course/software-engineer/days/d163/exercises/d163-practice,Uradi:,[]
p2018,"Nedelja 24: FSO Part 4: backend structure, testing, auth",,,,f5,w24,d163,exercise_task,/course/software-engineer/days/d163/exercises/d163-practice#d163-task-01,Setup test runner prema kursu.,[]
p2019,"Nedelja 24: FSO Part 4: backend structure, testing, auth",,,,f5,w24,d163,exercise_task,/course/software-engineer/days/d163/exercises/d163-practice#d163-task-02,Test helper functions.,[]
p2020,"Nedelja 24: FSO Part 4: backend structure, testing, auth",,,,f5,w24,d163,exercise_task,/course/software-engineer/days/d163/exercises/d163-practice#d163-task-03,API test za GET/POST/error.,[]
p2021,"Nedelja 24: FSO Part 4: backend structure, testing, auth",,,,f5,w24,d163,daily_ai_policy,/course/software-engineer/days/d163#ai-policy,AI režim: AI test gap reviewer.,[]
p2022,"Nedelja 24: FSO Part 4: backend structure, testing, auth",,,,f5,w24,d163,daily_completion_criterion,/course/software-engineer/days/d163#completion,Gotovo kada: Testovi mogu da uhvate namerno uveden bug.,[]
p2023,"Nedelja 24: FSO Part 4: backend structure, testing, auth",175,1,1,f5,w24,d164,day_heading,/course/software-engineer/days/d164,DAN 164,[]
p2024,"Nedelja 24: FSO Part 4: backend structure, testing, auth",175,1,2,f5,w24,d164,day_title,/course/software-engineer/days/d164,10.02.2027 — Test database + isolation,[]
p2025,"Nedelja 24: FSO Part 4: backend structure, testing, auth",,,,f5,w24,d164,day_duration,/course/software-engineer/days/d164,Vreme: 120 min,[]
p2026,"Nedelja 24: FSO Part 4: backend structure, testing, auth",,,,f5,w24,d164,lesson_content,/course/software-engineer/days/d164/lessons/d164-learn#study,Uči / pročitaj: FSO Part4 relevant test DB setup.,[]
p2027,"Nedelja 24: FSO Part 4: backend structure, testing, auth",,,,f5,w24,d164,exercise_section,/course/software-engineer/days/d164/exercises/d164-practice,Uradi:,[]
p2028,"Nedelja 24: FSO Part 4: backend structure, testing, auth",,,,f5,w24,d164,exercise_task,/course/software-engineer/days/d164/exercises/d164-practice#d164-task-01,Reset DB pre testa.,[]
p2029,"Nedelja 24: FSO Part 4: backend structure, testing, auth",,,,f5,w24,d164,exercise_task,/course/software-engineer/days/d164/exercises/d164-practice#d164-task-02,Deterministic fixtures.,[]
p2030,"Nedelja 24: FSO Part 4: backend structure, testing, auth",,,,f5,w24,d164,exercise_task,/course/software-engineer/days/d164/exercises/d164-practice#d164-task-03,"Test response body i status, ne samo “200”.",[]
p2031,"Nedelja 24: FSO Part 4: backend structure, testing, auth",,,,f5,w24,d164,daily_ai_policy,/course/software-engineer/days/d164#ai-policy,AI režim: AI review flaky-test risks.,[]
p2032,"Nedelja 24: FSO Part 4: backend structure, testing, auth",,,,f5,w24,d164,daily_completion_criterion,/course/software-engineer/days/d164#completion,Gotovo kada: Testovi su repeatable.,[]
p2033,"Nedelja 24: FSO Part 4: backend structure, testing, auth",176,1,1,f5,w24,d165,day_heading,/course/software-engineer/days/d165,DAN 165,[]
p2034,"Nedelja 24: FSO Part 4: backend structure, testing, auth",176,1,2,f5,w24,d165,day_title,/course/software-engineer/days/d165,11.02.2027 — Users/password hashing,[]
p2035,"Nedelja 24: FSO Part 4: backend structure, testing, auth",,,,f5,w24,d165,day_duration,/course/software-engineer/days/d165,Vreme: 120 min,[]
p2036,"Nedelja 24: FSO Part 4: backend structure, testing, auth",,,,f5,w24,d165,lesson_content,/course/software-engineer/days/d165/lessons/d165-learn#study,Uči / pročitaj: FSO Part4 user administration.,[]
p2037,"Nedelja 24: FSO Part 4: backend structure, testing, auth",,,,f5,w24,d165,exercise_section,/course/software-engineer/days/d165/exercises/d165-practice,Uradi:,[]
p2038,"Nedelja 24: FSO Part 4: backend structure, testing, auth",,,,f5,w24,d165,exercise_task,/course/software-engineer/days/d165/exercises/d165-practice#d165-task-01,User model.,[]
p2039,"Nedelja 24: FSO Part 4: backend structure, testing, auth",,,,f5,w24,d165,exercise_task,/course/software-engineer/days/d165/exercises/d165-practice#d165-task-02,Hash password koristeći course-recommended library.,[]
p2040,"Nedelja 24: FSO Part 4: backend structure, testing, auth",,,,f5,w24,d165,exercise_task,/course/software-engineer/days/d165/exercises/d165-practice#d165-task-03,Nikada ne vraćaj password hash u API response bez razloga.,[]
p2041,"Nedelja 24: FSO Part 4: backend structure, testing, auth",,,,f5,w24,d165,daily_ai_policy,/course/software-engineer/days/d165#ai-policy,AI režim: AI security reviewer na visokom nivou.,[]
p2042,"Nedelja 24: FSO Part 4: backend structure, testing, auth",,,,f5,w24,d165,daily_completion_criterion,/course/software-engineer/days/d165#completion,Gotovo kada: User creation validira username/password i ne čuva plain text.,[]
p2043,"Nedelja 24: FSO Part 4: backend structure, testing, auth",177,1,1,f5,w24,d166,day_heading,/course/software-engineer/days/d166,DAN 166,[]
p2044,"Nedelja 24: FSO Part 4: backend structure, testing, auth",177,1,2,f5,w24,d166,day_title,/course/software-engineer/days/d166,12.02.2027 — Token auth,[]
p2045,"Nedelja 24: FSO Part 4: backend structure, testing, auth",,,,f5,w24,d166,day_duration,/course/software-engineer/days/d166,Vreme: 120 min,[]
p2046,"Nedelja 24: FSO Part 4: backend structure, testing, auth",,,,f5,w24,d166,lesson_content,/course/software-engineer/days/d166/lessons/d166-learn#study,Uči / pročitaj: FSO Part4 token authentication.,[]
p2047,"Nedelja 24: FSO Part 4: backend structure, testing, auth",,,,f5,w24,d166,exercise_section,/course/software-engineer/days/d166/exercises/d166-practice,Uradi:,[]
p2048,"Nedelja 24: FSO Part 4: backend structure, testing, auth",,,,f5,w24,d166,exercise_task,/course/software-engineer/days/d166/exercises/d166-practice#d166-task-01,Login endpoint.,[]
p2049,"Nedelja 24: FSO Part 4: backend structure, testing, auth",,,,f5,w24,d166,exercise_task,/course/software-engineer/days/d166/exercises/d166-practice#d166-task-02,Protected create/delete.,[]
p2050,"Nedelja 24: FSO Part 4: backend structure, testing, auth",,,,f5,w24,d166,exercise_task,/course/software-engineer/days/d166/exercises/d166-practice#d166-task-03,Extract token middleware.,[]
p2051,"Nedelja 24: FSO Part 4: backend structure, testing, auth",,,,f5,w24,d166,daily_ai_policy,/course/software-engineer/days/d166#ai-policy,AI režim: AI threat-model pitanja; ne improvizuj crypto.,[]
p2052,"Nedelja 24: FSO Part 4: backend structure, testing, auth",,,,f5,w24,d166,daily_completion_criterion,/course/software-engineer/days/d166#completion,Gotovo kada: Auth flow radi i možeš ga nacrtati.,[]
p2053,"Nedelja 24: FSO Part 4: backend structure, testing, auth",178,1,1,f5,w24,d167,day_heading,/course/software-engineer/days/d167,DAN 167,[]
p2054,"Nedelja 24: FSO Part 4: backend structure, testing, auth",178,1,2,f5,w24,d167,day_title,/course/software-engineer/days/d167,13.02.2027 — Part4 exercises finish,[]
p2055,"Nedelja 24: FSO Part 4: backend structure, testing, auth",,,,f5,w24,d167,day_duration,/course/software-engineer/days/d167,Vreme: 180 min,[]
p2056,"Nedelja 24: FSO Part 4: backend structure, testing, auth",,,,f5,w24,d167,lesson_content,/course/software-engineer/days/d167/lessons/d167-learn#study,Uči / pročitaj: FSO Part4 core exercises.,[]
p2057,"Nedelja 24: FSO Part 4: backend structure, testing, auth",,,,f5,w24,d167,exercise_section,/course/software-engineer/days/d167/exercises/d167-practice,Uradi:,[]
p2058,"Nedelja 24: FSO Part 4: backend structure, testing, auth",,,,f5,w24,d167,exercise_task,/course/software-engineer/days/d167/exercises/d167-practice#d167-task-01,Završi relevantne blog list/auth/test exercises.,[]
p2059,"Nedelja 24: FSO Part 4: backend structure, testing, auth",,,,f5,w24,d167,exercise_task,/course/software-engineer/days/d167/exercises/d167-practice#d167-task-02,Refactor nakon zelenih testova.,[]
p2060,"Nedelja 24: FSO Part 4: backend structure, testing, auth",,,,f5,w24,d167,exercise_task,/course/software-engineer/days/d167/exercises/d167-practice#d167-task-03,Napiši AUTH-FLOW.md.,[]
p2061,"Nedelja 24: FSO Part 4: backend structure, testing, auth",,,,f5,w24,d167,daily_ai_policy,/course/software-engineer/days/d167#ai-policy,AI režim: AI final reviewer.,[]
p2062,"Nedelja 24: FSO Part 4: backend structure, testing, auth",,,,f5,w24,d167,daily_completion_criterion,/course/software-engineer/days/d167#completion,Gotovo kada: Core auth + tests stabilni.,[]
p2063,"Nedelja 24: FSO Part 4: backend structure, testing, auth",179,1,1,f5,w24,d168,day_heading,/course/software-engineer/days/d168,DAN 168,[]
p2064,"Nedelja 24: FSO Part 4: backend structure, testing, auth",179,1,2,f5,w24,d168,day_title,/course/software-engineer/days/d168,14.02.2027 — Checkpoint 24,[]
p2065,"Nedelja 24: FSO Part 4: backend structure, testing, auth",,,,f5,w24,d168,day_duration,/course/software-engineer/days/d168,Vreme: 90 min,[]
p2066,"Nedelja 24: FSO Part 4: backend structure, testing, auth",,,,f5,w24,d168,lesson_content,/course/software-engineer/days/d168/lessons/d168-learn#study,Uči / pročitaj: Bez novih resursa.,[]
p2067,"Nedelja 24: FSO Part 4: backend structure, testing, auth",,,,f5,w24,d168,exercise_section,/course/software-engineer/days/d168/exercises/d168-practice,Uradi:,[]
p2068,"Nedelja 24: FSO Part 4: backend structure, testing, auth",,,,f5,w24,d168,exercise_task,/course/software-engineer/days/d168/exercises/d168-practice#d168-task-01,AI OFF: nacrtaj auth flow client→login→token→protected request.,[]
p2069,"Nedelja 24: FSO Part 4: backend structure, testing, auth",,,,f5,w24,d168,exercise_task,/course/software-engineer/days/d168/exercises/d168-practice#d168-task-02,Napiši 5 security failure scenarija.,[]
p2070,"Nedelja 24: FSO Part 4: backend structure, testing, auth",,,,f5,w24,d168,exercise_task,/course/software-engineer/days/d168/exercises/d168-practice#d168-task-03,Implementiraj jednu protected route u mini app ili test.,[]
p2071,"Nedelja 24: FSO Part 4: backend structure, testing, auth",,,,f5,w24,d168,daily_ai_policy,/course/software-engineer/days/d168#ai-policy,AI režim: AI tek na kraju.,[]
p2072,"Nedelja 24: FSO Part 4: backend structure, testing, auth",,,,f5,w24,d168,daily_completion_criterion,/course/software-engineer/days/d168#completion,Gotovo kada: Razumeš flow; ne tretiraš JWT kao “magic string”.,[]
p2074,"Nedelja 25: FSO Part 5: frontend auth, testing i kvalitet",,,,f5,w25,,week_context,/course/software-engineer/weeks/w25,"Nedelja 25: FSO Part 5: frontend auth, testing i kvalitet",[]
p2075,"Nedelja 25: FSO Part 5: frontend auth, testing i kvalitet",,,,f5,w25,,week_context,/course/software-engineer/weeks/w25,15.02.2027 – 21.02.2027  |  FAZA 5 — Moderni full stack,[]
p2076,"Nedelja 25: FSO Part 5: frontend auth, testing i kvalitet",,,,f5,w25,,week_context,/course/software-engineer/weeks/w25,Cilj nedelje: Spojiti frontend/backend i razviti naviku testiranja ponašanja.,[]
p2077,"Nedelja 25: FSO Part 5: frontend auth, testing i kvalitet",,,,f5,w25,,week_context,/course/software-engineer/weeks/w25,Primarni resursi: Full Stack Open Part 5,[]
p2078,"Nedelja 25: FSO Part 5: frontend auth, testing i kvalitet",180,1,1,f5,w25,d169,day_heading,/course/software-engineer/days/d169,DAN 169,[]
p2079,"Nedelja 25: FSO Part 5: frontend auth, testing i kvalitet",180,1,2,f5,w25,d169,day_title,/course/software-engineer/days/d169,15.02.2027 — Frontend login,[]
p2080,"Nedelja 25: FSO Part 5: frontend auth, testing i kvalitet",,,,f5,w25,d169,day_duration,/course/software-engineer/days/d169,Vreme: 120 min,[]
p2081,"Nedelja 25: FSO Part 5: frontend auth, testing i kvalitet",,,,f5,w25,d169,lesson_content,/course/software-engineer/days/d169/lessons/d169-learn#study,Uči / pročitaj: FSO Part5 login frontend.,[]
p2082,"Nedelja 25: FSO Part 5: frontend auth, testing i kvalitet",,,,f5,w25,d169,exercise_section,/course/software-engineer/days/d169/exercises/d169-practice,Uradi:,[]
p2083,"Nedelja 25: FSO Part 5: frontend auth, testing i kvalitet",,,,f5,w25,d169,exercise_task,/course/software-engineer/days/d169/exercises/d169-practice#d169-task-01,Login form.,[]
p2084,"Nedelja 25: FSO Part 5: frontend auth, testing i kvalitet",,,,f5,w25,d169,exercise_task,/course/software-engineer/days/d169/exercises/d169-practice#d169-task-02,Token persistence prema course patternu.,[]
p2085,"Nedelja 25: FSO Part 5: frontend auth, testing i kvalitet",,,,f5,w25,d169,exercise_task,/course/software-engineer/days/d169/exercises/d169-practice#d169-task-03,API service auth header.,[]
p2086,"Nedelja 25: FSO Part 5: frontend auth, testing i kvalitet",,,,f5,w25,d169,daily_ai_policy,/course/software-engineer/days/d169#ai-policy,AI režim: AI reviewer data flow/security basics.,[]
p2087,"Nedelja 25: FSO Part 5: frontend auth, testing i kvalitet",,,,f5,w25,d169,daily_completion_criterion,/course/software-engineer/days/d169#completion,Gotovo kada: Login survives intended session behavior i logout radi.,[]
p2088,"Nedelja 25: FSO Part 5: frontend auth, testing i kvalitet",181,1,1,f5,w25,d170,day_heading,/course/software-engineer/days/d170,DAN 170,[]
p2089,"Nedelja 25: FSO Part 5: frontend auth, testing i kvalitet",181,1,2,f5,w25,d170,day_title,/course/software-engineer/days/d170,16.02.2027 — Frontend architecture,[]
p2090,"Nedelja 25: FSO Part 5: frontend auth, testing i kvalitet",,,,f5,w25,d170,day_duration,/course/software-engineer/days/d170,Vreme: 120 min,[]
p2091,"Nedelja 25: FSO Part 5: frontend auth, testing i kvalitet",,,,f5,w25,d170,lesson_content,/course/software-engineer/days/d170/lessons/d170-learn#study,Uči / pročitaj: FSO Part5 props/state patterns.,[]
p2092,"Nedelja 25: FSO Part 5: frontend auth, testing i kvalitet",,,,f5,w25,d170,exercise_section,/course/software-engineer/days/d170/exercises/d170-practice,Uradi:,[]
p2093,"Nedelja 25: FSO Part 5: frontend auth, testing i kvalitet",,,,f5,w25,d170,exercise_task,/course/software-engineer/days/d170/exercises/d170-practice#d170-task-01,Razdvoji login/app/notification components.,[]
p2094,"Nedelja 25: FSO Part 5: frontend auth, testing i kvalitet",,,,f5,w25,d170,exercise_task,/course/software-engineer/days/d170/exercises/d170-practice#d170-task-02,Izbegni prop chaos gde može jednostavnije.,[]
p2095,"Nedelja 25: FSO Part 5: frontend auth, testing i kvalitet",,,,f5,w25,d170,exercise_task,/course/software-engineer/days/d170/exercises/d170-practice#d170-task-03,Nacrtaj frontend data flow.,[]
p2096,"Nedelja 25: FSO Part 5: frontend auth, testing i kvalitet",,,,f5,w25,d170,daily_ai_policy,/course/software-engineer/days/d170#ai-policy,"AI režim: AI reviewer, bez premature Context/Redux ako kurs ne traži.",[]
p2097,"Nedelja 25: FSO Part 5: frontend auth, testing i kvalitet",,,,f5,w25,d170,daily_completion_criterion,/course/software-engineer/days/d170#completion,Gotovo kada: Komponente ostaju razumljive.,[]
p2098,"Nedelja 25: FSO Part 5: frontend auth, testing i kvalitet",182,1,1,f5,w25,d171,day_heading,/course/software-engineer/days/d171,DAN 171,[]
p2099,"Nedelja 25: FSO Part 5: frontend auth, testing i kvalitet",182,1,2,f5,w25,d171,day_title,/course/software-engineer/days/d171,17.02.2027 — Component testing,[]
p2100,"Nedelja 25: FSO Part 5: frontend auth, testing i kvalitet",,,,f5,w25,d171,day_duration,/course/software-engineer/days/d171,Vreme: 120 min,[]
p2101,"Nedelja 25: FSO Part 5: frontend auth, testing i kvalitet",,,,f5,w25,d171,lesson_content,/course/software-engineer/days/d171/lessons/d171-learn#study,Uči / pročitaj: FSO Part5 testing React apps.,[]
p2102,"Nedelja 25: FSO Part 5: frontend auth, testing i kvalitet",,,,f5,w25,d171,exercise_section,/course/software-engineer/days/d171/exercises/d171-practice,Uradi:,[]
p2103,"Nedelja 25: FSO Part 5: frontend auth, testing i kvalitet",,,,f5,w25,d171,exercise_task,/course/software-engineer/days/d171/exercises/d171-practice#d171-task-01,Test render i user interaction.,[]
p2104,"Nedelja 25: FSO Part 5: frontend auth, testing i kvalitet",,,,f5,w25,d171,exercise_task,/course/software-engineer/days/d171/exercises/d171-practice#d171-task-02,Test da submit zove handler sa pravim podacima.,[]
p2105,"Nedelja 25: FSO Part 5: frontend auth, testing i kvalitet",,,,f5,w25,d171,exercise_task,/course/software-engineer/days/d171/exercises/d171-practice#d171-task-03,Ne testiraj implementation details bez potrebe.,[]
p2106,"Nedelja 25: FSO Part 5: frontend auth, testing i kvalitet",,,,f5,w25,d171,daily_ai_policy,/course/software-engineer/days/d171#ai-policy,AI režim: AI test quality reviewer.,[]
p2107,"Nedelja 25: FSO Part 5: frontend auth, testing i kvalitet",,,,f5,w25,d171,daily_completion_criterion,/course/software-engineer/days/d171#completion,Gotovo kada: Testovi opisuju behavior.,[]
p2108,"Nedelja 25: FSO Part 5: frontend auth, testing i kvalitet",183,1,1,f5,w25,d172,day_heading,/course/software-engineer/days/d172,DAN 172,[]
p2109,"Nedelja 25: FSO Part 5: frontend auth, testing i kvalitet",183,1,2,f5,w25,d172,day_title,/course/software-engineer/days/d172,18.02.2027 — End-to-end testing,[]
p2110,"Nedelja 25: FSO Part 5: frontend auth, testing i kvalitet",,,,f5,w25,d172,day_duration,/course/software-engineer/days/d172,Vreme: 120 min,[]
p2111,"Nedelja 25: FSO Part 5: frontend auth, testing i kvalitet",,,,f5,w25,d172,lesson_content,/course/software-engineer/days/d172/lessons/d172-learn#study,Uči / pročitaj: FSO Part5 E2E section prema aktuelnom alatu.,[]
p2112,"Nedelja 25: FSO Part 5: frontend auth, testing i kvalitet",,,,f5,w25,d172,exercise_section,/course/software-engineer/days/d172/exercises/d172-practice,Uradi:,[]
p2113,"Nedelja 25: FSO Part 5: frontend auth, testing i kvalitet",,,,f5,w25,d172,exercise_task,/course/software-engineer/days/d172/exercises/d172-practice#d172-task-01,Setup course-recommended E2E tool.,[]
p2114,"Nedelja 25: FSO Part 5: frontend auth, testing i kvalitet",,,,f5,w25,d172,exercise_task,/course/software-engineer/days/d172/exercises/d172-practice#d172-task-02,Test login + create + like/delete ili analogni flow.,[]
p2115,"Nedelja 25: FSO Part 5: frontend auth, testing i kvalitet",,,,f5,w25,d172,exercise_task,/course/software-engineer/days/d172/exercises/d172-practice#d172-task-03,Reset test state.,[]
p2116,"Nedelja 25: FSO Part 5: frontend auth, testing i kvalitet",,,,f5,w25,d172,daily_ai_policy,/course/software-engineer/days/d172#ai-policy,AI režim: AI troubleshooting samo uz log/error koji ti prvo protumačiš.,[]
p2117,"Nedelja 25: FSO Part 5: frontend auth, testing i kvalitet",,,,f5,w25,d172,daily_completion_criterion,/course/software-engineer/days/d172#completion,Gotovo kada: Jedan kompletan E2E flow radi pouzdano.,[]
p2118,"Nedelja 25: FSO Part 5: frontend auth, testing i kvalitet",184,1,1,f5,w25,d173,day_heading,/course/software-engineer/days/d173,DAN 173,[]
p2119,"Nedelja 25: FSO Part 5: frontend auth, testing i kvalitet",184,1,2,f5,w25,d173,day_title,/course/software-engineer/days/d173,19.02.2027 — Integration day,[]
p2120,"Nedelja 25: FSO Part 5: frontend auth, testing i kvalitet",,,,f5,w25,d173,day_duration,/course/software-engineer/days/d173,Vreme: 120 min,[]
p2121,"Nedelja 25: FSO Part 5: frontend auth, testing i kvalitet",,,,f5,w25,d173,lesson_content,/course/software-engineer/days/d173/lessons/d173-learn#study,Uči / pročitaj: Spoji React frontend sa Part4 backendom.,[]
p2122,"Nedelja 25: FSO Part 5: frontend auth, testing i kvalitet",,,,f5,w25,d173,exercise_section,/course/software-engineer/days/d173/exercises/d173-practice,Uradi:,[]
p2123,"Nedelja 25: FSO Part 5: frontend auth, testing i kvalitet",,,,f5,w25,d173,exercise_task,/course/software-engineer/days/d173/exercises/d173-practice#d173-task-01,CORS/config.,[]
p2124,"Nedelja 25: FSO Part 5: frontend auth, testing i kvalitet",,,,f5,w25,d173,exercise_task,/course/software-engineer/days/d173/exercises/d173-practice#d173-task-02,Loading/error/empty states.,[]
p2125,"Nedelja 25: FSO Part 5: frontend auth, testing i kvalitet",,,,f5,w25,d173,exercise_task,/course/software-engineer/days/d173/exercises/d173-practice#d173-task-03,Happy path + failure path ručno.,[]
p2126,"Nedelja 25: FSO Part 5: frontend auth, testing i kvalitet",,,,f5,w25,d173,daily_ai_policy,/course/software-engineer/days/d173#ai-policy,AI režim: AI QA reviewer.,[]
p2127,"Nedelja 25: FSO Part 5: frontend auth, testing i kvalitet",,,,f5,w25,d173,daily_completion_criterion,/course/software-engineer/days/d173#completion,Gotovo kada: End-to-end aplikacija radi lokalno.,[]
p2128,"Nedelja 25: FSO Part 5: frontend auth, testing i kvalitet",185,1,1,f5,w25,d174,day_heading,/course/software-engineer/days/d174,DAN 174,[]
p2129,"Nedelja 25: FSO Part 5: frontend auth, testing i kvalitet",185,1,2,f5,w25,d174,day_title,/course/software-engineer/days/d174,20.02.2027 — Part5 finish + cleanup,[]
p2130,"Nedelja 25: FSO Part 5: frontend auth, testing i kvalitet",,,,f5,w25,d174,day_duration,/course/software-engineer/days/d174,Vreme: 180 min,[]
p2131,"Nedelja 25: FSO Part 5: frontend auth, testing i kvalitet",,,,f5,w25,d174,lesson_content,/course/software-engineer/days/d174/lessons/d174-learn#study,Uči / pročitaj: Završi core exercises u ciljnom opsegu.,[]
p2132,"Nedelja 25: FSO Part 5: frontend auth, testing i kvalitet",,,,f5,w25,d174,exercise_section,/course/software-engineer/days/d174/exercises/d174-practice,Uradi:,[]
p2133,"Nedelja 25: FSO Part 5: frontend auth, testing i kvalitet",,,,f5,w25,d174,exercise_task,/course/software-engineer/days/d174/exercises/d174-practice#d174-task-01,Run all tests.,[]
p2134,"Nedelja 25: FSO Part 5: frontend auth, testing i kvalitet",,,,f5,w25,d174,exercise_task,/course/software-engineer/days/d174/exercises/d174-practice#d174-task-02,Ukloni dead code/console noise.,[]
p2135,"Nedelja 25: FSO Part 5: frontend auth, testing i kvalitet",,,,f5,w25,d174,exercise_task,/course/software-engineer/days/d174/exercises/d174-practice#d174-task-03,"README: setup, env vars, commands, architecture.",[]
p2136,"Nedelja 25: FSO Part 5: frontend auth, testing i kvalitet",,,,f5,w25,d174,daily_ai_policy,/course/software-engineer/days/d174#ai-policy,AI režim: AI release reviewer.,[]
p2137,"Nedelja 25: FSO Part 5: frontend auth, testing i kvalitet",,,,f5,w25,d174,daily_completion_criterion,/course/software-engineer/days/d174#completion,Gotovo kada: Repo može druga osoba da pokrene iz README-a.,[]
p2138,"Nedelja 25: FSO Part 5: frontend auth, testing i kvalitet",186,1,1,f5,w25,d175,day_heading,/course/software-engineer/days/d175,DAN 175,[]
p2139,"Nedelja 25: FSO Part 5: frontend auth, testing i kvalitet",186,1,2,f5,w25,d175,day_title,/course/software-engineer/days/d175,21.02.2027 — Checkpoint 25 — full-stack gate,[]
p2140,"Nedelja 25: FSO Part 5: frontend auth, testing i kvalitet",,,,f5,w25,d175,day_duration,/course/software-engineer/days/d175,Vreme: 90 min,[]
p2141,"Nedelja 25: FSO Part 5: frontend auth, testing i kvalitet",,,,f5,w25,d175,lesson_content,/course/software-engineer/days/d175/lessons/d175-learn#study,Uči / pročitaj: Bez novih resursa.,[]
p2142,"Nedelja 25: FSO Part 5: frontend auth, testing i kvalitet",,,,f5,w25,d175,exercise_section,/course/software-engineer/days/d175/exercises/d175-practice,Uradi:,[]
p2143,"Nedelja 25: FSO Part 5: frontend auth, testing i kvalitet",,,,f5,w25,d175,exercise_task,/course/software-engineer/days/d175/exercises/d175-practice#d175-task-01,AI OFF 90 min: nacrtaj i objasni kompletan request za “create protected resource” od click-a do DB-a i nazad.,[]
p2144,"Nedelja 25: FSO Part 5: frontend auth, testing i kvalitet",,,,f5,w25,d175,exercise_task,/course/software-engineer/days/d175/exercises/d175-practice#d175-task-02,Lociraj gde ide validation/auth/error handling.,[]
p2145,"Nedelja 25: FSO Part 5: frontend auth, testing i kvalitet",,,,f5,w25,d175,exercise_task,/course/software-engineer/days/d175/exercises/d175-practice#d175-task-03,Napiši 10 pitanja koja bi postavio na code review-u.,[]
p2146,"Nedelja 25: FSO Part 5: frontend auth, testing i kvalitet",,,,f5,w25,d175,daily_ai_policy,/course/software-engineer/days/d175#ai-policy,AI režim: AI ocenjuje explanation depth.,[]
p2147,"Nedelja 25: FSO Part 5: frontend auth, testing i kvalitet",,,,f5,w25,d175,daily_completion_criterion,/course/software-engineer/days/d175#completion,Gotovo kada: Možeš objasniti ceo stack bez “React/Express magije”.,[]
p2149,Nedelja 26: Capstone + završni test: DevTrack,,,,f6,w26,,week_context,/course/software-engineer/weeks/w26,Nedelja 26: Capstone + završni test: DevTrack,[]
p2150,Nedelja 26: Capstone + završni test: DevTrack,,,,f6,w26,,week_context,/course/software-engineer/weeks/w26,22.02.2027 – 28.02.2027  |  FAZA 6 — Samostalni software engineer,[]
p2151,Nedelja 26: Capstone + završni test: DevTrack,,,,f6,w26,,week_context,/course/software-engineer/weeks/w26,"Cilj nedelje: Dokazati da od praznog repozitorijuma umeš sam da dizajniraš, implementiraš, testiraš i objasniš sistem.",[]
p2152,Nedelja 26: Capstone + završni test: DevTrack,,,,f6,w26,,week_context,/course/software-engineer/weeks/w26,"Primarni resursi: Dokumentacija po potrebi, Tvoji prethodni projekti/notes, AI samo nakon samostalnog pokušaja",[]
p2153,Nedelja 26: Capstone + završni test: DevTrack,187,1,1,f6,w26,,week_context,/course/software-engineer/weeks/w26,"Faza signal
Capstone nije tutorial project. Dokumentacija i AI review su dozvoljeni, ali ti si autor arhitekture i business logike.",[]
p2155,Nedelja 26: Capstone + završni test: DevTrack,188,1,1,f6,w26,d176,day_heading,/course/software-engineer/days/d176,DAN 176,[]
p2156,Nedelja 26: Capstone + završni test: DevTrack,188,1,2,f6,w26,d176,day_title,/course/software-engineer/days/d176,22.02.2027 — Capstone spec: DevTrack,[]
p2157,Nedelja 26: Capstone + završni test: DevTrack,,,,f6,w26,d176,day_duration,/course/software-engineer/days/d176,Vreme: 120 min,[]
p2158,Nedelja 26: Capstone + završni test: DevTrack,,,,f6,w26,d176,lesson_content,/course/software-engineer/days/d176/lessons/d176-learn#study,Uči / pročitaj: Bez tutoriala. Koristi dokumentaciju po potrebi.,[]
p2159,Nedelja 26: Capstone + završni test: DevTrack,,,,f6,w26,d176,exercise_section,/course/software-engineer/days/d176/exercises/d176-practice,Uradi:,[]
p2160,Nedelja 26: Capstone + završni test: DevTrack,,,,f6,w26,d176,exercise_task,/course/software-engineer/days/d176/exercises/d176-practice#d176-task-01,Problem: full-stack issue/task tracker za projekte.,[]
p2161,Nedelja 26: Capstone + završni test: DevTrack,,,,f6,w26,d176,exercise_task,/course/software-engineer/days/d176/exercises/d176-practice#d176-task-02,"Entiteti minimum: User, Project, Task/Issue; status, priority, assignee, timestamps.",[]
p2162,Nedelja 26: Capstone + završni test: DevTrack,,,,f6,w26,d176,exercise_task,/course/software-engineer/days/d176/exercises/d176-practice#d176-task-03,"Napiši user stories, API endpoints, DB schema, validation, auth flow, test plan.",[]
p2163,Nedelja 26: Capstone + završni test: DevTrack,,,,f6,w26,d176,daily_ai_policy,/course/software-engineer/days/d176#ai-policy,AI režim: AI je product/architecture reviewer. NE piše kod. Neka napada nejasne requirements i edge cases.,[]
p2164,Nedelja 26: Capstone + završni test: DevTrack,,,,f6,w26,d176,daily_completion_criterion,/course/software-engineer/days/d176#completion,"Gotovo kada: SPEC.md, ER diagram/skica, API.md i task breakdown postoje.",[]
p2165,Nedelja 26: Capstone + završni test: DevTrack,189,1,1,f6,w26,d177,day_heading,/course/software-engineer/days/d177,DAN 177,[]
p2166,Nedelja 26: Capstone + završni test: DevTrack,189,1,2,f6,w26,d177,day_title,/course/software-engineer/days/d177,23.02.2027 — Backend core,[]
p2167,Nedelja 26: Capstone + završni test: DevTrack,,,,f6,w26,d177,day_duration,/course/software-engineer/days/d177,Vreme: 120 min,[]
p2168,Nedelja 26: Capstone + završni test: DevTrack,,,,f6,w26,d177,lesson_content,/course/software-engineer/days/d177/lessons/d177-learn#study,Uči / pročitaj: Dokumentacija + tvoje prethodne beleške.,[]
p2169,Nedelja 26: Capstone + završni test: DevTrack,,,,f6,w26,d177,exercise_section,/course/software-engineer/days/d177/exercises/d177-practice,Uradi:,[]
p2170,Nedelja 26: Capstone + završni test: DevTrack,,,,f6,w26,d177,exercise_task,/course/software-engineer/days/d177/exercises/d177-practice#d177-task-01,Setup Node/Express.,[]
p2171,Nedelja 26: Capstone + završni test: DevTrack,,,,f6,w26,d177,exercise_task,/course/software-engineer/days/d177/exercises/d177-practice#d177-task-02,Auth + Project/Task CRUD.,[]
p2172,Nedelja 26: Capstone + završni test: DevTrack,,,,f6,w26,d177,exercise_task,/course/software-engineer/days/d177/exercises/d177-practice#d177-task-03,"Persistence: koristi DB koju razumeš; preporuka PostgreSQL ako si spreman, inače kursni DB uz jasan razlog.",[]
p2173,Nedelja 26: Capstone + završni test: DevTrack,,,,f6,w26,d177,daily_ai_policy,/course/software-engineer/days/d177#ai-policy,AI režim: AI sme generisati boilerplate samo ako možeš objasniti svaku liniju; business logic pišeš ti.,[]
p2174,Nedelja 26: Capstone + završni test: DevTrack,,,,f6,w26,d177,daily_completion_criterion,/course/software-engineer/days/d177#completion,Gotovo kada: CRUD + auth happy path radi.,[]
p2175,Nedelja 26: Capstone + završni test: DevTrack,190,1,1,f6,w26,d178,day_heading,/course/software-engineer/days/d178,DAN 178,[]
p2176,Nedelja 26: Capstone + završni test: DevTrack,190,1,2,f6,w26,d178,day_title,/course/software-engineer/days/d178,24.02.2027 — Backend quality,[]
p2177,Nedelja 26: Capstone + završni test: DevTrack,,,,f6,w26,d178,day_duration,/course/software-engineer/days/d178,Vreme: 120 min,[]
p2178,Nedelja 26: Capstone + završni test: DevTrack,,,,f6,w26,d178,lesson_content,/course/software-engineer/days/d178/lessons/d178-learn#study,Uči / pročitaj: Testing/security notes.,[]
p2179,Nedelja 26: Capstone + završni test: DevTrack,,,,f6,w26,d178,exercise_section,/course/software-engineer/days/d178/exercises/d178-practice,Uradi:,[]
p2180,Nedelja 26: Capstone + završni test: DevTrack,,,,f6,w26,d178,exercise_task,/course/software-engineer/days/d178/exercises/d178-practice#d178-task-01,"Validation, authorization ownership rules.",[]
p2181,Nedelja 26: Capstone + završni test: DevTrack,,,,f6,w26,d178,exercise_task,/course/software-engineer/days/d178/exercises/d178-practice#d178-task-02,Integration tests za critical endpoints.,[]
p2182,Nedelja 26: Capstone + završni test: DevTrack,,,,f6,w26,d178,exercise_task,/course/software-engineer/days/d178/exercises/d178-practice#d178-task-03,Central error handling; env config.,[]
p2183,Nedelja 26: Capstone + završni test: DevTrack,,,,f6,w26,d178,daily_ai_policy,/course/software-engineer/days/d178#ai-policy,AI režim: AI security + test reviewer.,[]
p2184,Nedelja 26: Capstone + završni test: DevTrack,,,,f6,w26,d178,daily_completion_criterion,/course/software-engineer/days/d178#completion,"Gotovo kada: Najmanje 12 backend testova, uključujući failure paths.",[]
p2185,Nedelja 26: Capstone + završni test: DevTrack,191,1,1,f6,w26,d179,day_heading,/course/software-engineer/days/d179,DAN 179,[]
p2186,Nedelja 26: Capstone + završni test: DevTrack,191,1,2,f6,w26,d179,day_title,/course/software-engineer/days/d179,25.02.2027 — Frontend core,[]
p2187,Nedelja 26: Capstone + završni test: DevTrack,,,,f6,w26,d179,day_duration,/course/software-engineer/days/d179,Vreme: 120 min,[]
p2188,Nedelja 26: Capstone + završni test: DevTrack,,,,f6,w26,d179,lesson_content,/course/software-engineer/days/d179/lessons/d179-learn#study,Uči / pročitaj: React/FSO notes.,[]
p2189,Nedelja 26: Capstone + završni test: DevTrack,,,,f6,w26,d179,exercise_section,/course/software-engineer/days/d179/exercises/d179-practice,Uradi:,[]
p2190,Nedelja 26: Capstone + završni test: DevTrack,,,,f6,w26,d179,exercise_task,/course/software-engineer/days/d179/exercises/d179-practice#d179-task-01,Login/register ili login-only ako scope zahteva.,[]
p2191,Nedelja 26: Capstone + završni test: DevTrack,,,,f6,w26,d179,exercise_task,/course/software-engineer/days/d179/exercises/d179-practice#d179-task-02,Project list/details; Task create/update/filter.,[]
p2192,Nedelja 26: Capstone + završni test: DevTrack,,,,f6,w26,d179,exercise_task,/course/software-engineer/days/d179/exercises/d179-practice#d179-task-03,Service layer i loading/error states.,[]
p2193,Nedelja 26: Capstone + završni test: DevTrack,,,,f6,w26,d179,daily_ai_policy,/course/software-engineer/days/d179#ai-policy,AI režim: AI UI architecture reviewer; business decisions tvoje.,[]
p2194,Nedelja 26: Capstone + završni test: DevTrack,,,,f6,w26,d179,daily_completion_criterion,/course/software-engineer/days/d179#completion,Gotovo kada: Core end-to-end flow radi.,[]
p2195,Nedelja 26: Capstone + završni test: DevTrack,192,1,1,f6,w26,d180,day_heading,/course/software-engineer/days/d180,DAN 180,[]
p2196,Nedelja 26: Capstone + završni test: DevTrack,192,1,2,f6,w26,d180,day_title,/course/software-engineer/days/d180,26.02.2027 — Frontend quality + E2E,[]
p2197,Nedelja 26: Capstone + završni test: DevTrack,,,,f6,w26,d180,day_duration,/course/software-engineer/days/d180,Vreme: 120 min,[]
p2198,Nedelja 26: Capstone + završni test: DevTrack,,,,f6,w26,d180,lesson_content,/course/software-engineer/days/d180/lessons/d180-learn#study,Uči / pročitaj: Testing notes.,[]
p2199,Nedelja 26: Capstone + završni test: DevTrack,,,,f6,w26,d180,exercise_section,/course/software-engineer/days/d180/exercises/d180-practice,Uradi:,[]
p2200,Nedelja 26: Capstone + završni test: DevTrack,,,,f6,w26,d180,exercise_task,/course/software-engineer/days/d180/exercises/d180-practice#d180-task-01,Component tests za 2 kritične komponente.,[]
p2201,Nedelja 26: Capstone + završni test: DevTrack,,,,f6,w26,d180,exercise_task,/course/software-engineer/days/d180/exercises/d180-practice#d180-task-02,1–2 E2E critical flows.,[]
p2202,Nedelja 26: Capstone + završni test: DevTrack,,,,f6,w26,d180,exercise_task,/course/software-engineer/days/d180/exercises/d180-practice#d180-task-03,Polish samo posle tests/bugs.,[]
p2203,Nedelja 26: Capstone + završni test: DevTrack,,,,f6,w26,d180,daily_ai_policy,/course/software-engineer/days/d180#ai-policy,AI režim: AI QA reviewer.,[]
p2204,Nedelja 26: Capstone + završni test: DevTrack,,,,f6,w26,d180,daily_completion_criterion,/course/software-engineer/days/d180#completion,Gotovo kada: Critical flow je testiran i stabilan.,[]
p2205,Nedelja 26: Capstone + završni test: DevTrack,193,1,1,f6,w26,d181,day_heading,/course/software-engineer/days/d181,DAN 181,[]
p2206,Nedelja 26: Capstone + završni test: DevTrack,193,1,2,f6,w26,d181,day_title,/course/software-engineer/days/d181,27.02.2027 — Code review + rewrite challenge,[]
p2207,Nedelja 26: Capstone + završni test: DevTrack,,,,f6,w26,d181,day_duration,/course/software-engineer/days/d181,Vreme: 180 min,[]
p2208,Nedelja 26: Capstone + završni test: DevTrack,,,,f6,w26,d181,lesson_content,/course/software-engineer/days/d181/lessons/d181-learn#study,Uči / pročitaj: Bez nove teorije.,[]
p2209,Nedelja 26: Capstone + završni test: DevTrack,,,,f6,w26,d181,exercise_section,/course/software-engineer/days/d181/exercises/d181-practice,Uradi:,[]
p2210,Nedelja 26: Capstone + završni test: DevTrack,,,,f6,w26,d181,exercise_task,/course/software-engineer/days/d181/exercises/d181-practice#d181-task-01,"Daj AI-u ceo projekat/fajlove redom za PR-style review: correctness, design, security, tests, readability.",[]
p2211,Nedelja 26: Capstone + završni test: DevTrack,,,,f6,w26,d181,exercise_task,/course/software-engineer/days/d181/exercises/d181-practice#d181-task-02,Ne prihvataj predloge slepo; za svaki accepted comment napiši zašto.,[]
p2212,Nedelja 26: Capstone + završni test: DevTrack,,,,f6,w26,d181,exercise_task,/course/software-engineer/days/d181/exercises/d181-practice#d181-task-03,"Izaberi jednu ključnu funkciju, izbriši je i napiši ponovo iz glave.",[]
p2213,Nedelja 26: Capstone + završni test: DevTrack,,,,f6,w26,d181,daily_ai_policy,/course/software-engineer/days/d181#ai-policy,"AI režim: AI je senior reviewer, ne autor projekta.",[]
p2214,Nedelja 26: Capstone + završni test: DevTrack,,,,f6,w26,d181,daily_completion_criterion,/course/software-engineer/days/d181#completion,Gotovo kada: Nema poznatih blocker bugova; možeš ponovo napisati ključni deo.,[]
p2215,Nedelja 26: Capstone + završni test: DevTrack,194,1,1,f6,w26,d182,day_heading,/course/software-engineer/days/d182,DAN 182,[]
p2216,Nedelja 26: Capstone + završni test: DevTrack,194,1,2,f6,w26,d182,day_title,/course/software-engineer/days/d182,28.02.2027 — FINALNI ISPIT — AI OFF + plan za dalje,[]
p2217,Nedelja 26: Capstone + završni test: DevTrack,,,,f6,w26,d182,day_duration,/course/software-engineer/days/d182,Vreme: 150 min,[]
p2218,Nedelja 26: Capstone + završni test: DevTrack,,,,f6,w26,d182,lesson_content,/course/software-engineer/days/d182/lessons/d182-learn#study,Uči / pročitaj: Bez resursa prvih 120 min.,[]
p2219,Nedelja 26: Capstone + završni test: DevTrack,,,,f6,w26,d182,exercise_section,/course/software-engineer/days/d182/exercises/d182-practice,Uradi:,[]
p2220,Nedelja 26: Capstone + završni test: DevTrack,,,,f6,w26,d182,exercise_task,/course/software-engineer/days/d182/exercises/d182-practice#d182-task-01,"45 min: nepoznat algorithm problem — plan, brute force, bolja verzija, tests, complexity.",[]
p2221,Nedelja 26: Capstone + završni test: DevTrack,,,,f6,w26,d182,exercise_task,/course/software-engineer/days/d182/exercises/d182-practice#d182-task-02,"45 min: design mini booking API — model, endpoints, validation, DB schema.",[]
p2222,Nedelja 26: Capstone + završni test: DevTrack,,,,f6,w26,d182,exercise_task,/course/software-engineer/days/d182/exercises/d182-practice#d182-task-03,30 min: debug unapred pripremljen ili sopstveni bug bez AI.,[]
p2223,Nedelja 26: Capstone + završni test: DevTrack,,,,f6,w26,d182,exercise_task,/course/software-engineer/days/d182/exercises/d182-practice#d182-task-04,"Posle toga napiši FINAL-RETRO.md: šta umeš sada, dokazi (projekti), 3 najveće rupe, sledećih 90 dana.",[]
p2224,Nedelja 26: Capstone + završni test: DevTrack,,,,f6,w26,d182,daily_ai_policy,/course/software-engineer/days/d182#ai-policy,AI režim: AI tek nakon ispita pravi objektivnu rubricu i predlaže sledeću fazu na osnovu tvojih artefakata.,[]
p2225,Nedelja 26: Capstone + završni test: DevTrack,,,,f6,w26,d182,daily_completion_criterion,/course/software-engineer/days/d182#completion,Gotovo kada: Možeš sam da pređeš problem→model→algoritam→kod→test→debug→refactor i da objasniš odluke.,[]
p2227,Appendix A — standard za svaki problem fajl,,,,,,,guide_content,/course/software-engineer/guide/appendix-a,Appendix A — standard za svaki problem fajl,[]
p2228,Appendix A — standard za svaki problem fajl,,,,,,,guide_content,/course/software-engineer/guide/appendix-a,"# Problem

## 1. Problem mojim rečima

## 2. Input / Output / Constraints

## 3. Examples

## 4. Edge cases

## 5. Brute-force ideja

## 6. Pseudocode

## 7. Implementation

## 8. Tests

## 9. Complexity
Time: O(?)
Space: O(?)

## 10. Šta sam naučio / gde sam zapao
",[]
p2229,Appendix B — Git standard,,,,,,,guide_content,/course/software-engineer/guide/appendix-b,Appendix B — Git standard,[]
p2230,Appendix B — Git standard,,,,,,,guide_content,/course/software-engineer/guide/appendix-b,Jedan repo programming-gym može sadržati manje vežbe; veći projekti mogu biti zasebni repozitorijumi.,[]
p2231,Appendix B — Git standard,,,,,,,guide_content,/course/software-engineer/guide/appendix-b,"Commit kada napraviš smislenu jedinicu: “add validation”, “implement winner detection”, “add API error handler” — ne “stuff”.",[]
p2232,Appendix B — Git standard,,,,,,,guide_content,/course/software-engineer/guide/appendix-b,"Pre svakog commit-a: pokreni program/testove, pročitaj git diff, ukloni secrets/debug noise.",[]
p2233,Appendix B — Git standard,,,,,,,guide_content,/course/software-engineer/guide/appendix-b,"Za svaki veći projekat README mora odgovoriti: šta radi, kako se pokreće, arhitektura, glavne odluke, known limitations.",[]
p2234,Appendix B — Git standard,,,,,,,guide_content,/course/software-engineer/guide/appendix-b,Jednom nedeljno pogledaj git log: cilj nije broj commitova nego vidljiv razvoj rešenja.,[]
p2235,Appendix C — definicija “znam koncept”,,,,,,,guide_content,/course/software-engineer/guide/appendix-c,Appendix C — definicija “znam koncept”,[]
p2236,Appendix C — definicija “znam koncept”,,,,,,,guide_content,/course/software-engineer/guide/appendix-c,Mogu da ga objasnim bez definicije napamet.,[]
p2237,Appendix C — definicija “znam koncept”,,,,,,,guide_content,/course/software-engineer/guide/appendix-c,Mogu da napišem mali primer bez gledanja.,[]
p2238,Appendix C — definicija “znam koncept”,,,,,,,guide_content,/course/software-engineer/guide/appendix-c,Mogu da prepoznam kada mi treba u nepoznatom problemu.,[]
p2239,Appendix C — definicija “znam koncept”,,,,,,,guide_content,/course/software-engineer/guide/appendix-c,Mogu da debugujem tipičnu grešku vezanu za njega.,[]
p2240,Appendix C — definicija “znam koncept”,,,,,,,guide_content,/course/software-engineer/guide/appendix-c,Mogu da navedem barem jedan trade-off/ograničenje.,[]
p2241,Appendix C — definicija “znam koncept”,,,,,,,guide_content,/course/software-engineer/guide/appendix-c,Mogu da pročitam tuđ kod koji ga koristi.,[]
p2242,Appendix C — definicija “znam koncept”,,,,,,,guide_content,/course/software-engineer/guide/appendix-c,"Ako AI napiše implementaciju, mogu da je proverim i objasnim red po red.",[]
p2243,Appendix D — mesečni scorecard,,,,,,,guide_content,/course/software-engineer/guide/appendix-d,Appendix D — mesečni scorecard,[]
p2244,Appendix D — mesečni scorecard,195,1,1,,,,scorecard_cell,/progress/scorecard#rubric,Oblast,[]
p2245,Appendix D — mesečni scorecard,195,1,2,,,,scorecard_cell,/progress/scorecard#rubric,0,[]
p2246,Appendix D — mesečni scorecard,195,1,3,,,,scorecard_cell,/progress/scorecard#rubric,1,[]
p2247,Appendix D — mesečni scorecard,195,1,4,,,,scorecard_cell,/progress/scorecard#rubric,2,[]
p2248,Appendix D — mesečni scorecard,195,1,5,,,,scorecard_cell,/progress/scorecard#rubric,3,[]
p2249,Appendix D — mesečni scorecard,195,1,6,,,,scorecard_cell,/progress/scorecard#rubric,Dokaz,[]
p2250,Appendix D — mesečni scorecard,195,2,1,,,,scorecard_cell,/progress/scorecard#rubric,Problem decomposition,[]
p2251,Appendix D — mesečni scorecard,195,2,2,,,,scorecard_cell,/progress/scorecard#rubric,Ne znam,[]
p2252,Appendix D — mesečni scorecard,195,2,3,,,,scorecard_cell,/progress/scorecard#rubric,Uz pomoć,[]
p2253,Appendix D — mesečni scorecard,195,2,4,,,,scorecard_cell,/progress/scorecard#rubric,Sam,[]
p2254,Appendix D — mesečni scorecard,195,2,5,,,,scorecard_cell,/progress/scorecard#rubric,Mogu objasniti/drugog reviewovati,[]
p2255,Appendix D — mesečni scorecard,195,2,6,,,,scorecard_cell,/progress/scorecard#rubric,link/commit/problem,[]
p2256,Appendix D — mesečni scorecard,195,3,1,,,,scorecard_cell,/progress/scorecard#rubric,JS fundamentals,[]
p2257,Appendix D — mesečni scorecard,195,3,2,,,,scorecard_cell,/progress/scorecard#rubric,Ne znam,[]
p2258,Appendix D — mesečni scorecard,195,3,3,,,,scorecard_cell,/progress/scorecard#rubric,Uz pomoć,[]
p2259,Appendix D — mesečni scorecard,195,3,4,,,,scorecard_cell,/progress/scorecard#rubric,Sam,[]
p2260,Appendix D — mesečni scorecard,195,3,5,,,,scorecard_cell,/progress/scorecard#rubric,Mogu objasniti/drugog reviewovati,[]
p2261,Appendix D — mesečni scorecard,195,3,6,,,,scorecard_cell,/progress/scorecard#rubric,link/commit/problem,[]
p2262,Appendix D — mesečni scorecard,195,4,1,,,,scorecard_cell,/progress/scorecard#rubric,Debugging,[]
p2263,Appendix D — mesečni scorecard,195,4,2,,,,scorecard_cell,/progress/scorecard#rubric,Ne znam,[]
p2264,Appendix D — mesečni scorecard,195,4,3,,,,scorecard_cell,/progress/scorecard#rubric,Uz pomoć,[]
p2265,Appendix D — mesečni scorecard,195,4,4,,,,scorecard_cell,/progress/scorecard#rubric,Sam,[]
p2266,Appendix D — mesečni scorecard,195,4,5,,,,scorecard_cell,/progress/scorecard#rubric,Mogu objasniti/drugog reviewovati,[]
p2267,Appendix D — mesečni scorecard,195,4,6,,,,scorecard_cell,/progress/scorecard#rubric,link/commit/problem,[]
p2268,Appendix D — mesečni scorecard,195,5,1,,,,scorecard_cell,/progress/scorecard#rubric,Testing,[]
p2269,Appendix D — mesečni scorecard,195,5,2,,,,scorecard_cell,/progress/scorecard#rubric,Ne znam,[]
p2270,Appendix D — mesečni scorecard,195,5,3,,,,scorecard_cell,/progress/scorecard#rubric,Uz pomoć,[]
p2271,Appendix D — mesečni scorecard,195,5,4,,,,scorecard_cell,/progress/scorecard#rubric,Sam,[]
p2272,Appendix D — mesečni scorecard,195,5,5,,,,scorecard_cell,/progress/scorecard#rubric,Mogu objasniti/drugog reviewovati,[]
p2273,Appendix D — mesečni scorecard,195,5,6,,,,scorecard_cell,/progress/scorecard#rubric,link/commit/problem,[]
p2274,Appendix D — mesečni scorecard,195,6,1,,,,scorecard_cell,/progress/scorecard#rubric,Git,[]
p2275,Appendix D — mesečni scorecard,195,6,2,,,,scorecard_cell,/progress/scorecard#rubric,Ne znam,[]
p2276,Appendix D — mesečni scorecard,195,6,3,,,,scorecard_cell,/progress/scorecard#rubric,Uz pomoć,[]
p2277,Appendix D — mesečni scorecard,195,6,4,,,,scorecard_cell,/progress/scorecard#rubric,Sam,[]
p2278,Appendix D — mesečni scorecard,195,6,5,,,,scorecard_cell,/progress/scorecard#rubric,Mogu objasniti/drugog reviewovati,[]
p2279,Appendix D — mesečni scorecard,195,6,6,,,,scorecard_cell,/progress/scorecard#rubric,link/commit/problem,[]
p2280,Appendix D — mesečni scorecard,195,7,1,,,,scorecard_cell,/progress/scorecard#rubric,Algorithms/complexity,[]
p2281,Appendix D — mesečni scorecard,195,7,2,,,,scorecard_cell,/progress/scorecard#rubric,Ne znam,[]
p2282,Appendix D — mesečni scorecard,195,7,3,,,,scorecard_cell,/progress/scorecard#rubric,Uz pomoć,[]
p2283,Appendix D — mesečni scorecard,195,7,4,,,,scorecard_cell,/progress/scorecard#rubric,Sam,[]
p2284,Appendix D — mesečni scorecard,195,7,5,,,,scorecard_cell,/progress/scorecard#rubric,Mogu objasniti/drugog reviewovati,[]
p2285,Appendix D — mesečni scorecard,195,7,6,,,,scorecard_cell,/progress/scorecard#rubric,link/commit/problem,[]
p2286,Appendix D — mesečni scorecard,195,8,1,,,,scorecard_cell,/progress/scorecard#rubric,Data structures,[]
p2287,Appendix D — mesečni scorecard,195,8,2,,,,scorecard_cell,/progress/scorecard#rubric,Ne znam,[]
p2288,Appendix D — mesečni scorecard,195,8,3,,,,scorecard_cell,/progress/scorecard#rubric,Uz pomoć,[]
p2289,Appendix D — mesečni scorecard,195,8,4,,,,scorecard_cell,/progress/scorecard#rubric,Sam,[]
p2290,Appendix D — mesečni scorecard,195,8,5,,,,scorecard_cell,/progress/scorecard#rubric,Mogu objasniti/drugog reviewovati,[]
p2291,Appendix D — mesečni scorecard,195,8,6,,,,scorecard_cell,/progress/scorecard#rubric,link/commit/problem,[]
p2292,Appendix D — mesečni scorecard,195,9,1,,,,scorecard_cell,/progress/scorecard#rubric,DOM/Browser,[]
p2293,Appendix D — mesečni scorecard,195,9,2,,,,scorecard_cell,/progress/scorecard#rubric,Ne znam,[]
p2294,Appendix D — mesečni scorecard,195,9,3,,,,scorecard_cell,/progress/scorecard#rubric,Uz pomoć,[]
p2295,Appendix D — mesečni scorecard,195,9,4,,,,scorecard_cell,/progress/scorecard#rubric,Sam,[]
p2296,Appendix D — mesečni scorecard,195,9,5,,,,scorecard_cell,/progress/scorecard#rubric,Mogu objasniti/drugog reviewovati,[]
p2297,Appendix D — mesečni scorecard,195,9,6,,,,scorecard_cell,/progress/scorecard#rubric,link/commit/problem,[]
p2298,Appendix D — mesečni scorecard,195,10,1,,,,scorecard_cell,/progress/scorecard#rubric,Async/HTTP,[]
p2299,Appendix D — mesečni scorecard,195,10,2,,,,scorecard_cell,/progress/scorecard#rubric,Ne znam,[]
p2300,Appendix D — mesečni scorecard,195,10,3,,,,scorecard_cell,/progress/scorecard#rubric,Uz pomoć,[]
p2301,Appendix D — mesečni scorecard,195,10,4,,,,scorecard_cell,/progress/scorecard#rubric,Sam,[]
p2302,Appendix D — mesečni scorecard,195,10,5,,,,scorecard_cell,/progress/scorecard#rubric,Mogu objasniti/drugog reviewovati,[]
p2303,Appendix D — mesečni scorecard,195,10,6,,,,scorecard_cell,/progress/scorecard#rubric,link/commit/problem,[]
p2304,Appendix D — mesečni scorecard,195,11,1,,,,scorecard_cell,/progress/scorecard#rubric,Backend/API,[]
p2305,Appendix D — mesečni scorecard,195,11,2,,,,scorecard_cell,/progress/scorecard#rubric,Ne znam,[]
p2306,Appendix D — mesečni scorecard,195,11,3,,,,scorecard_cell,/progress/scorecard#rubric,Uz pomoć,[]
p2307,Appendix D — mesečni scorecard,195,11,4,,,,scorecard_cell,/progress/scorecard#rubric,Sam,[]
p2308,Appendix D — mesečni scorecard,195,11,5,,,,scorecard_cell,/progress/scorecard#rubric,Mogu objasniti/drugog reviewovati,[]
p2309,Appendix D — mesečni scorecard,195,11,6,,,,scorecard_cell,/progress/scorecard#rubric,link/commit/problem,[]
p2310,Appendix D — mesečni scorecard,195,12,1,,,,scorecard_cell,/progress/scorecard#rubric,Database/SQL,[]
p2311,Appendix D — mesečni scorecard,195,12,2,,,,scorecard_cell,/progress/scorecard#rubric,Ne znam,[]
p2312,Appendix D — mesečni scorecard,195,12,3,,,,scorecard_cell,/progress/scorecard#rubric,Uz pomoć,[]
p2313,Appendix D — mesečni scorecard,195,12,4,,,,scorecard_cell,/progress/scorecard#rubric,Sam,[]
p2314,Appendix D — mesečni scorecard,195,12,5,,,,scorecard_cell,/progress/scorecard#rubric,Mogu objasniti/drugog reviewovati,[]
p2315,Appendix D — mesečni scorecard,195,12,6,,,,scorecard_cell,/progress/scorecard#rubric,link/commit/problem,[]
p2316,Appendix D — mesečni scorecard,195,13,1,,,,scorecard_cell,/progress/scorecard#rubric,React,[]
p2317,Appendix D — mesečni scorecard,195,13,2,,,,scorecard_cell,/progress/scorecard#rubric,Ne znam,[]
p2318,Appendix D — mesečni scorecard,195,13,3,,,,scorecard_cell,/progress/scorecard#rubric,Uz pomoć,[]
p2319,Appendix D — mesečni scorecard,195,13,4,,,,scorecard_cell,/progress/scorecard#rubric,Sam,[]
p2320,Appendix D — mesečni scorecard,195,13,5,,,,scorecard_cell,/progress/scorecard#rubric,Mogu objasniti/drugog reviewovati,[]
p2321,Appendix D — mesečni scorecard,195,13,6,,,,scorecard_cell,/progress/scorecard#rubric,link/commit/problem,[]
p2322,Appendix D — mesečni scorecard,195,14,1,,,,scorecard_cell,/progress/scorecard#rubric,Architecture,[]
p2323,Appendix D — mesečni scorecard,195,14,2,,,,scorecard_cell,/progress/scorecard#rubric,Ne znam,[]
p2324,Appendix D — mesečni scorecard,195,14,3,,,,scorecard_cell,/progress/scorecard#rubric,Uz pomoć,[]
p2325,Appendix D — mesečni scorecard,195,14,4,,,,scorecard_cell,/progress/scorecard#rubric,Sam,[]
p2326,Appendix D — mesečni scorecard,195,14,5,,,,scorecard_cell,/progress/scorecard#rubric,Mogu objasniti/drugog reviewovati,[]
p2327,Appendix D — mesečni scorecard,195,14,6,,,,scorecard_cell,/progress/scorecard#rubric,link/commit/problem,[]
p2328,Appendix D — mesečni scorecard,195,15,1,,,,scorecard_cell,/progress/scorecard#rubric,AI discipline,[]
p2329,Appendix D — mesečni scorecard,195,15,2,,,,scorecard_cell,/progress/scorecard#rubric,Ne znam,[]
p2330,Appendix D — mesečni scorecard,195,15,3,,,,scorecard_cell,/progress/scorecard#rubric,Uz pomoć,[]
p2331,Appendix D — mesečni scorecard,195,15,4,,,,scorecard_cell,/progress/scorecard#rubric,Sam,[]
p2332,Appendix D — mesečni scorecard,195,15,5,,,,scorecard_cell,/progress/scorecard#rubric,Mogu objasniti/drugog reviewovati,[]
p2333,Appendix D — mesečni scorecard,195,15,6,,,,scorecard_cell,/progress/scorecard#rubric,link/commit/problem,[]
p2334,Appendix E — šta radiš kada zapneš,,,,,,,guide_content,/course/software-engineer/guide/appendix-e,Appendix E — šta radiš kada zapneš,[]
p2335,Appendix E — šta radiš kada zapneš,,,,,,,guide_content,/course/software-engineer/guide/appendix-e,1. Reci tačno šta očekuješ i šta dobijaš.,[]
p2336,Appendix E — šta radiš kada zapneš,,,,,,,guide_content,/course/software-engineer/guide/appendix-e,2. Smanji problem na najmanji primer koji puca.,[]
p2337,Appendix E — šta radiš kada zapneš,,,,,,,guide_content,/course/software-engineer/guide/appendix-e,3. Ručno prati stanje promenljivih / request / DB query.,[]
p2338,Appendix E — šta radiš kada zapneš,,,,,,,guide_content,/course/software-engineer/guide/appendix-e,4. Proveri pretpostavku u dokumentaciji.,[]
p2339,Appendix E — šta radiš kada zapneš,,,,,,,guide_content,/course/software-engineer/guide/appendix-e,5. Tek sada Hint Level 1 od AI-a.,[]
p2340,Appendix E — šta radiš kada zapneš,,,,,,,guide_content,/course/software-engineer/guide/appendix-e,"6. Ako dobiješ solution na kraju: zatvori ga, napravi pauzu 10 min i napiši rešenje ponovo bez gledanja.",[]
p2341,Appendix E — šta radiš kada zapneš,,,,,,,guide_content,/course/software-engineer/guide/appendix-e,7. Sledećeg dana reši transfer problem istog koncepta.,[]
p2342,Appendix F — kada smeš da koristiš AI kao pravi productivity alat,,,,,,,guide_content,/course/software-engineer/guide/appendix-f,Appendix F — kada smeš da koristiš AI kao pravi productivity alat,[]
p2343,Appendix F — kada smeš da koristiš AI kao pravi productivity alat,196,1,1,,,,guide_content,/course/software-engineer/guide/appendix-f,"Posle mastery-ja
Kada si koncept prošao kroz najmanje dva samostalna zadatka i jedan projekatski kontekst, AI sme da generiše boilerplate, test skeleton, repetitive CRUD, config ili refactor predlog — ali pre merge-a moraš da razumeš behavior, rizike i testove. Cilj nije ručno kucanje radi kucanja; cilj je da budeš sposoban da preuzmeš kontrolu kada AI pogreši.",[]
p2345,Appendix F — kada smeš da koristiš AI kao pravi productivity alat,,,,,,,guide_content,/course/software-engineer/guide/appendix-f,"AI generiše 80 linija rutinskog mapper/DTO koda → dozvoljeno ako proveriš tipove, edge cases i testove.",[]
p2346,Appendix F — kada smeš da koristiš AI kao pravi productivity alat,,,,,,,guide_content,/course/software-engineer/guide/appendix-f,AI bira data model/auth strategiju umesto tebe → nije dozvoljeno dok učiš arhitekturu.,[]
p2347,Appendix F — kada smeš da koristiš AI kao pravi productivity alat,,,,,,,guide_content,/course/software-engineer/guide/appendix-f,AI napiše testove → pročitaj da li testovi stvarno dokazuju requirement; loš test može potvrditi loš kod.,[]
p2348,Appendix F — kada smeš da koristiš AI kao pravi productivity alat,,,,,,,guide_content,/course/software-engineer/guide/appendix-f,AI refactor → prvo traži diff/obrazloženje; ne prihvataj veliku rewrite promenu bez testova.,[]
p2349,Appendix F — kada smeš da koristiš AI kao pravi productivity alat,,,,,,,guide_content,/course/software-engineer/guide/appendix-f,"AI debugging → daj logove i hipotezu; traži da proveri hipotezu, ne “fix everything”.",[]
p2350,Appendix G — posle 28.02.2027: sledeća odluka,,,,,,,guide_content,/course/software-engineer/guide/appendix-g,Appendix G — posle 28.02.2027: sledeća odluka,[]
p2351,Appendix G — posle 28.02.2027: sledeća odluka,,,,,,,guide_content,/course/software-engineer/guide/appendix-g,"Ako želiš web/backend: nastavi Full Stack Open Part 6–7, zatim TypeScript/containers/relational DB delove koji odgovaraju cilju.",[]
p2352,Appendix G — posle 28.02.2027: sledeća odluka,,,,,,,guide_content,/course/software-engineer/guide/appendix-g,"Ako želiš jači CS/algorithms: završi preostale Odin data-structure projekte i radi strukturisan DS&A program; LeetCode koristi kao trening, ne kao curriculum.",[]
p2353,Appendix G — posle 28.02.2027: sledeća odluka,,,,,,,guide_content,/course/software-engineer/guide/appendix-g,"Ako želiš systems: produbi C, operating systems, networking i computer architecture.",[]
p2354,Appendix G — posle 28.02.2027: sledeća odluka,,,,,,,guide_content,/course/software-engineer/guide/appendix-g,"Ako želiš profesionalni portfolio: napravi još 2 capstone projekta sa različitim problemima, bez build-along tutorijala.",[]
p2355,Appendix G — posle 28.02.2027: sledeća odluka,,,,,,,guide_content,/course/software-engineer/guide/appendix-g,U svakoj grani zadrži isti loop: spec → plan → implementacija → tests → review → rewrite/transfer.,[]
p2356,Izvori i status kurikuluma (provereno 25.08.2026),,,,,,,guide_content,/course/software-engineer/guide/source-status,Izvori i status kurikuluma (provereno 25.08.2026),[]
p2357,Izvori i status kurikuluma (provereno 25.08.2026),,,,,,,guide_content,/course/software-engineer/guide/source-status,"The Odin Project Foundations: Aktuelni Foundations redosled uključuje JS basics, Problem Solving, Understanding Errors, Rock Paper Scissors, Clean Code, Loops/Arrays, DOM/Events, Etch-a-Sketch, Object Basics i Calculator. Izvor","[{""label"": ""Izvor"", ""url"": ""https://www.theodinproject.com/paths/foundations/courses/foundations"", ""anchor"": null}]"
p2358,Izvori i status kurikuluma (provereno 25.08.2026),,,,,,,guide_content,/course/software-engineer/guide/source-status,"The Odin Project JavaScript: Aktuelni JS course uključuje Library, Tic Tac Toe, Classes, ES6 Modules, npm, Webpack, Todo, async/APIs/Weather, testing, recursion, complexity i data structures/algorithms projekte. Izvor","[{""label"": ""Izvor"", ""url"": ""https://www.theodinproject.com/paths/full-stack-javascript/courses/javascript"", ""anchor"": null}]"
p2359,Izvori i status kurikuluma (provereno 25.08.2026),,,,,,,guide_content,/course/software-engineer/guide/source-status,"CS50x 2026: Aktuelne nedelje: Scratch, C, Arrays, Algorithms, Memory, Data Structures, Python, SQL, HTML/CSS/JS, Flask i završetak; kurs eksplicitno cilja algorithmic thinking i efficient problem solving. Izvor","[{""label"": ""Izvor"", ""url"": ""https://cs50.harvard.edu/x/"", ""anchor"": null}]"
p2360,Izvori i status kurikuluma (provereno 25.08.2026),,,,,,,guide_content,/course/software-engineer/guide/source-status,"Full Stack Open: Aktuelni kurs je kontinuiran (više nema striktno godišnjih verzija); fokus React + REST API/Node, uz testing, baze, auth i dodatne module. Part 0 navodi da se očekuju dobre programerske veštine, web/database osnove i Git, zbog čega je namerno kasno u ovom planu. Izvor","[{""label"": ""Izvor"", ""url"": ""https://fullstackopen.com/en/"", ""anchor"": null}]"
p2361,Izvori i status kurikuluma (provereno 25.08.2026),,,,,,,guide_content,/course/software-engineer/guide/source-status,"Exercism JavaScript: Track trenutno oglašava 159 vežbi i 37 JavaScript koncepata, besplatno. Izvor","[{""label"": ""Izvor"", ""url"": ""https://exercism.org/tracks/javascript"", ""anchor"": null}]"
p2362,Izvori i status kurikuluma (provereno 25.08.2026),,,,,,,guide_content,/course/software-engineer/guide/source-status,"MDN JavaScript Guide: Aktuelni Guide obuhvata grammar/types, control flow, loops, functions, collections, objects, classes, promises, modules i advanced topics. Izvor","[{""label"": ""Izvor"", ""url"": ""https://developer.mozilla.org/en-US/docs/Web/JavaScript/Guide"", ""anchor"": null}]"
p2363,Izvori i status kurikuluma (provereno 25.08.2026),,,,,,,guide_content,/course/software-engineer/guide/source-status,"javascript.info: Aktuelni tutorial ide od fundamentals preko objects/data types/advanced functions do promises, modules i browser tema. Izvor","[{""label"": ""Izvor"", ""url"": ""https://javascript.info/"", ""anchor"": null}]"
p2364,Izvori i status kurikuluma (provereno 25.08.2026),197,1,1,,,,closing_principle,/course/software-engineer/guide/learning-outcome,"Jedina metrika koja je bitna
Na kraju ovog programa ne pitaj “koliko kurseva sam završio?”. Pitaj: “Koliko problema mogu da razložim bez pomoći? Koliko projekata mogu da napravim iz praznog foldera? Koliko tuđeg/AI koda mogu da pročitam, testiram, osporim i popravim?” To je put od korisnika alata do software engineera.",[]
word/header1.xml,Document furniture,,,,,,,document_header_or_footer,/course/software-engineer/guide/source-status#document-metadata,SOFTWARE ENGINEER TRAINING MANUAL  |  JavaScript-first • AI-accelerated,[]
word/footer1.xml,Document furniture,,,,,,,document_header_or_footer,/course/software-engineer/guide/source-status#document-metadata,26 nedelja  •  31.08.2026–28.02.2027  •  str. ,[]
